sku_id,week_start,horizon_week,forecast_units,lower_80,upper_80,category,subcategory,unit_cost,list_price
SKU-0001,2026-09-07,1,42.189106897044915,8.162417476835252,76.21579631725459,Furnishings,Bedding,2075.95,4703.41
SKU-0002,2026-09-07,1,3.79175604028316,0.0,13.087901961797238,Small Appliances,Kitchen,4394.69,9550.02
SKU-0003,2026-09-07,1,32.922333051075206,0.0,68.04178473230925,Small Appliances,Climate,733.45,1377.32
SKU-0004,2026-09-07,1,15.696123752676861,0.0,40.01791752022217,Decor,Lighting,2961.5,6608.95
SKU-0005,2026-09-07,1,24.01543812620067,8.687028797624576,39.343847454776764,Decor,Wall Decor,1161.67,2296.45
SKU-0006,2026-09-07,1,7.663749375990562,0.0,27.799073806970767,Furnishings,Bedding,2908.79,6312.61
SKU-0007,2026-09-07,1,2.317315612643329,0.0,19.21258115163786,Decor,Cleaning,4373.42,10052.15
SKU-0008,2026-09-07,1,2.26583124789973,0.901508150245476,3.6301543455539838,Small Appliances,Climate,2196.23,3275.93
SKU-0009,2026-09-07,1,49.87263865401077,13.757246993488806,85.98803031453274,Decor,Lighting,3130.77,6754.71
SKU-0010,2026-09-07,1,3.531291602244087,0.0,16.566944850980867,Small Appliances,Cleaning,1780.39,3375.76
SKU-0011,2026-09-07,1,8.596124257757696,0.0,25.030649901538673,Small Appliances,Kitchen,741.26,1409.82
SKU-0012,2026-09-07,1,3.1189921559578178,0.0,12.603041424732435,Furnishings,Throws,2068.5,4635.6
SKU-0013,2026-09-07,1,23.800123152703147,6.017522255349682,41.58272405005661,Decor,Planters,1529.42,3426.89
SKU-0014,2026-09-07,1,3.337844261872945,0.0,19.129798171507552,Small Appliances,Climate,1425.58,2991.4
SKU-0015,2026-09-07,1,13.512336949644931,0.0,33.42738493087447,Decor,Lighting,1043.6,1520.52
SKU-0016,2026-09-07,1,2.5533727418748193,0.0,15.038979129387815,Small Appliances,Climate,3226.31,7071.08
SKU-0017,2026-09-07,1,2.332052654978306,0.0,14.61411828314829,Decor,Wall Decor,2636.96,4173.8
SKU-0018,2026-09-07,1,10.890341641935903,0.0,29.003518512141774,Furnishings,Throws,2215.14,4401.43
SKU-0019,2026-09-07,1,2.2079657237006654,0.0,15.924898463456381,Furnishings,Bedding,2921.98,5773.54
SKU-0020,2026-09-07,1,30.60592266431363,6.290906046262663,54.9209392823646,Decor,Planters,313.13,583.95
SKU-0021,2026-09-07,1,2.940815278804094,0.0,16.180139883040194,Small Appliances,Kitchen,1944.84,4396.76
SKU-0022,2026-09-07,1,4.339214858063227,0.0,25.27057249545452,Furnishings,Bedding,1395.58,2412.84
SKU-0023,2026-09-07,1,43.169806476624125,0.0,86.8820723408212,Decor,Wall Decor,2586.38,5676.34
SKU-0024,2026-09-07,1,38.02613513486394,6.961870843296833,69.09039942643105,Decor,Wall Decor,3696.57,5946.39
SKU-0025,2026-09-07,1,3.6886048745917788,0.0,11.664597254093518,Decor,Lighting,569.01,1215.54
SKU-0026,2026-09-07,1,4.80271220925873,0.0,17.63221666638351,Decor,Planters,2344.51,3738.78
SKU-0027,2026-09-07,1,5.382767204045698,0.0,19.522200668588216,Decor,Planters,2107.4,3818.55
SKU-0028,2026-09-07,1,4.491709050808155,0.0,13.105827639105769,Furnishings,Bedding,1743.03,2672.53
SKU-0029,2026-09-07,1,5.420453817742103,0.0,16.756793876030745,Decor,Lighting,4335.4,10028.44
SKU-0030,2026-09-07,1,4.287885425941323,0.0,24.923976978272957,Small Appliances,Cleaning,4366.84,9562.56
SKU-0031,2026-09-07,1,8.808042634226172,0.0,40.27386096264286,Furnishings,Bedding,2121.24,3624.41
SKU-0032,2026-09-07,1,29.794166818464294,7.704523096500065,51.88381054042853,Furnishings,Throws,2148.95,3529.1
SKU-0033,2026-09-07,1,4.128099145132856,0.0,11.452737634101634,Small Appliances,Kitchen,2682.23,4339.67
SKU-0034,2026-09-07,1,2.503658563495882,0.12422797177264355,4.883089155219121,Small Appliances,Kitchen,3288.08,6117.43
SKU-0035,2026-09-07,1,5.05037267514753,0.0,29.09434974085142,Furnishings,Throws,2703.3,5588.68
SKU-0036,2026-09-07,1,40.47768281626674,7.784003786204828,73.17136184632867,Furnishings,Bedding,359.77,690.5
SKU-0037,2026-09-07,1,3.356838007251041,0.0,14.411749470289598,Furnishings,Cushions,804.34,1245.31
SKU-0038,2026-09-07,1,2.8272043469020587,0.0,14.481490705686298,Decor,Planters,4176.52,8361.43
SKU-0039,2026-09-07,1,5.040628712793971,0.0,26.409731664175567,Decor,Wall Decor,2732.75,4021.69
SKU-0040,2026-09-07,1,0.917877156848048,0.1425902277145774,1.6931640859815187,Small Appliances,Cleaning,3561.42,5443.96
SKU-0041,2026-09-07,1,46.06349980329564,11.747428801590289,80.379570805001,Furnishings,Throws,2299.85,5383.8
SKU-0042,2026-09-07,1,4.598134829762248,0.0,23.58104960211578,Decor,Wall Decor,1333.33,2353.31
SKU-0043,2026-09-07,1,4.3639624919370785,0.0,12.817904816580793,Decor,Wall Decor,2076.1,3052.97
SKU-0044,2026-09-07,1,11.80910455101834,0.0,31.779085335795745,Small Appliances,Kitchen,785.88,1553.16
SKU-0045,2026-09-07,1,5.42959197763852,0.0,25.96112477607455,Furnishings,Cushions,3084.08,5295.9
SKU-0046,2026-09-07,1,11.278834473704602,3.0468374409106165,19.51083150649859,Decor,Planters,3500.56,5434.11
SKU-0047,2026-09-07,1,4.0052753786894675,0.0,10.463331583216368,Decor,Planters,1174.52,1744.8
SKU-0048,2026-09-07,1,11.94238398985226,4.408950187656146,19.475817792048375,Decor,Wall Decor,3764.69,8349.48
SKU-0049,2026-09-07,1,4.084281943630575,0.0,15.142700675622551,Small Appliances,Kitchen,4296.53,7417.41
SKU-0050,2026-09-07,1,16.850556926943323,0.0,39.367916436662505,Decor,Planters,4223.71,6784.87
SKU-0051,2026-09-07,1,17.68845952617551,0.0,49.975137527037745,Decor,Lighting,2059.62,4928.17
SKU-0052,2026-09-07,1,11.40802038274086,0.0,29.047756054122473,Small Appliances,Kitchen,4028.22,9259.97
SKU-0053,2026-09-07,1,4.643319973120615,1.7391218283816365,7.547518117859594,Furnishings,Throws,1544.81,3372.96
SKU-0054,2026-09-07,1,2.0990596129547905,0.0,13.67739972556651,Decor,Wall Decor,588.1,1269.97
SKU-0055,2026-09-07,1,46.313676440963114,0.0,99.67728693953964,Decor,Lighting,4227.03,7096.85
SKU-0056,2026-09-07,1,29.47800419831015,11.773535334447576,47.18247306217272,Furnishings,Cushions,842.19,1364.6
SKU-0057,2026-09-07,1,18.589053257423316,0.0,40.81127935078261,Decor,Wall Decor,3958.11,6477.89
SKU-0058,2026-09-07,1,5.987129745373347,0.0,18.640107877864597,Furnishings,Bedding,4378.29,8431.29
SKU-0059,2026-09-07,1,13.452814896385483,0.0,38.5799988840099,Decor,Lighting,240.2,400.7
SKU-0060,2026-09-07,1,23.935631282691322,9.869064263965406,38.00219830141724,Furnishings,Cushions,706.32,1363.91
SKU-0061,2026-09-07,1,11.874695365366623,0.0,23.785693117680292,Small Appliances,Climate,2690.42,4411.72
SKU-0062,2026-09-07,1,4.534672000337274,0.1911899080073738,8.878154092667174,Small Appliances,Kitchen,3372.41,5309.88
SKU-0063,2026-09-07,1,2.5659531305897003,0.0,20.65127674332925,Decor,Lighting,4187.07,7652.7
SKU-0064,2026-09-07,1,4.206854947867474,0.0,20.2793251445999,Furnishings,Cushions,3043.57,7176.26
SKU-0065,2026-09-07,1,40.887286496891136,8.066347012484947,73.70822598129732,Decor,Lighting,4175.17,6152.6
SKU-0066,2026-09-07,1,5.641782630119129,0.0,17.236856875054436,Decor,Lighting,637.48,1009.34
SKU-0067,2026-09-07,1,45.23332287290808,2.525524158786588,87.94112158702958,Small Appliances,Cleaning,4354.12,8778.95
SKU-0068,2026-09-07,1,25.502612458006997,12.440955486541368,38.564269429472624,Small Appliances,Climate,2199.09,4828.16
SKU-0069,2026-09-07,1,10.09109510354853,0.0,22.741008076563485,Small Appliances,Kitchen,651.5,1458.03
SKU-0070,2026-09-07,1,1.091086875663526,0.27915222938804807,1.9030215219390039,Small Appliances,Cleaning,2472.92,5009.43
SKU-0071,2026-09-07,1,21.989549770394085,6.388444059314372,37.590655481473796,Small Appliances,Climate,2785.42,5130.58
SKU-0072,2026-09-07,1,3.3804026483831175,0.0,18.85171528800421,Decor,Planters,2996.34,6814.03
SKU-0073,2026-09-07,1,8.939817366975856,0.0,31.260854860625194,Furnishings,Throws,1250.67,2094.66
SKU-0074,2026-09-07,1,5.626102432083738,0.0,24.165131596710022,Small Appliances,Climate,634.8,960.6
SKU-0075,2026-09-07,1,10.660115053386718,0.0,33.382768452908365,Decor,Wall Decor,811.47,1812.36
SKU-0076,2026-09-07,1,13.379710839784796,4.575245055225276,22.184176624344317,Furnishings,Bedding,4158.59,6683.92
SKU-0077,2026-09-07,1,51.10410319755187,8.949683886456846,93.2585225086469,Furnishings,Cushions,843.61,1315.79
SKU-0078,2026-09-07,1,14.290488258292504,0.0,32.22022356821896,Small Appliances,Bedding,934.45,1402.34
SKU-0079,2026-09-07,1,5.02893447704765,0.0,11.291893302909262,Decor,Wall Decor,3120.69,5691.98
SKU-0080,2026-09-07,1,39.39473779523883,9.374139265318174,69.41533632515949,Furnishings,Bedding,3960.02,8944.0
SKU-0081,2026-09-07,1,43.71903734261243,20.8967656500946,66.54130903513027,Decor,Lighting,964.07,1614.73
SKU-0082,2026-09-07,1,3.376248450695558,0.0,13.195781695004813,Furnishings,Throws,1978.25,2961.03
SKU-0083,2026-09-07,1,4.355801384393959,0.0,8.800770084571962,Furnishings,Throws,2442.61,3777.71
SKU-0084,2026-09-07,1,1.9124175602368243,0.5269409050274418,3.297894215446207,Small Appliances,Kitchen,4175.32,6447.35
SKU-0085,2026-09-07,1,6.505421999265343,0.0,24.139111111756137,Small Appliances,Climate,4079.46,9711.53
SKU-0086,2026-09-07,1,5.272488336710789,0.0,19.135649174065556,Small Appliances,Cleaning,2955.53,6472.75
SKU-0087,2026-09-07,1,3.6673046515114307,0.0,13.791142827237277,Small Appliances,Kitchen,2495.81,4838.16
SKU-0088,2026-09-07,1,37.98658475297234,15.51706625482776,60.45610325111692,Small Appliances,Climate,1843.59,3793.34
SKU-0089,2026-09-07,1,2.9784448475328547,0.0,12.229638661427822,Furnishings,Cushions,783.8,1492.34
SKU-0090,2026-09-07,1,9.554949253376979,0.0,22.323858239127897,Decor,Wall Decor,1767.65,3178.36
SKU-0091,2026-09-07,1,2.437340276849804,0.0,16.445894890615776,Small Appliances,Kitchen,1819.28,3823.14
SKU-0092,2026-09-07,1,7.926706815760685,0.0,20.34301523625747,Furnishings,Bedding,4138.62,7891.79
SKU-0093,2026-09-07,1,4.573844521596184,0.0,21.096031003834128,Small Appliances,Kitchen,2493.08,5624.72
SKU-0094,2026-09-07,1,9.160018550106152,1.8592432001820658,16.46079390003024,Decor,Lighting,2481.36,5089.94
SKU-0095,2026-09-07,1,23.31058630769034,4.288897534424642,42.33227508095604,Furnishings,Cushions,3354.74,5509.44
SKU-0096,2026-09-07,1,2.2027462679555794,0.0,12.906561658054823,Small Appliances,Cleaning,750.68,1526.63
SKU-0097,2026-09-07,1,1.5200778733678753,0.0,3.1198885130500336,Decor,Lighting,3315.09,5072.98
SKU-0098,2026-09-07,1,2.39647854665852,0.0,13.718271115958158,Small Appliances,Climate,4322.36,9556.05
SKU-0099,2026-09-07,1,34.61393492957385,13.109610333545245,56.118259525602454,Decor,Wall Decor,3560.94,7853.15
SKU-0100,2026-09-07,1,4.742161105891448,0.0,25.62343699699151,Small Appliances,Kitchen,2729.13,4203.67
SKU-0101,2026-09-07,1,4.465885976023768,0.0,17.945410839035237,Decor,Wall Decor,919.98,1827.73
SKU-0102,2026-09-07,1,3.1432721790318605,0.0,12.003716555936046,Decor,Wall Decor,2437.77,5303.92
SKU-0103,2026-09-07,1,46.728080087020174,0.0,94.01176720483726,Small Appliances,Climate,2306.1,4657.43
SKU-0104,2026-09-07,1,11.31933602982022,0.0,32.1615762528575,Small Appliances,Climate,685.89,1051.69
SKU-0105,2026-09-07,1,15.378751053984434,0.0,38.644443804719316,Decor,Wall Decor,1988.39,4345.84
SKU-0106,2026-09-07,1,20.455670473844165,0.0,51.72802232867824,Small Appliances,Climate,4060.94,8830.13
SKU-0107,2026-09-07,1,9.521087912444244,0.0,22.960997745897775,Decor,Lighting,1753.31,3066.04
SKU-0108,2026-09-07,1,3.380579360203693,0.0,23.16326427619038,Furnishings,Bedding,4224.07,7882.15
SKU-0109,2026-09-07,1,51.61715861098815,0.0,114.02096004276068,Small Appliances,Cleaning,3332.24,6582.32
SKU-0110,2026-09-07,1,2.3818224207974006,0.0,13.60384641316202,Small Appliances,Cleaning,2250.88,4068.56
SKU-0111,2026-09-07,1,2.886913002184839,0.0,13.309893529698218,Decor,Planters,3280.72,7721.62
SKU-0112,2026-09-07,1,7.557461180184569,0.0,34.98284414504453,Furnishings,Cushions,2932.16,4591.25
SKU-0113,2026-09-07,1,7.3317523917102605,0.0,15.107097434378424,Decor,Wall Decor,3143.94,4595.46
SKU-0114,2026-09-07,1,25.870660174739303,5.792230287281416,45.949090062197186,Decor,Planters,1455.95,2745.37
SKU-0115,2026-09-07,1,42.11879517242872,14.460740458972381,69.77684988588506,Furnishings,Throws,1484.33,3447.39
SKU-0116,2026-09-07,1,41.01503808319289,12.343281533085275,69.68679463330051,Small Appliances,Cleaning,4487.19,10254.31
SKU-0117,2026-09-07,1,49.151414948961225,6.99768558359802,91.30514431432442,Small Appliances,Kitchen,3795.39,5887.02
SKU-0118,2026-09-07,1,8.743000206541078,0.0,32.84778447962826,Small Appliances,Kitchen,2988.54,4590.15
SKU-0119,2026-09-07,1,32.59862671094291,13.63563990403263,51.56161351785319,Small Appliances,Climate,305.28,512.5
SKU-0120,2026-09-07,1,5.02969004489978,0.0,23.272995050155625,Furnishings,Bedding,1036.24,2399.01
SKU-0121,2026-09-07,1,37.45748768393895,14.002138790435438,60.91283657744246,Furnishings,Throws,336.22,489.25
SKU-0122,2026-09-07,1,2.7949497758100894,0.0,16.281664869696687,Furnishings,Bedding,3642.4,6106.94
SKU-0123,2026-09-07,1,6.336579373806233,0.0,13.339126332258239,Furnishings,Bedding,427.24,944.59
SKU-0124,2026-09-07,1,16.33427677839578,0.0,42.96407314333011,Small Appliances,Kitchen,3195.88,7178.21
SKU-0125,2026-09-07,1,33.53162596241139,12.021441447400306,55.04181047742247,Decor,Lighting,1051.7,1649.78
SKU-0126,2026-09-07,1,5.585678892035701,1.8571184039103619,9.314239380161041,Decor,Wall Decor,2901.65,6553.59
SKU-0127,2026-09-07,1,2.818848250359458,0.0,15.298241347421747,Decor,Lighting,3353.56,5477.67
SKU-0128,2026-09-07,1,14.648433458313725,0.0,30.305366134556614,Furnishings,Cushions,4414.48,8965.66
SKU-0129,2026-09-07,1,29.190591288120245,12.92565110102024,45.455531475220255,Decor,Lighting,2842.45,4235.91
SKU-0130,2026-09-07,1,3.949575476819241,0.0,17.98371272440321,Small Appliances,Cleaning,927.91,1426.32
SKU-0131,2026-09-07,1,4.102462722416133,0.0,18.85593123446762,Small Appliances,Kitchen,4413.72,8322.65
SKU-0132,2026-09-07,1,34.20510794786215,3.009422007306604,65.4007938884177,Small Appliances,Kitchen,2652.82,4212.34
SKU-0133,2026-09-07,1,4.964779836021001,0.06736982132231262,9.86218985071969,Furnishings,Bedding,1481.8,2962.29
SKU-0134,2026-09-07,1,7.4703979200946184,0.0,28.09051035156285,Small Appliances,Kitchen,4243.37,6751.27
SKU-0135,2026-09-07,1,3.0434078539547245,0.0,21.134091192862602,Decor,Wall Decor,1925.43,3659.2
SKU-0136,2026-09-07,1,40.836082778694276,4.8142280054906195,76.85793755189793,Furnishings,Bedding,1381.29,2402.71
SKU-0137,2026-09-07,1,3.9869382296027234,0.0,15.43137151633378,Decor,Wall Decor,2819.47,5788.08
SKU-0138,2026-09-07,1,5.574101613187094,0.0,21.343324877725646,Decor,Lighting,1120.16,2250.28
SKU-0139,2026-09-07,1,4.5287074933118765,0.0,12.688549700859216,Decor,Lighting,335.78,620.35
SKU-0140,2026-09-07,1,37.40421148863825,11.92492211506568,62.88350086221082,Decor,Lighting,2653.02,5272.83
SKU-0141,2026-09-07,1,9.363178565761254,0.0,21.087959382778713,Decor,Planters,2979.14,6166.26
SKU-0142,2026-09-07,1,4.690808032278701,0.0,12.726138302054716,Furnishings,Cushions,2552.3,4746.89
SKU-0143,2026-09-07,1,3.5366081488979364,0.0,13.147584122835111,Decor,Wall Decor,1738.04,3366.76
SKU-0144,2026-09-07,1,10.754348705973152,0.0,29.066606701627542,Small Appliances,Cleaning,4158.97,8020.37
SKU-0145,2026-09-07,1,5.61866444886462,0.0,24.515072923874836,Small Appliances,Cleaning,3635.44,6357.4
SKU-0146,2026-09-07,1,39.703323501435555,13.032057310332323,66.37458969253879,Small Appliances,Cleaning,680.5,1033.31
SKU-0147,2026-09-07,1,2.445722011064862,0.0,17.571029617110923,Small Appliances,Climate,420.05,721.05
SKU-0148,2026-09-07,1,9.411510706352134,0.0,25.16720290588404,Decor,Wall Decor,1536.02,3310.98
SKU-0149,2026-09-07,1,4.657037940973469,0.0,15.06233108647336,Small Appliances,Kitchen,3753.39,8496.63
SKU-0150,2026-09-07,1,5.938494826190541,0.0,20.946694872800173,Decor,Planters,2775.63,4340.22
SKU-0151,2026-09-07,1,27.60753442701331,6.534004773179667,48.68106408084695,Decor,Wall Decor,4320.41,10350.37
SKU-0152,2026-09-07,1,19.416798572103406,0.0,53.482214236361756,Small Appliances,Cleaning,3150.71,6679.93
SKU-0153,2026-09-07,1,6.0381378760611835,0.3256712848054395,11.750604467316927,Small Appliances,Cleaning,2948.64,4305.58
SKU-0154,2026-09-07,1,29.033772153227027,11.530312343079668,46.53723196337438,Furnishings,Bedding,887.41,1426.61
SKU-0155,2026-09-07,1,2.9556825954963686,0.0,19.12437438187291,Decor,Planters,4453.05,8808.89
SKU-0156,2026-09-07,1,3.2568532042924216,0.0,21.980603397610402,Small Appliances,Climate,791.69,1485.08
SKU-0157,2026-09-07,1,9.614554753849916,0.0,23.404092336581332,Small Appliances,Cleaning,525.81,1139.73
SKU-0158,2026-09-07,1,20.364705911064508,0.0,49.8318608687759,Decor,Wall Decor,830.91,1347.64
SKU-0159,2026-09-07,1,1.4578281389862706,0.0,3.087656604930576,Furnishings,Bedding,372.88,623.16
SKU-0160,2026-09-07,1,29.605346639422994,5.439506990919991,53.771186287926,Furnishings,Cushions,2713.44,5206.08
SKU-0161,2026-09-07,1,14.972304568023068,0.0,38.20922764494615,Decor,Cushions,1232.64,2775.18
SKU-0162,2026-09-07,1,1.4687485137193836,0.0,2.942385884510351,Decor,Wall Decor,3075.28,6687.99
SKU-0163,2026-09-07,1,5.954966537267096,0.0,24.760347109367693,Decor,Lighting,1763.75,3461.45
SKU-0164,2026-09-07,1,1.9137710381139916,0.0,18.83197341300102,Decor,Planters,2264.71,4937.51
SKU-0165,2026-09-07,1,3.11939000724207,0.0,14.485622150573239,Small Appliances,Climate,2360.7,5462.84
SKU-0166,2026-09-07,1,5.213099465934934,0.0,15.963007405543493,Decor,Lighting,1651.35,3176.99
SKU-0167,2026-09-07,1,13.922414626623977,0.0,40.16975665041011,Small Appliances,Cleaning,633.51,1158.45
SKU-0168,2026-09-07,1,3.4717856194418766,0.0,19.528565344776872,Small Appliances,Cleaning,946.83,1677.7
SKU-0169,2026-09-07,1,5.78685423842895,0.0,19.262782547342674,Furnishings,Cushions,287.24,669.58
SKU-0170,2026-09-07,1,10.079354105454161,0.0,20.184981338592536,Decor,Wall Decor,2765.42,4029.08
SKU-0171,2026-09-07,1,9.652251145940674,0.0,28.164591504796714,Decor,Lighting,3217.1,6601.75
SKU-0172,2026-09-07,1,3.3206776453344187,0.0,11.485270853114015,Small Appliances,Climate,2242.83,4874.48
SKU-0173,2026-09-07,1,13.939980452319455,0.0,39.047093567810904,Decor,Planters,3293.41,7789.08
SKU-0174,2026-09-07,1,46.63110936425523,16.63829602387307,76.6239227046374,Small Appliances,Cleaning,672.93,1443.97
SKU-0175,2026-09-07,1,18.694873004634772,0.0,43.95519940673869,Small Appliances,Cleaning,2569.41,5322.27
SKU-0176,2026-09-07,1,4.405305655518668,0.0,9.182466308597592,Small Appliances,Kitchen,1425.15,3059.89
SKU-0177,2026-09-07,1,3.466386631205663,0.0,18.773910402987585,Small Appliances,Climate,1676.85,2628.76
SKU-0178,2026-09-07,1,6.165522238273909,0.7029030602583246,11.628141416289495,Furnishings,Throws,2295.5,5477.67
SKU-0179,2026-09-07,1,24.085231205648974,5.867983899640194,42.30247851165775,Small Appliances,Cleaning,4404.6,8108.86
SKU-0180,2026-09-07,1,3.625207239971301,0.0,17.785879841253703,Small Appliances,Cleaning,2579.59,5705.94
SKU-0001,2026-09-14,2,46.601920877570414,11.452892692280685,81.75094906286014,Furnishings,Bedding,2075.95,4703.41
SKU-0002,2026-09-14,2,4.044732039446061,0.0,14.796136494265703,Small Appliances,Kitchen,4394.69,9550.02
SKU-0003,2026-09-14,2,36.56804300961706,0.7447688887919313,72.39131713044219,Small Appliances,Climate,733.45,1377.32
SKU-0004,2026-09-14,2,27.554425174607534,0.0,55.48399630999775,Decor,Lighting,2961.5,6608.95
SKU-0005,2026-09-14,2,29.63017849525099,13.569586268033373,45.69077072246861,Decor,Wall Decor,1161.67,2296.45
SKU-0006,2026-09-14,2,21.4110551208789,0.0,46.19866527714986,Furnishings,Bedding,2908.79,6312.61
SKU-0007,2026-09-14,2,1.14607668742895,0.0,19.959612603798668,Decor,Cleaning,4373.42,10052.15
SKU-0008,2026-09-14,2,1.8462646023023292,0.6247408988441199,3.067788305760539,Small Appliances,Climate,2196.23,3275.93
SKU-0009,2026-09-14,2,61.01808378583714,22.03430412499697,100.0018634466773,Decor,Lighting,3130.77,6754.71
SKU-0010,2026-09-14,2,2.2919922043614207,0.0,16.80891159368985,Small Appliances,Cleaning,1780.39,3375.76
SKU-0011,2026-09-14,2,22.441428448861913,2.557030506886896,42.32582639083693,Small Appliances,Kitchen,741.26,1409.82
SKU-0012,2026-09-14,2,2.5837299852116504,0.0,13.2674497671405,Furnishings,Throws,2068.5,4635.6
SKU-0013,2026-09-14,2,28.383715056234195,9.718141575041649,47.04928853742674,Decor,Planters,1529.42,3426.89
SKU-0014,2026-09-14,2,1.9299759416466151,0.0,19.142355004009293,Small Appliances,Climate,1425.58,2991.4
SKU-0015,2026-09-14,2,27.682061528647164,4.699140290126024,50.664982767168304,Decor,Lighting,1043.6,1520.52
SKU-0016,2026-09-14,2,2.100444224811805,0.0,17.140726238125104,Small Appliances,Climate,3226.31,7071.08
SKU-0017,2026-09-14,2,1.7913776092125333,0.0,16.607604695611844,Decor,Wall Decor,2636.96,4173.8
SKU-0018,2026-09-14,2,20.770078215726006,0.7925059110252768,40.74765052042673,Furnishings,Throws,2215.14,4401.43
SKU-0019,2026-09-14,2,1.2110165171632266,0.0,17.471062493115024,Furnishings,Bedding,2921.98,5773.54
SKU-0020,2026-09-14,2,31.996877672477556,6.536862855783241,57.45689248917187,Decor,Planters,313.13,583.95
SKU-0021,2026-09-14,2,1.848713223610215,0.0,16.354640910624745,Small Appliances,Kitchen,1944.84,4396.76
SKU-0022,2026-09-14,2,3.8702821411478823,0.0,28.55460242553398,Furnishings,Bedding,1395.58,2412.84
SKU-0023,2026-09-14,2,51.363981788341995,4.277015063439414,98.45094851324458,Decor,Wall Decor,2586.38,5676.34
SKU-0024,2026-09-14,2,42.75808641577464,10.140215025738335,75.37595780581094,Decor,Wall Decor,3696.57,5946.39
SKU-0025,2026-09-14,2,3.6054097327777743,0.0,12.438344006101032,Decor,Lighting,569.01,1215.54
SKU-0026,2026-09-14,2,5.9544719939551705,0.0,21.175752668345094,Decor,Planters,2344.51,3738.78
SKU-0027,2026-09-14,2,6.332000211706581,0.0,22.89030850210006,Decor,Planters,2107.4,3818.55
SKU-0028,2026-09-14,2,3.9297557620522605,0.0,13.325590249690855,Furnishings,Bedding,1743.03,2672.53
SKU-0029,2026-09-14,2,7.169972826440016,0.0,19.090385744816096,Decor,Lighting,4335.4,10028.44
SKU-0030,2026-09-14,2,3.5786768396449378,0.0,27.589094911820013,Small Appliances,Cleaning,4366.84,9562.56
SKU-0031,2026-09-14,2,21.83451288391931,0.0,57.85138779227567,Furnishings,Bedding,2121.24,3624.41
SKU-0032,2026-09-14,2,30.232701188393634,8.36519665463545,52.10020572215181,Furnishings,Throws,2148.95,3529.1
SKU-0033,2026-09-14,2,3.299424549350695,0.0,11.287511484247055,Small Appliances,Kitchen,2682.23,4339.67
SKU-0034,2026-09-14,2,2.264050520623454,0.0,4.651720254145259,Small Appliances,Kitchen,3288.08,6117.43
SKU-0035,2026-09-14,2,6.942212983074619,0.0,36.122929943942374,Furnishings,Throws,2703.3,5588.68
SKU-0036,2026-09-14,2,43.62512115449558,8.672181058118909,78.57806125087225,Furnishings,Bedding,359.77,690.5
SKU-0037,2026-09-14,2,2.1464626360879877,0.0,15.235435185773953,Furnishings,Cushions,804.34,1245.31
SKU-0038,2026-09-14,2,1.7791985155268468,0.0,13.081225151747496,Decor,Planters,4176.52,8361.43
SKU-0039,2026-09-14,2,7.559550000197739,0.0,33.308856102840885,Decor,Wall Decor,2732.75,4021.69
SKU-0040,2026-09-14,2,1.2585798476344632,0.5244753325173526,1.9926843627515738,Small Appliances,Cleaning,3561.42,5443.96
SKU-0041,2026-09-14,2,49.82413353781968,13.042203383096421,86.60606369254293,Furnishings,Throws,2299.85,5383.8
SKU-0042,2026-09-14,2,7.066097274323725,0.0,30.08001595573129,Decor,Wall Decor,1333.33,2353.31
SKU-0043,2026-09-14,2,3.6975472960765234,0.0,13.194517792539987,Decor,Wall Decor,2076.1,3052.97
SKU-0044,2026-09-14,2,18.39167539495407,0.0,38.97318497448222,Small Appliances,Kitchen,785.88,1553.16
SKU-0045,2026-09-14,2,6.6942858915905346,0.0,31.088652120359185,Furnishings,Cushions,3084.08,5295.9
SKU-0046,2026-09-14,2,19.86411639726621,11.10420262867179,28.624030165860628,Decor,Planters,3500.56,5434.11
SKU-0047,2026-09-14,2,3.736487647401296,0.0,11.358478474998888,Decor,Planters,1174.52,1744.8
SKU-0048,2026-09-14,2,13.213703214869572,5.605315041534773,20.82209138820437,Decor,Wall Decor,3764.69,8349.48
SKU-0049,2026-09-14,2,2.7829525573310003,0.0,16.32540318560282,Small Appliances,Kitchen,4296.53,7417.41
SKU-0050,2026-09-14,2,32.068476450924265,6.155003800468396,57.98194910138014,Decor,Planters,4223.71,6784.87
SKU-0051,2026-09-14,2,29.03309709763538,0.0,64.90447339147741,Decor,Lighting,2059.62,4928.17
SKU-0052,2026-09-14,2,21.36717314552448,1.4666721637393856,41.267674127309576,Small Appliances,Kitchen,4028.22,9259.97
SKU-0053,2026-09-14,2,3.449011875121651,0.5714745883982424,6.32654916184506,Furnishings,Throws,1544.81,3372.96
SKU-0054,2026-09-14,2,1.8740610317064696,0.0,15.754773742299168,Decor,Wall Decor,588.1,1269.97
SKU-0055,2026-09-14,2,56.39817100955546,0.0,114.35411231550236,Decor,Lighting,4227.03,7096.85
SKU-0056,2026-09-14,2,30.82325302146763,13.520683282960391,48.12582275997487,Furnishings,Cushions,842.19,1364.6
SKU-0057,2026-09-14,2,33.573061793431066,7.9683384925284955,59.177785094333636,Decor,Wall Decor,3958.11,6477.89
SKU-0058,2026-09-14,2,7.007296790438138,0.0,22.77059488430745,Furnishings,Bedding,4378.29,8431.29
SKU-0059,2026-09-14,2,26.41028575559105,0.0,54.61615073083147,Decor,Lighting,240.2,400.7
SKU-0060,2026-09-14,2,27.466287561212596,12.992188327589027,41.940386794836165,Furnishings,Cushions,706.32,1363.91
SKU-0061,2026-09-14,2,15.415585903832259,2.7446023661385013,28.086569441526017,Small Appliances,Climate,2690.42,4411.72
SKU-0062,2026-09-14,2,4.725910223980696,0.5472962686745948,8.904524179286797,Small Appliances,Kitchen,3372.41,5309.88
SKU-0063,2026-09-14,2,1.8563599236086186,0.0,22.140467934841006,Decor,Lighting,4187.07,7652.7
SKU-0064,2026-09-14,2,4.116004504252596,0.0,22.42239827400474,Furnishings,Cushions,3043.57,7176.26
SKU-0065,2026-09-14,2,49.01287483275931,13.644042731230087,84.38170693428853,Decor,Lighting,4175.17,6152.6
SKU-0066,2026-09-14,2,6.880308068856264,0.0,19.076016677049875,Decor,Lighting,637.48,1009.34
SKU-0067,2026-09-14,2,54.95014099797151,9.744898632587073,100.15538336335595,Small Appliances,Cleaning,4354.12,8778.95
SKU-0068,2026-09-14,2,27.536001473563857,14.247913503879378,40.82408944324834,Small Appliances,Climate,2199.09,4828.16
SKU-0069,2026-09-14,2,19.356519927590526,4.656733825609461,34.05630602957159,Small Appliances,Kitchen,651.5,1458.03
SKU-0070,2026-09-14,2,1.1445772982498823,0.3385721392215921,1.9505824572781725,Small Appliances,Cleaning,2472.92,5009.43
SKU-0071,2026-09-14,2,23.769875660113904,7.973641898979215,39.56610942124859,Small Appliances,Climate,2785.42,5130.58
SKU-0072,2026-09-14,2,1.3786342242522673,0.0,18.1998704559524,Decor,Planters,2996.34,6814.03
SKU-0073,2026-09-14,2,21.7016391353905,0.0,47.42309798472999,Furnishings,Throws,1250.67,2094.66
SKU-0074,2026-09-14,2,7.1358009522828,0.0,29.160397611385378,Small Appliances,Climate,634.8,960.6
SKU-0075,2026-09-14,2,19.85160318049218,0.0,44.95145181896042,Decor,Wall Decor,811.47,1812.36
SKU-0076,2026-09-14,2,19.234920644899606,9.810401345451167,28.659439944348044,Furnishings,Bedding,4158.59,6683.92
SKU-0077,2026-09-14,2,63.1852876666369,17.4395833775843,108.9309919556895,Furnishings,Cushions,843.61,1315.79
SKU-0078,2026-09-14,2,28.6390752795802,8.559152273456135,48.71899828570427,Small Appliances,Bedding,934.45,1402.34
SKU-0079,2026-09-14,2,7.802807740266619,0.7524546873960754,14.853160793137164,Decor,Wall Decor,3120.69,5691.98
SKU-0080,2026-09-14,2,41.22822177014567,9.539192878812063,72.91725066147929,Furnishings,Bedding,3960.02,8944.0
SKU-0081,2026-09-14,2,49.14739694797079,25.12902744722907,73.1657664487125,Decor,Lighting,964.07,1614.73
SKU-0082,2026-09-14,2,2.10377399230004,0.0,13.207129518052627,Furnishings,Throws,1978.25,2961.03
SKU-0083,2026-09-14,2,4.478485109423821,0.0,9.235284785102944,Furnishings,Throws,2442.61,3777.71
SKU-0084,2026-09-14,2,1.2168677413320887,0.0,2.5989852980245667,Small Appliances,Kitchen,4175.32,6447.35
SKU-0085,2026-09-14,2,19.409573631211487,0.0,40.71192881522485,Small Appliances,Climate,4079.46,9711.53
SKU-0086,2026-09-14,2,7.790724991962328,0.0,22.982169858132963,Small Appliances,Cleaning,2955.53,6472.75
SKU-0087,2026-09-14,2,2.775463510064159,0.0,14.903307871177216,Small Appliances,Kitchen,2495.81,4838.16
SKU-0088,2026-09-14,2,41.50956354511136,17.95339461197809,65.06573247824463,Small Appliances,Climate,1843.59,3793.34
SKU-0089,2026-09-14,2,2.7435022993263516,0.0,12.960643853851645,Furnishings,Cushions,783.8,1492.34
SKU-0090,2026-09-14,2,16.269847727341467,1.7900845395756377,30.749610915107297,Decor,Wall Decor,1767.65,3178.36
SKU-0091,2026-09-14,2,1.179946821995352,0.0,17.671086059858915,Small Appliances,Kitchen,1819.28,3823.14
SKU-0092,2026-09-14,2,13.725288739021966,0.0,27.511608668823396,Furnishings,Bedding,4138.62,7891.79
SKU-0093,2026-09-14,2,6.88116267271576,0.0,26.296637827536554,Small Appliances,Kitchen,2493.08,5624.72
SKU-0094,2026-09-14,2,14.534593796165343,6.580325753838989,22.488861838491697,Decor,Lighting,2481.36,5089.94
SKU-0095,2026-09-14,2,25.73659205310167,6.7023443900246455,44.7708397161787,Furnishings,Cushions,3354.74,5509.44
SKU-0096,2026-09-14,2,2.2224024247290517,0.0,14.238184517178745,Small Appliances,Cleaning,750.68,1526.63
SKU-0097,2026-09-14,2,1.3191939982158245,0.0,2.918654247698269,Decor,Lighting,3315.09,5072.98
SKU-0098,2026-09-14,2,1.4526664735561028,0.0,15.06880548702609,Small Appliances,Climate,4322.36,9556.05
SKU-0099,2026-09-14,2,36.77818199360145,14.50076317750278,59.055600809700124,Decor,Wall Decor,3560.94,7853.15
SKU-0100,2026-09-14,2,6.560150088438189,0.0,31.007808331959136,Small Appliances,Kitchen,2729.13,4203.67
SKU-0101,2026-09-14,2,3.5776932897445217,0.0,18.416697253360805,Decor,Wall Decor,919.98,1827.73
SKU-0102,2026-09-14,2,1.8899761408756763,0.0,11.81533005637111,Decor,Wall Decor,2437.77,5303.92
SKU-0103,2026-09-14,2,54.83310968647657,4.593992723945739,105.0722266490074,Small Appliances,Climate,2306.1,4657.43
SKU-0104,2026-09-14,2,21.456146144917223,0.0,44.74410367080783,Small Appliances,Climate,685.89,1051.69
SKU-0105,2026-09-14,2,27.68661686397321,2.302907508136407,53.07032621981001,Decor,Wall Decor,1988.39,4345.84
SKU-0106,2026-09-14,2,35.094237679085644,0.0,70.66454810049379,Small Appliances,Climate,4060.94,8830.13
SKU-0107,2026-09-14,2,17.674880886661132,2.5957800791483407,32.75398169417392,Decor,Lighting,1753.31,3066.04
SKU-0108,2026-09-14,2,1.9299581661131489,0.0,24.80291514438012,Furnishings,Bedding,4224.07,7882.15
SKU-0109,2026-09-14,2,71.90999422669306,0.08156569965188964,143.73842275373423,Small Appliances,Cleaning,3332.24,6582.32
SKU-0110,2026-09-14,2,1.509366592253608,0.0,14.86178945697588,Small Appliances,Cleaning,2250.88,4068.56
SKU-0111,2026-09-14,2,1.7615284998021308,0.0,12.758558973475832,Decor,Planters,3280.72,7721.62
SKU-0112,2026-09-14,2,21.237076281973167,0.0,52.092328859537005,Furnishings,Cushions,2932.16,4591.25
SKU-0113,2026-09-14,2,11.32191624228657,3.156364397664184,19.487468086908954,Decor,Wall Decor,3143.94,4595.46
SKU-0114,2026-09-14,2,28.44245850398895,7.123398782992329,49.761518224985565,Decor,Planters,1455.95,2745.37
SKU-0115,2026-09-14,2,46.24129631591651,18.01232899405478,74.47026363777823,Furnishings,Throws,1484.33,3447.39
SKU-0116,2026-09-14,2,45.68267523838231,15.83560007153276,75.52975040523185,Small Appliances,Cleaning,4487.19,10254.31
SKU-0117,2026-09-14,2,59.499043954089025,13.971206072007845,105.0268818361702,Small Appliances,Kitchen,3795.39,5887.02
SKU-0118,2026-09-14,2,21.725749165385903,0.0,49.351432096444256,Small Appliances,Kitchen,2988.54,4590.15
SKU-0119,2026-09-14,2,36.23897531902736,16.265558562139564,56.21239207591516,Small Appliances,Climate,305.28,512.5
SKU-0120,2026-09-14,2,7.049736857212272,0.0,29.78169511127185,Furnishings,Bedding,1036.24,2399.01
SKU-0121,2026-09-14,2,38.959412384218915,14.640841029985545,63.277983738452285,Furnishings,Throws,336.22,489.25
SKU-0122,2026-09-14,2,1.9178023819770733,0.0,18.189937293256403,Furnishings,Bedding,3642.4,6106.94
SKU-0123,2026-09-14,2,9.351688966404057,1.5751792882409816,17.12819864456713,Furnishings,Bedding,427.24,944.59
SKU-0124,2026-09-14,2,29.151892740730677,0.0,58.39688011246894,Small Appliances,Kitchen,3195.88,7178.21
SKU-0125,2026-09-14,2,35.18675037467437,12.922102284680296,57.45139846466844,Decor,Lighting,1051.7,1649.78
SKU-0126,2026-09-14,2,4.45897084409434,0.7023554755780559,8.215586212610624,Decor,Wall Decor,2901.65,6553.59
SKU-0127,2026-09-14,2,2.1093299924210287,0.0,16.686972896102525,Decor,Lighting,3353.56,5477.67
SKU-0128,2026-09-14,2,27.20195702353118,9.82526898746363,44.57864505959873,Furnishings,Cushions,4414.48,8965.66
SKU-0129,2026-09-14,2,30.157267261383517,13.78820134067141,46.52633318209563,Decor,Lighting,2842.45,4235.91
SKU-0130,2026-09-14,2,3.346425954901973,0.0,20.679638174234956,Small Appliances,Cleaning,927.91,1426.32
SKU-0131,2026-09-14,2,3.8215896635307804,0.0,22.087104592357257,Small Appliances,Kitchen,4413.72,8322.65
SKU-0132,2026-09-14,2,37.96419939422856,5.530293598337735,70.39810519011938,Small Appliances,Kitchen,2652.82,4212.34
SKU-0133,2026-09-14,2,5.139285394200134,0.07527465070201078,10.203296137698256,Furnishings,Bedding,1481.8,2962.29
SKU-0134,2026-09-14,2,21.068223953627907,0.0,43.52133987564852,Small Appliances,Kitchen,4243.37,6751.27
SKU-0135,2026-09-14,2,1.6758182704616413,0.0,22.201003033199108,Decor,Wall Decor,1925.43,3659.2
SKU-0136,2026-09-14,2,47.18698856964079,8.449820401810655,85.92415673747092,Furnishings,Bedding,1381.29,2402.71
SKU-0137,2026-09-14,2,4.208995663296799,0.0,15.676255535362873,Decor,Wall Decor,2819.47,5788.08
SKU-0138,2026-09-14,2,6.506111047183477,0.0,25.580921509502367,Decor,Lighting,1120.16,2250.28
SKU-0139,2026-09-14,2,7.210612890939764,0.0,16.08244719211241,Decor,Lighting,335.78,620.35
SKU-0140,2026-09-14,2,39.32697253885752,12.566679166010932,66.08726591170411,Decor,Lighting,2653.02,5272.83
SKU-0141,2026-09-14,2,16.950252759533075,3.030748738191125,30.869756780875026,Decor,Planters,2979.14,6166.26
SKU-0142,2026-09-14,2,7.876370567696424,0.0,16.527717241520865,Furnishings,Cushions,2552.3,4746.89
SKU-0143,2026-09-14,2,3.561052090828637,0.0,14.469496668743082,Decor,Wall Decor,1738.04,3366.76
SKU-0144,2026-09-14,2,21.830636509937996,0.9883847561004053,42.67288826377559,Small Appliances,Cleaning,4158.97,8020.37
SKU-0145,2026-09-14,2,9.589282192781184,0.0,31.408920144512713,Small Appliances,Cleaning,3635.44,6357.4
SKU-0146,2026-09-14,2,37.99146395362716,10.70362939763297,65.27929850962136,Small Appliances,Cleaning,680.5,1033.31
SKU-0147,2026-09-14,2,1.557020190262149,0.0,19.30031597532884,Small Appliances,Climate,420.05,721.05
SKU-0148,2026-09-14,2,17.771375186993833,0.0,35.842618806845906,Decor,Wall Decor,1536.02,3310.98
SKU-0149,2026-09-14,2,5.961586826766674,0.0,18.606498270216765,Small Appliances,Kitchen,3753.39,8496.63
SKU-0150,2026-09-14,2,6.219124567307011,0.0,23.912400257524176,Decor,Planters,2775.63,4340.22
SKU-0151,2026-09-14,2,31.46309083215407,9.289197797480423,53.63698386682772,Decor,Wall Decor,4320.41,10350.37
SKU-0152,2026-09-14,2,33.8131279723155,0.0,71.98225976684162,Small Appliances,Cleaning,3150.71,6679.93
SKU-0153,2026-09-14,2,5.690544536418069,0.0,11.524155908460902,Small Appliances,Cleaning,2948.64,4305.58
SKU-0154,2026-09-14,2,30.527731228077425,12.64530694089536,48.41015551525949,Furnishings,Bedding,887.41,1426.61
SKU-0155,2026-09-14,2,1.6267859704216938,0.0,20.6411852224007,Decor,Planters,4453.05,8808.89
SKU-0156,2026-09-14,2,2.1514470842377507,0.0,23.991184821965202,Small Appliances,Climate,791.69,1485.08
SKU-0157,2026-09-14,2,16.404898525834202,1.811905163249481,30.997891888418923,Small Appliances,Cleaning,525.81,1139.73
SKU-0158,2026-09-14,2,37.07374502970644,3.566932853986927,70.58055720542595,Decor,Wall Decor,830.91,1347.64
SKU-0159,2026-09-14,2,1.2893157448775288,0.0,2.8368271390706177,Furnishings,Bedding,372.88,623.16
SKU-0160,2026-09-14,2,29.943231661905383,4.896583321997056,54.98988000181371,Furnishings,Cushions,2713.44,5206.08
SKU-0161,2026-09-14,2,27.832124155059102,1.4351480876582734,54.229100222459934,Decor,Cushions,1232.64,2775.18
SKU-0162,2026-09-14,2,1.1692412157677998,0.0,2.530493709784508,Decor,Wall Decor,3075.28,6687.99
SKU-0163,2026-09-14,2,7.404596224652303,0.0,28.9773327062785,Decor,Lighting,1763.75,3461.45
SKU-0164,2026-09-14,2,1.7982727278517983,0.0,20.717727441527618,Decor,Planters,2264.71,4937.51
SKU-0165,2026-09-14,2,1.3203653856229587,0.0,15.02687166281275,Small Appliances,Climate,2360.7,5462.84
SKU-0166,2026-09-14,2,5.951628487368291,0.0,18.732155716344867,Decor,Lighting,1651.35,3176.99
SKU-0167,2026-09-14,2,28.076416887761518,0.0,57.56220587629416,Small Appliances,Cleaning,633.51,1158.45
SKU-0168,2026-09-14,2,1.8515069404791957,0.0,20.715895730568928,Small Appliances,Cleaning,946.83,1677.7
SKU-0169,2026-09-14,2,6.382833316449872,0.0,22.56498837341327,Furnishings,Cushions,287.24,669.58
SKU-0170,2026-09-14,2,16.66453711302423,6.718096234841267,26.610977991207193,Decor,Wall Decor,2765.42,4029.08
SKU-0171,2026-09-14,2,16.590151287598655,0.0,36.94084484776022,Decor,Lighting,3217.1,6601.75
SKU-0172,2026-09-14,2,1.912962144848469,0.0,11.478084084472918,Small Appliances,Climate,2242.83,4874.48
SKU-0173,2026-09-14,2,28.551358787869837,0.0,57.23403850753803,Decor,Planters,3293.41,7789.08
SKU-0174,2026-09-14,2,53.1349656670619,20.813439454927355,85.45649187919645,Small Appliances,Cleaning,672.93,1443.97
SKU-0175,2026-09-14,2,37.71644323301768,9.874129875830995,65.55875659020435,Small Appliances,Cleaning,2569.41,5322.27
SKU-0176,2026-09-14,2,3.61285365039442,0.0,8.943449180207585,Small Appliances,Kitchen,1425.15,3059.89
SKU-0177,2026-09-14,2,1.3732756553750705,0.0,19.037833172924355,Small Appliances,Climate,1676.85,2628.76
SKU-0178,2026-09-14,2,8.783624360093722,2.752605822231244,14.8146428979562,Furnishings,Throws,2295.5,5477.67
SKU-0179,2026-09-14,2,26.41409230976598,7.959445755787534,44.868738863744426,Small Appliances,Cleaning,4404.6,8108.86
SKU-0180,2026-09-14,2,3.7271955036097957,0.0,20.204305078877105,Small Appliances,Cleaning,2579.59,5705.94
SKU-0001,2026-09-21,3,47.587882767281705,19.141661468912385,76.03410406565102,Furnishings,Bedding,2075.95,4703.41
SKU-0002,2026-09-21,3,3.0420768972093546,0.0,13.902869303046373,Small Appliances,Kitchen,4394.69,9550.02
SKU-0003,2026-09-21,3,35.419737778050056,5.513411835206597,65.32606372089352,Small Appliances,Climate,733.45,1377.32
SKU-0004,2026-09-21,3,30.65211636104098,4.039484305092184,57.264748416989775,Decor,Lighting,2961.5,6608.95
SKU-0005,2026-09-21,3,30.039611554946624,14.62089784568244,45.458325264210806,Decor,Wall Decor,1161.67,2296.45
SKU-0006,2026-09-21,3,29.19238704022126,3.962114333231675,54.422659747210844,Furnishings,Bedding,2908.79,6312.61
SKU-0007,2026-09-21,3,1.6710088161590924,0.0,17.62744703724609,Decor,Cleaning,4373.42,10052.15
SKU-0008,2026-09-21,3,2.333429719809782,1.1542010567350391,3.512658382884525,Small Appliances,Climate,2196.23,3275.93
SKU-0009,2026-09-21,3,68.30331377102426,30.404637500441666,106.20199004160686,Decor,Lighting,3130.77,6754.71
SKU-0010,2026-09-21,3,2.0996789282711914,0.0,15.65047682102729,Small Appliances,Cleaning,1780.39,3375.76
SKU-0011,2026-09-21,3,26.879726870019606,6.895456215864858,46.86399752417435,Small Appliances,Kitchen,741.26,1409.82
SKU-0012,2026-09-21,3,2.049975194883392,0.0,12.567807395773482,Furnishings,Throws,2068.5,4635.6
SKU-0013,2026-09-21,3,29.20823888539736,13.865738142546464,44.55073962824826,Decor,Planters,1529.42,3426.89
SKU-0014,2026-09-21,3,1.3266358192391017,0.0,15.755292036894565,Small Appliances,Climate,1425.58,2991.4
SKU-0015,2026-09-21,3,29.54141215980562,6.463793991820076,52.619030327791165,Decor,Lighting,1043.6,1520.52
SKU-0016,2026-09-21,3,1.3943185911262521,0.0,17.54916996706475,Small Appliances,Climate,3226.31,7071.08
SKU-0017,2026-09-21,3,1.7506815812652208,0.0,16.526814368430788,Decor,Wall Decor,2636.96,4173.8
SKU-0018,2026-09-21,3,21.655430281532535,4.214444169210289,39.09641639385478,Furnishings,Throws,2215.14,4401.43
SKU-0019,2026-09-21,3,1.6710088161590924,0.0,18.45682205436189,Furnishings,Bedding,2921.98,5773.54
SKU-0020,2026-09-21,3,34.1477128701454,9.797923997723334,58.497501742567465,Decor,Planters,313.13,583.95
SKU-0021,2026-09-21,3,1.8164792732151032,0.0,14.466917820909199,Small Appliances,Kitchen,1944.84,4396.76
SKU-0022,2026-09-21,3,3.7999682578111176,0.0,28.46101108241525,Furnishings,Bedding,1395.58,2412.84
SKU-0023,2026-09-21,3,55.84469168731193,14.498412739070169,97.1909706355537,Decor,Wall Decor,2586.38,5676.34
SKU-0024,2026-09-21,3,44.82446266353631,16.12357006252465,73.52535526454797,Decor,Wall Decor,3696.57,5946.39
SKU-0025,2026-09-21,3,4.184140704822839,0.0,13.403282317160672,Decor,Lighting,569.01,1215.54
SKU-0026,2026-09-21,3,5.990689326629949,0.0,20.937410344922426,Decor,Planters,2344.51,3738.78
SKU-0027,2026-09-21,3,6.438143921368918,0.0,23.620833369307096,Decor,Planters,2107.4,3818.55
SKU-0028,2026-09-21,3,4.365319673282389,0.0,13.759355954702396,Furnishings,Bedding,1743.03,2672.53
SKU-0029,2026-09-21,3,11.351215007309756,0.5006032725789673,22.201826742040545,Decor,Lighting,4335.4,10028.44
SKU-0030,2026-09-21,3,3.545061942674568,0.0,27.03534768399405,Small Appliances,Cleaning,4366.84,9562.56
SKU-0031,2026-09-21,3,21.862638695400626,0.0,55.666114012742675,Furnishings,Bedding,2121.24,3624.41
SKU-0032,2026-09-21,3,31.975734011439993,15.798814717026943,48.15265330585304,Furnishings,Throws,2148.95,3529.1
SKU-0033,2026-09-21,3,3.3245967632884077,0.0,11.675975868203237,Small Appliances,Kitchen,2682.23,4339.67
SKU-0034,2026-09-21,3,2.8583744458410023,0.49799528990063147,5.218753601781373,Small Appliances,Kitchen,3288.08,6117.43
SKU-0035,2026-09-21,3,18.003950187984632,0.0,49.33990793316899,Furnishings,Throws,2703.3,5588.68
SKU-0036,2026-09-21,3,49.71770623773151,17.074814835799266,82.36059763966375,Furnishings,Bedding,359.77,690.5
SKU-0037,2026-09-21,3,1.7233425069268338,0.0,15.603076635003584,Furnishings,Cushions,804.34,1245.31
SKU-0038,2026-09-21,3,1.9686076195379891,0.0,13.177097850652052,Decor,Planters,4176.52,8361.43
SKU-0039,2026-09-21,3,17.114145578850348,0.0,42.345954111217516,Decor,Wall Decor,2732.75,4021.69
SKU-0040,2026-09-21,3,1.2062869970258099,0.45652643147376626,1.9560475625778535,Small Appliances,Cleaning,3561.42,5443.96
SKU-0041,2026-09-21,3,57.46812191597897,20.950625486661828,93.9856183452961,Furnishings,Throws,2299.85,5383.8
SKU-0042,2026-09-21,3,16.045869360902017,0.0,41.703793047901996,Decor,Wall Decor,1333.33,2353.31
SKU-0043,2026-09-21,3,4.776452137174296,0.0,13.950531014922948,Decor,Wall Decor,2076.1,3052.97
SKU-0044,2026-09-21,3,18.529082600239768,5.9600143762721345,31.0981508242074,Small Appliances,Kitchen,785.88,1553.16
SKU-0045,2026-09-21,3,16.032434748162775,0.0,41.65488838395321,Furnishings,Cushions,3084.08,5295.9
SKU-0046,2026-09-21,3,19.86273949668985,11.1566771052377,28.568801888142005,Decor,Planters,3500.56,5434.11
SKU-0047,2026-09-21,3,4.6858835167569985,0.0,13.129227352151855,Decor,Planters,1174.52,1744.8
SKU-0048,2026-09-21,3,13.795940441507534,6.207812169377536,21.384068713637532,Decor,Wall Decor,3764.69,8349.48
SKU-0049,2026-09-21,3,1.804598468697841,0.0,16.918252509666235,Small Appliances,Kitchen,4296.53,7417.41
SKU-0050,2026-09-21,3,31.61417565003179,6.989183959889264,56.23916734017432,Decor,Planters,4223.71,6784.87
SKU-0051,2026-09-21,3,30.768414979823458,0.0,62.27505887531764,Decor,Lighting,2059.62,4928.17
SKU-0052,2026-09-21,3,24.82333193302749,5.402267107553875,44.244396758501104,Small Appliances,Kitchen,4028.22,9259.97
SKU-0053,2026-09-21,3,4.756261900436009,1.8529457170271049,7.659578083844913,Furnishings,Throws,1544.81,3372.96
SKU-0054,2026-09-21,3,1.8121759689229662,0.0,16.858210202999977,Decor,Wall Decor,588.1,1269.97
SKU-0055,2026-09-21,3,66.61778024476642,14.383352566251752,118.8522079232811,Decor,Lighting,4227.03,7096.85
SKU-0056,2026-09-21,3,31.807246014800395,14.526125448266129,49.08836658133466,Furnishings,Cushions,842.19,1364.6
SKU-0057,2026-09-21,3,34.593783941069375,9.557685992328459,59.62988188981029,Decor,Wall Decor,3958.11,6477.89
SKU-0058,2026-09-21,3,14.081943086474848,0.0,31.666524276261494,Furnishings,Bedding,4378.29,8431.29
SKU-0059,2026-09-21,3,25.8905131755586,0.0,52.44276285260595,Decor,Lighting,240.2,400.7
SKU-0060,2026-09-21,3,26.10690441519215,13.286048691344552,38.92776013903975,Furnishings,Cushions,706.32,1363.91
SKU-0061,2026-09-21,3,16.44119357705019,5.6539021073625,27.22848504673788,Small Appliances,Climate,2690.42,4411.72
SKU-0062,2026-09-21,3,6.947931513329747,2.916553726083695,10.9793093005758,Small Appliances,Kitchen,3372.41,5309.88
SKU-0063,2026-09-21,3,1.788851813887407,0.0,20.60814172660024,Decor,Lighting,4187.07,7652.7
SKU-0064,2026-09-21,3,3.821751105972717,0.0,21.469949272703225,Furnishings,Cushions,3043.57,7176.26
SKU-0065,2026-09-21,3,53.43255856107638,22.024638099306532,84.84047902284622,Decor,Lighting,4175.17,6152.6
SKU-0066,2026-09-21,3,10.423122643944442,0.0,21.937982393448056,Decor,Lighting,637.48,1009.34
SKU-0067,2026-09-21,3,58.41833737662617,16.59642563486195,100.24024911839038,Small Appliances,Cleaning,4354.12,8778.95
SKU-0068,2026-09-21,3,28.011951586854615,16.205273957532896,39.81862921617633,Small Appliances,Climate,2199.09,4828.16
SKU-0069,2026-09-21,3,20.043389835353967,5.87842209209356,34.208357578614375,Small Appliances,Kitchen,651.5,1458.03
SKU-0070,2026-09-21,3,0.9561868760409686,0.16720720083792484,1.7451665512440124,Small Appliances,Cleaning,2472.92,5009.43
SKU-0071,2026-09-21,3,26.04952373278363,13.145810258771416,38.95323720679585,Small Appliances,Climate,2785.42,5130.58
SKU-0072,2026-09-21,3,1.7199369182438127,0.0,19.676097699809564,Decor,Planters,2996.34,6814.03
SKU-0073,2026-09-21,3,26.161299281234363,1.4510151574077277,50.871583405061,Furnishings,Throws,1250.67,2094.66
SKU-0074,2026-09-21,3,16.21034182636645,0.0,39.772343628313145,Small Appliances,Climate,634.8,960.6
SKU-0075,2026-09-21,3,22.913825028230917,0.0,45.92353328174988,Decor,Wall Decor,811.47,1812.36
SKU-0076,2026-09-21,3,21.601059060296457,12.434582021109899,30.767536099483017,Furnishings,Bedding,4158.59,6683.92
SKU-0077,2026-09-21,3,67.86531393824443,24.715570418265223,111.01505745822362,Furnishings,Cushions,843.61,1315.79
SKU-0078,2026-09-21,3,29.025429780925194,9.514116246096602,48.53674331575378,Small Appliances,Bedding,934.45,1402.34
SKU-0079,2026-09-21,3,10.893693817966522,3.824703077969062,17.962684557963982,Decor,Wall Decor,3120.69,5691.98
SKU-0080,2026-09-21,3,45.21163012570963,17.96332528706552,72.45993496435375,Furnishings,Bedding,3960.02,8944.0
SKU-0081,2026-09-21,3,53.03558264101213,28.769757874512013,77.30140740751224,Decor,Lighting,964.07,1614.73
SKU-0082,2026-09-21,3,1.872388513008538,0.0,13.294166527868683,Furnishings,Throws,1978.25,2961.03
SKU-0083,2026-09-21,3,5.0684456751596265,0.47986006050389296,9.657031289815361,Furnishings,Throws,2442.61,3777.71
SKU-0084,2026-09-21,3,1.5955033561167316,0.22103583007704208,2.969970882156421,Small Appliances,Kitchen,4175.32,6447.35
SKU-0085,2026-09-21,3,26.975112984770806,4.923283835918202,49.02694213362341,Small Appliances,Climate,4079.46,9711.53
SKU-0086,2026-09-21,3,12.313416430491523,0.0,26.950624933372154,Small Appliances,Cleaning,2955.53,6472.75
SKU-0087,2026-09-21,3,1.7891054697874713,0.0,15.381435573768403,Small Appliances,Kitchen,2495.81,4838.16
SKU-0088,2026-09-21,3,44.32904255357388,21.855307093913666,66.80277801323409,Small Appliances,Climate,1843.59,3793.34
SKU-0089,2026-09-21,3,1.7462811596840342,0.0,12.40657538349068,Furnishings,Cushions,783.8,1492.34
SKU-0090,2026-09-21,3,20.786351415193717,7.098931799963685,34.47377103042375,Decor,Wall Decor,1767.65,3178.36
SKU-0091,2026-09-21,3,1.0665756781759905,0.0,19.008280980751,Small Appliances,Kitchen,1819.28,3823.14
SKU-0092,2026-09-21,3,16.123329449665913,4.073408440506904,28.173250458824924,Furnishings,Bedding,4138.62,7891.79
SKU-0093,2026-09-21,3,15.856943086707291,0.0,34.61825466729228,Small Appliances,Kitchen,2493.08,5624.72
SKU-0094,2026-09-21,3,14.95878074926898,7.264472187234912,22.65308931130305,Decor,Lighting,2481.36,5089.94
SKU-0095,2026-09-21,3,22.542207964315786,5.509843102342057,39.57457282628951,Furnishings,Cushions,3354.74,5509.44
SKU-0096,2026-09-21,3,2.077473604476042,0.0,13.348932168144067,Small Appliances,Cleaning,750.68,1526.63
SKU-0097,2026-09-21,3,1.7031572257844454,0.17023226612256304,3.2360821854463278,Decor,Lighting,3315.09,5072.98
SKU-0098,2026-09-21,3,1.19550959790116,0.0,16.024755705840313,Small Appliances,Climate,4322.36,9556.05
SKU-0099,2026-09-21,3,36.93243725998166,15.226999414462064,58.63787510550126,Decor,Wall Decor,3560.94,7853.15
SKU-0100,2026-09-21,3,15.503612378817401,0.0,40.41899871902626,Small Appliances,Kitchen,2729.13,4203.67
SKU-0101,2026-09-21,3,4.035073412238572,0.0,18.852219711413106,Decor,Wall Decor,919.98,1827.73
SKU-0102,2026-09-21,3,2.1724096524049723,0.0,12.328202477854882,Decor,Wall Decor,2437.77,5303.92
SKU-0103,2026-09-21,3,58.8916407043862,15.91766807478114,101.86561333399126,Small Appliances,Climate,2306.1,4657.43
SKU-0104,2026-09-21,3,24.40071623145144,4.241243047536184,44.56018941536669,Small Appliances,Climate,685.89,1051.69
SKU-0105,2026-09-21,3,29.343469201304746,6.392274491706438,52.294663910903054,Decor,Wall Decor,1988.39,4345.84
SKU-0106,2026-09-21,3,36.50663676013445,4.4900446879038824,68.52322883236502,Small Appliances,Climate,4060.94,8830.13
SKU-0107,2026-09-21,3,17.223595260078767,2.9784506571394065,31.46873986301813,Decor,Lighting,1753.31,3066.04
SKU-0108,2026-09-21,3,1.3252042790776335,0.0,22.905139307051527,Furnishings,Bedding,4224.07,7882.15
SKU-0109,2026-09-21,3,98.15521141885337,28.607102881296072,167.70331995641067,Small Appliances,Cleaning,3332.24,6582.32
SKU-0110,2026-09-21,3,1.19550959790116,0.0,16.260903090821085,Small Appliances,Cleaning,2250.88,4068.56
SKU-0111,2026-09-21,3,2.1250766563697345,0.0,13.106916718374684,Decor,Planters,3280.72,7721.62
SKU-0112,2026-09-21,3,25.24310498608821,0.0,53.38035178478122,Furnishings,Cushions,2932.16,4591.25
SKU-0113,2026-09-21,3,11.046441179726937,3.8955636904465303,18.197318669007345,Decor,Wall Decor,3143.94,4595.46
SKU-0114,2026-09-21,3,30.54230950285295,10.585553161301359,50.49906584440454,Decor,Planters,1455.95,2745.37
SKU-0115,2026-09-21,3,46.29503804392922,18.155146054866155,74.43493003299228,Furnishings,Throws,1484.33,3447.39
SKU-0116,2026-09-21,3,48.68841350600962,20.002491652049734,77.3743353599695,Small Appliances,Cleaning,4487.19,10254.31
SKU-0117,2026-09-21,3,66.26241736227904,26.252864647572153,106.27197007698592,Small Appliances,Kitchen,3795.39,5887.02
SKU-0118,2026-09-21,3,28.087907901721014,2.07282651949372,54.102989283948304,Small Appliances,Kitchen,2988.54,4590.15
SKU-0119,2026-09-21,3,36.403237019626715,17.950999119917018,54.855474919336416,Small Appliances,Climate,305.28,512.5
SKU-0120,2026-09-21,3,16.234081267553123,0.0,40.06948345893825,Furnishings,Bedding,1036.24,2399.01
SKU-0121,2026-09-21,3,40.28885139676919,20.347564464274125,60.23013832926425,Furnishings,Throws,336.22,489.25
SKU-0122,2026-09-21,3,1.2251473060997355,0.0,18.74580257924768,Furnishings,Bedding,3642.4,6106.94
SKU-0123,2026-09-21,3,11.876310925733762,4.61999408812435,19.132627763343173,Furnishings,Bedding,427.24,944.59
SKU-0124,2026-09-21,3,31.569432427299166,4.125785780429556,59.01307907416877,Small Appliances,Kitchen,3195.88,7178.21
SKU-0125,2026-09-21,3,36.795614545755406,17.562299191066316,56.028929900444496,Decor,Lighting,1051.7,1649.78
SKU-0126,2026-09-21,3,5.952072917726175,2.174051033279106,9.730094802173245,Decor,Wall Decor,2901.65,6553.59
SKU-0127,2026-09-21,3,1.7049203284621968,0.0,15.556005598307085,Decor,Lighting,3353.56,5477.67
SKU-0128,2026-09-21,3,27.69656819518982,10.816488015452961,44.57664837492668,Furnishings,Cushions,4414.48,8965.66
SKU-0129,2026-09-21,3,31.544502361532874,16.076249725678124,47.012754997387624,Decor,Lighting,2842.45,4235.91
SKU-0130,2026-09-21,3,1.6414353227090206,0.0,20.29479372679063,Small Appliances,Cleaning,927.91,1426.32
SKU-0131,2026-09-21,3,2.874148304387105,0.0,23.622579891923323,Small Appliances,Kitchen,4413.72,8322.65
SKU-0132,2026-09-21,3,35.410256765708304,4.282588540311117,66.53792499110548,Small Appliances,Kitchen,2652.82,4212.34
SKU-0133,2026-09-21,3,5.500073257288996,0.31822278917987834,10.681923725398114,Furnishings,Bedding,1481.8,2962.29
SKU-0134,2026-09-21,3,22.94347367340868,1.3757519358432155,44.51119541097414,Small Appliances,Kitchen,4243.37,6751.27
SKU-0135,2026-09-21,3,1.089224454895289,0.0,21.614119524594784,Decor,Wall Decor,1925.43,3659.2
SKU-0136,2026-09-21,3,53.05536726813729,15.395303310084493,90.71543122619008,Furnishings,Bedding,1381.29,2402.71
SKU-0137,2026-09-21,3,4.251970683700833,0.0,14.084880252518461,Decor,Wall Decor,2819.47,5788.08
SKU-0138,2026-09-21,3,13.95390043303191,0.0,33.19904489280018,Decor,Lighting,1120.16,2250.28
SKU-0139,2026-09-21,3,10.312448628839523,1.80589133147401,18.819005926205037,Decor,Lighting,335.78,620.35
SKU-0140,2026-09-21,3,42.90880465949964,19.65460238421172,66.16300693478755,Decor,Lighting,2653.02,5272.83
SKU-0141,2026-09-21,3,18.218299568309682,4.579920368114998,31.856678768504366,Decor,Planters,2979.14,6166.26
SKU-0142,2026-09-21,3,12.966550358114626,4.583182780745425,21.349917935483827,Furnishings,Cushions,2552.3,4746.89
SKU-0143,2026-09-21,3,4.215605438173919,0.0,15.198290191825002,Decor,Wall Decor,1738.04,3366.76
SKU-0144,2026-09-21,3,24.856738793379453,3.93099152018009,45.78248606657881,Small Appliances,Cleaning,4158.97,8020.37
SKU-0145,2026-09-21,3,15.93781569920649,0.0,37.51645402665582,Small Appliances,Cleaning,3635.44,6357.4
SKU-0146,2026-09-21,3,42.18455113183313,20.838166056894877,63.530936206771386,Small Appliances,Cleaning,680.5,1033.31
SKU-0147,2026-09-21,3,1.927749083485027,0.0,19.956576556389486,Small Appliances,Climate,420.05,721.05
SKU-0148,2026-09-21,3,19.046930912888925,2.4963302652591857,35.59753156051866,Decor,Wall Decor,1536.02,3310.98
SKU-0149,2026-09-21,3,8.689267085301118,0.0,22.348400814483234,Small Appliances,Kitchen,3753.39,8496.63
SKU-0150,2026-09-21,3,5.992293412237197,0.0,25.201306177218605,Decor,Planters,2775.63,4340.22
SKU-0151,2026-09-21,3,33.78362125379604,14.508803079341934,53.05843942825015,Decor,Wall Decor,4320.41,10350.37
SKU-0152,2026-09-21,3,35.06574388895066,0.406068708060765,69.72541906984054,Small Appliances,Cleaning,3150.71,6679.93
SKU-0153,2026-09-21,3,8.13934820670457,2.642801294112947,13.635895119296194,Small Appliances,Cleaning,2948.64,4305.58
SKU-0154,2026-09-21,3,31.366943019905815,16.374422627432487,46.35946341237914,Furnishings,Bedding,887.41,1426.61
SKU-0155,2026-09-21,3,1.1468867829051026,0.0,20.11210233096591,Decor,Planters,4453.05,8808.89
SKU-0156,2026-09-21,3,1.9521542935335923,0.0,25.839931228278267,Small Appliances,Climate,791.69,1485.08
SKU-0157,2026-09-21,3,16.441689573831244,5.46083837573846,27.422540771924027,Small Appliances,Cleaning,525.81,1139.73
SKU-0158,2026-09-21,3,38.61395848311937,6.583816847300298,70.64410011893844,Decor,Wall Decor,830.91,1347.64
SKU-0159,2026-09-21,3,1.3226642836699454,0.0,2.767325776813502,Furnishings,Bedding,372.88,623.16
SKU-0160,2026-09-21,3,31.35702102512378,9.376065877792506,53.33797617245506,Furnishings,Cushions,2713.44,5206.08
SKU-0161,2026-09-21,3,29.321707861395982,5.2569022611739555,53.38651346161801,Decor,Cushions,1232.64,2775.18
SKU-0162,2026-09-21,3,1.4132139178929803,0.1781673302956377,2.648260505490323,Decor,Wall Decor,3075.28,6687.99
SKU-0163,2026-09-21,3,14.395810006825366,0.0,34.99344247285247,Decor,Lighting,1763.75,3461.45
SKU-0164,2026-09-21,3,1.760197752270585,0.0,21.87096891517635,Decor,Planters,2264.71,4937.51
SKU-0165,2026-09-21,3,1.7609653063859723,0.0,17.486721636627912,Small Appliances,Climate,2360.7,5462.84
SKU-0166,2026-09-21,3,6.862325539200957,0.0,20.929219486223147,Decor,Lighting,1651.35,3176.99
SKU-0167,2026-09-21,3,28.296066421384115,0.0,57.71926303552287,Small Appliances,Cleaning,633.51,1158.45
SKU-0168,2026-09-21,3,1.1549424672649913,0.0,20.550668477642944,Small Appliances,Cleaning,946.83,1677.7
SKU-0169,2026-09-21,3,6.074441645000641,0.0,23.6707092335001,Furnishings,Cushions,287.24,669.58
SKU-0170,2026-09-21,3,16.72312413968512,7.675625497227172,25.770622782143064,Decor,Wall Decor,2765.42,4029.08
SKU-0171,2026-09-21,3,17.93998865037254,0.0,36.51871679720806,Decor,Lighting,3217.1,6601.75
SKU-0172,2026-09-21,3,1.9260497500450084,0.0,12.57996827042292,Small Appliances,Climate,2242.83,4874.48
SKU-0173,2026-09-21,3,29.599835154075834,2.47534284139153,56.72432746676014,Decor,Planters,3293.41,7789.08
SKU-0174,2026-09-21,3,57.66508690070573,28.404661865780756,86.92551193563071,Small Appliances,Cleaning,672.93,1443.97
SKU-0175,2026-09-21,3,36.91805976930039,9.387792325196,64.44832721340478,Small Appliances,Cleaning,2569.41,5322.27
SKU-0176,2026-09-21,3,5.130564522891054,0.0,10.874492191841647,Small Appliances,Kitchen,1425.15,3059.89
SKU-0177,2026-09-21,3,1.0689693365481514,0.0,19.931731768727214,Small Appliances,Climate,1676.85,2628.76
SKU-0178,2026-09-21,3,10.703958920197966,4.580838389013824,16.827079451382108,Furnishings,Throws,2295.5,5477.67
SKU-0179,2026-09-21,3,25.662244911715547,8.13006892891515,43.19442089451594,Small Appliances,Cleaning,4404.6,8108.86
SKU-0180,2026-09-21,3,2.719340620649812,0.0,19.658176311761274,Small Appliances,Cleaning,2579.59,5705.94
SKU-0001,2026-09-28,4,47.55788353458187,25.01361433957254,70.1021527295912,Furnishings,Bedding,2075.95,4703.41
SKU-0002,2026-09-28,4,3.428928369953553,0.0,14.534689155868413,Small Appliances,Kitchen,4394.69,9550.02
SKU-0003,2026-09-28,4,36.65850952754011,14.379342819889224,58.937676235191,Small Appliances,Climate,733.45,1377.32
SKU-0004,2026-09-28,4,26.99113299109586,3.4830444099036804,50.499221572288036,Decor,Lighting,2961.5,6608.95
SKU-0005,2026-09-28,4,30.01659142289686,14.806372210322245,45.22681063547147,Decor,Wall Decor,1161.67,2296.45
SKU-0006,2026-09-28,4,24.77994940372985,0.999796655320214,48.56010215213949,Furnishings,Bedding,2908.79,6312.61
SKU-0007,2026-09-28,4,1.263627016116107,0.0,15.79941216798357,Decor,Cleaning,4373.42,10052.15
SKU-0008,2026-09-28,4,2.768487405108383,1.6447534978757508,3.8922213123410154,Small Appliances,Climate,2196.23,3275.93
SKU-0009,2026-09-28,4,76.23371752882147,41.44432931063941,111.02310574700354,Decor,Lighting,3130.77,6754.71
SKU-0010,2026-09-28,4,1.8202501711173398,0.0,13.06964582572133,Small Appliances,Cleaning,1780.39,3375.76
SKU-0011,2026-09-28,4,22.791968659529726,3.9303906346773196,41.653546684382135,Small Appliances,Kitchen,741.26,1409.82
SKU-0012,2026-09-28,4,2.5283281108110844,0.0,12.963107936582576,Furnishings,Throws,2068.5,4635.6
SKU-0013,2026-09-28,4,28.212231922418372,14.841508474129272,41.582955370707474,Decor,Planters,1529.42,3426.89
SKU-0014,2026-09-28,4,1.4570416173203928,0.0,16.976498351649806,Small Appliances,Climate,1425.58,2991.4
SKU-0015,2026-09-28,4,28.9206323538415,9.45644002352958,48.38482468415342,Decor,Lighting,1043.6,1520.52
SKU-0016,2026-09-28,4,2.427240259900643,0.0,19.23925425729156,Small Appliances,Climate,3226.31,7071.08
SKU-0017,2026-09-28,4,1.4682191698052145,0.0,16.3538097525031,Decor,Wall Decor,2636.96,4173.8
SKU-0018,2026-09-28,4,21.87039082605213,8.326107559823656,35.414674092280606,Furnishings,Throws,2215.14,4401.43
SKU-0019,2026-09-28,4,1.4819315483102344,0.0,17.65498710071202,Furnishings,Bedding,2921.98,5773.54
SKU-0020,2026-09-28,4,36.006723068516585,18.284872420010064,53.72857371702311,Decor,Planters,313.13,583.95
SKU-0021,2026-09-28,4,1.6797715641155682,0.0,11.604653929305321,Small Appliances,Kitchen,1944.84,4396.76
SKU-0022,2026-09-28,4,3.7932934638804245,0.0,27.64413255590956,Furnishings,Bedding,1395.58,2412.84
SKU-0023,2026-09-28,4,59.90873487644037,25.197795220923396,94.61967453195734,Decor,Wall Decor,2586.38,5676.34
SKU-0024,2026-09-28,4,42.807581604883666,22.096974726651826,63.51818848311551,Decor,Wall Decor,3696.57,5946.39
SKU-0025,2026-09-28,4,4.421736337273818,0.0,13.228308820490259,Decor,Lighting,569.01,1215.54
SKU-0026,2026-09-28,4,7.461016016610563,0.0,23.32113010089317,Decor,Planters,2344.51,3738.78
SKU-0027,2026-09-28,4,9.010242009155066,0.0,24.942781710742352,Decor,Planters,2107.4,3818.55
SKU-0028,2026-09-28,4,4.661277602371438,0.0,11.81554667672466,Furnishings,Bedding,1743.03,2672.53
SKU-0029,2026-09-28,4,13.019691124962426,4.216726276117475,21.82265597380738,Decor,Lighting,4335.4,10028.44
SKU-0030,2026-09-28,4,3.3396484943603455,0.0,24.60673583194439,Small Appliances,Cleaning,4366.84,9562.56
SKU-0031,2026-09-28,4,25.21096242632048,0.0,56.51080682518531,Furnishings,Bedding,2121.24,3624.41
SKU-0032,2026-09-28,4,31.666743728435026,17.530195690905856,45.8032917659642,Furnishings,Throws,2148.95,3529.1
SKU-0033,2026-09-28,4,3.0514487982211573,0.0,10.5118772665107,Small Appliances,Kitchen,2682.23,4339.67
SKU-0034,2026-09-28,4,2.490490028081545,0.6258159819480298,4.35516407421506,Small Appliances,Kitchen,3288.08,6117.43
SKU-0035,2026-09-28,4,16.75046882121337,0.0,45.31238284220116,Furnishings,Throws,2703.3,5588.68
SKU-0036,2026-09-28,4,53.390393615890424,24.5208427394542,82.25994449232665,Furnishings,Bedding,359.77,690.5
SKU-0037,2026-09-28,4,2.1947992645549967,0.0,15.195532726038234,Furnishings,Cushions,804.34,1245.31
SKU-0038,2026-09-28,4,1.6799297976192087,0.0,11.828758794860695,Decor,Planters,4176.52,8361.43
SKU-0039,2026-09-28,4,16.35928649697386,0.0,40.036048128574656,Decor,Wall Decor,2732.75,4021.69
SKU-0040,2026-09-28,4,1.4162480586636708,0.7138190726382491,2.1186770446890923,Small Appliances,Cleaning,3561.42,5443.96
SKU-0041,2026-09-28,4,61.378109281363315,27.76746218135313,94.98875638137349,Furnishings,Throws,2299.85,5383.8
SKU-0042,2026-09-28,4,15.811458869458267,0.0,41.15841107182884,Decor,Wall Decor,1333.33,2353.31
SKU-0043,2026-09-28,4,6.893241872686494,0.0,16.5420728627741,Decor,Wall Decor,2076.1,3052.97
SKU-0044,2026-09-28,4,23.45498312859615,12.61647967945612,34.29348657773618,Small Appliances,Kitchen,785.88,1553.16
SKU-0045,2026-09-28,4,15.131615697448042,0.0,38.706832373063435,Furnishings,Cushions,3084.08,5295.9
SKU-0046,2026-09-28,4,20.463667161282928,12.38858054496433,28.538753777601524,Decor,Planters,3500.56,5434.11
SKU-0047,2026-09-28,4,7.079006367421363,0.0,15.429875604133883,Decor,Planters,1174.52,1744.8
SKU-0048,2026-09-28,4,15.749181402309873,9.066731823239529,22.431630981380216,Decor,Wall Decor,3764.69,8349.48
SKU-0049,2026-09-28,4,2.863189003216663,0.0,18.14834473595769,Small Appliances,Kitchen,4296.53,7417.41
SKU-0050,2026-09-28,4,32.90862604044418,10.547349742315369,55.269902338573,Decor,Planters,4223.71,6784.87
SKU-0051,2026-09-28,4,28.109522065907534,0.6038289242322001,55.615215207582864,Decor,Lighting,2059.62,4928.17
SKU-0052,2026-09-28,4,22.690370285644644,5.40238954254761,39.97835102874168,Small Appliances,Kitchen,4028.22,9259.97
SKU-0053,2026-09-28,4,4.141307278039328,1.2732791034821767,7.0093354525964795,Furnishings,Throws,1544.81,3372.96
SKU-0054,2026-09-28,4,1.3801344000530744,0.0,15.624591555016371,Decor,Wall Decor,588.1,1269.97
SKU-0055,2026-09-28,4,76.8965488673639,33.75389773551392,120.03919999921389,Decor,Lighting,4227.03,7096.85
SKU-0056,2026-09-28,4,33.25917058140884,17.941467525430376,48.5768736373873,Furnishings,Cushions,842.19,1364.6
SKU-0057,2026-09-28,4,33.8957470629787,10.200473478884007,57.59102064707339,Decor,Wall Decor,3958.11,6477.89
SKU-0058,2026-09-28,4,15.055224024942232,0.0,32.82438228722749,Furnishings,Bedding,4378.29,8431.29
SKU-0059,2026-09-28,4,25.65104115796554,3.513172837458704,47.78890947847238,Decor,Lighting,240.2,400.7
SKU-0060,2026-09-28,4,28.663361312794773,18.528294580282438,38.798428045307105,Furnishings,Cushions,706.32,1363.91
SKU-0061,2026-09-28,4,19.95324396408875,10.224593197467126,29.681894730710372,Small Appliances,Climate,2690.42,4411.72
SKU-0062,2026-09-28,4,7.250125107105465,4.375583571832891,10.124666642378038,Small Appliances,Kitchen,3372.41,5309.88
SKU-0063,2026-09-28,4,2.1360053781640604,0.0,18.438687490352056,Decor,Lighting,4187.07,7652.7
SKU-0064,2026-09-28,4,3.6588590002342296,0.0,18.47652185148278,Furnishings,Cushions,3043.57,7176.26
SKU-0065,2026-09-28,4,55.12722438656873,25.60738760819111,84.64706116494634,Decor,Lighting,4175.17,6152.6
SKU-0066,2026-09-28,4,11.884919581993389,4.8909487935942675,18.87889037039251,Decor,Lighting,637.48,1009.34
SKU-0067,2026-09-28,4,61.93201261111453,27.563312237200357,96.3007129850287,Small Appliances,Cleaning,4354.12,8778.95
SKU-0068,2026-09-28,4,29.116097975257972,17.61895529730668,40.61324065320926,Small Appliances,Climate,2199.09,4828.16
SKU-0069,2026-09-28,4,24.709126232258303,11.624039508848801,37.7942129556678,Small Appliances,Kitchen,651.5,1458.03
SKU-0070,2026-09-28,4,1.263212332250038,0.5164684016342473,2.0099562628658285,Small Appliances,Cleaning,2472.92,5009.43
SKU-0071,2026-09-28,4,26.153026166677922,15.885826589738505,36.42022574361734,Small Appliances,Climate,2785.42,5130.58
SKU-0072,2026-09-28,4,2.1553866808113957,0.0,19.635904242954787,Decor,Planters,2996.34,6814.03
SKU-0073,2026-09-28,4,23.04496332210327,2.709203994361406,43.38072264984514,Furnishings,Throws,1250.67,2094.66
SKU-0074,2026-09-28,4,14.74979765102021,0.0,34.964490259059545,Small Appliances,Climate,634.8,960.6
SKU-0075,2026-09-28,4,22.640065946347022,5.9269781747866155,39.35315371790743,Decor,Wall Decor,811.47,1812.36
SKU-0076,2026-09-28,4,21.13696397121175,12.232398437943584,30.041529504479914,Furnishings,Bedding,4158.59,6683.92
SKU-0077,2026-09-28,4,72.29988548818804,37.11969494511089,107.48007603126518,Furnishings,Cushions,843.61,1315.79
SKU-0078,2026-09-28,4,27.104819230822063,9.293233676013642,44.91640478563048,Small Appliances,Bedding,934.45,1402.34
SKU-0079,2026-09-28,4,12.449265576578695,6.391126225406658,18.50740492775073,Decor,Wall Decor,3120.69,5691.98
SKU-0080,2026-09-28,4,45.15890739024897,20.33868176330478,69.97913301719316,Furnishings,Bedding,3960.02,8944.0
SKU-0081,2026-09-28,4,57.30346430086847,33.51479221450038,81.09213638723656,Decor,Lighting,964.07,1614.73
SKU-0082,2026-09-28,4,2.5572329161000216,0.0,11.7392506816146,Furnishings,Throws,1978.25,2961.03
SKU-0083,2026-09-28,4,5.3096667821260715,1.9622378452962592,8.657095718955883,Furnishings,Throws,2442.61,3777.71
SKU-0084,2026-09-28,4,1.7849966637075743,0.4213085532510952,3.148684774164053,Small Appliances,Kitchen,4175.32,6447.35
SKU-0085,2026-09-28,4,25.417508564221034,4.130993613190402,46.70402351525166,Small Appliances,Climate,4079.46,9711.53
SKU-0086,2026-09-28,4,14.47222581579573,4.452778377778081,24.491673253813378,Small Appliances,Cleaning,2955.53,6472.75
SKU-0087,2026-09-28,4,2.1925128348220553,0.0,16.41058442167923,Small Appliances,Kitchen,2495.81,4838.16
SKU-0088,2026-09-28,4,43.35944985077159,23.27247235611706,63.446427345426116,Small Appliances,Climate,1843.59,3793.34
SKU-0089,2026-09-28,4,2.7519430933601448,0.0,12.28649915010686,Furnishings,Cushions,783.8,1492.34
SKU-0090,2026-09-28,4,23.023452473683783,9.802101865850899,36.244803081516665,Decor,Wall Decor,1767.65,3178.36
SKU-0091,2026-09-28,4,1.9097311242138624,0.0,20.559333280026475,Small Appliances,Kitchen,1819.28,3823.14
SKU-0092,2026-09-28,4,16.126703660237684,6.562648511988334,25.690758808487033,Furnishings,Bedding,4138.62,7891.79
SKU-0093,2026-09-28,4,15.012196413746494,0.0,33.61496194453896,Small Appliances,Kitchen,2493.08,5624.72
SKU-0094,2026-09-28,4,18.05649471266825,10.664991703314886,25.447997722021615,Decor,Lighting,2481.36,5089.94
SKU-0095,2026-09-28,4,25.709579198289187,12.618131024051062,38.801027372527315,Furnishings,Cushions,3354.74,5509.44
SKU-0096,2026-09-28,4,1.9463188083924574,0.0,12.646637108095353,Small Appliances,Cleaning,750.68,1526.63
SKU-0097,2026-09-28,4,1.6721698528395563,0.22688000530470354,3.1174597003744093,Decor,Lighting,3315.09,5072.98
SKU-0098,2026-09-28,4,1.9010497321644626,0.0,16.257920620737114,Small Appliances,Climate,4322.36,9556.05
SKU-0099,2026-09-28,4,38.74118341874413,20.728491788304414,56.75387504918385,Decor,Wall Decor,3560.94,7853.15
SKU-0100,2026-09-28,4,15.193695893905867,0.0,38.44806525998605,Small Appliances,Kitchen,2729.13,4203.67
SKU-0101,2026-09-28,4,3.8479073887697197,0.0,16.994810042373913,Decor,Wall Decor,919.98,1827.73
SKU-0102,2026-09-28,4,1.8083272883476884,0.0,12.136952050697484,Decor,Wall Decor,2437.77,5303.92
SKU-0103,2026-09-28,4,62.97144181144033,27.532124381023706,98.41075924185695,Small Appliances,Climate,2306.1,4657.43
SKU-0104,2026-09-28,4,23.206705761986886,7.669853263185654,38.74355826078812,Small Appliances,Climate,685.89,1051.69
SKU-0105,2026-09-28,4,29.957811423727446,9.777311854279812,50.13831099317508,Decor,Wall Decor,1988.39,4345.84
SKU-0106,2026-09-28,4,36.03677269415959,6.828328945940775,65.24521644237839,Small Appliances,Climate,4060.94,8830.13
SKU-0107,2026-09-28,4,20.561860378791284,6.159403903251272,34.964316854331294,Decor,Lighting,1753.31,3066.04
SKU-0108,2026-09-28,4,1.9794327766318327,0.0,21.656785738316174,Furnishings,Bedding,4224.07,7882.15
SKU-0109,2026-09-28,4,107.96737699973842,45.349871454117,170.58488254535985,Small Appliances,Cleaning,3332.24,6582.32
SKU-0110,2026-09-28,4,2.147817047252769,0.0,16.928807304965723,Small Appliances,Cleaning,2250.88,4068.56
SKU-0111,2026-09-28,4,1.8056752641446328,0.0,10.673291157246032,Decor,Planters,3280.72,7721.62
SKU-0112,2026-09-28,4,22.905204950755337,0.7413412764021992,45.06906862510847,Furnishings,Cushions,2932.16,4591.25
SKU-0113,2026-09-28,4,13.169116970781213,8.17331086734269,18.164923074219736,Decor,Wall Decor,3143.94,4595.46
SKU-0114,2026-09-28,4,32.23111555249663,16.356205112379,48.10602599261426,Decor,Planters,1455.95,2745.37
SKU-0115,2026-09-28,4,45.44258627173781,25.31012110991251,65.5750514335631,Furnishings,Throws,1484.33,3447.39
SKU-0116,2026-09-28,4,51.56011544020599,30.450773769159472,72.66945711125251,Small Appliances,Cleaning,4487.19,10254.31
SKU-0117,2026-09-28,4,73.60631176913962,36.074204955146975,111.13841858313228,Small Appliances,Kitchen,3795.39,5887.02
SKU-0118,2026-09-28,4,21.96495804220849,1.7017767334886678,42.228139350928316,Small Appliances,Kitchen,2988.54,4590.15
SKU-0119,2026-09-28,4,36.70334347318481,20.119425115033813,53.287261831335805,Small Appliances,Climate,305.28,512.5
SKU-0120,2026-09-28,4,16.000871892115327,0.0,39.76621689760816,Furnishings,Bedding,1036.24,2399.01
SKU-0121,2026-09-28,4,39.36679712298076,19.719508346170187,59.01408589979134,Furnishings,Throws,336.22,489.25
SKU-0122,2026-09-28,4,2.038360897800537,0.0,20.585271160804275,Furnishings,Bedding,3642.4,6106.94
SKU-0123,2026-09-28,4,12.841938386490325,5.7256382625352895,19.958238510445362,Furnishings,Bedding,427.24,944.59
SKU-0124,2026-09-28,4,28.78667433867603,6.901022680350689,50.672325997001366,Small Appliances,Kitchen,3195.88,7178.21
SKU-0125,2026-09-28,4,36.53251589642348,18.137109236212154,54.92792255663481,Decor,Lighting,1051.7,1649.78
SKU-0126,2026-09-28,4,5.972710744280374,2.393845444321409,9.55157604423934,Decor,Wall Decor,2901.65,6553.59
SKU-0127,2026-09-28,4,1.501517008447475,0.0,14.9321048062999,Decor,Lighting,3353.56,5477.67
SKU-0128,2026-09-28,4,26.483510525748375,10.610880373336062,42.356140678160685,Furnishings,Cushions,4414.48,8965.66
SKU-0129,2026-09-28,4,31.08525542120722,15.636836460087757,46.53367438232668,Decor,Lighting,2842.45,4235.91
SKU-0130,2026-09-28,4,2.5196098815669004,0.0,21.334314691510578,Small Appliances,Cleaning,927.91,1426.32
SKU-0131,2026-09-28,4,2.967884664638577,0.0,23.851542152679905,Small Appliances,Kitchen,4413.72,8322.65
SKU-0132,2026-09-28,4,36.96659165371518,15.990068877809989,57.943114429620366,Small Appliances,Kitchen,2652.82,4212.34
SKU-0133,2026-09-28,4,6.260746920043647,1.4912132484207552,11.03028059166654,Furnishings,Bedding,1481.8,2962.29
SKU-0134,2026-09-28,4,25.691058248022763,7.083318631952775,44.29879786409275,Small Appliances,Kitchen,4243.37,6751.27
SKU-0135,2026-09-28,4,1.8763798626721715,0.0,19.61376611020794,Decor,Wall Decor,1925.43,3659.2
SKU-0136,2026-09-28,4,54.21648484194274,22.539098312324413,85.89387137156106,Furnishings,Bedding,1381.29,2402.71
SKU-0137,2026-09-28,4,4.436556432110182,0.0,13.294486906785236,Decor,Wall Decor,2819.47,5788.08
SKU-0138,2026-09-28,4,15.802141107150247,0.0,33.94067476919873,Decor,Lighting,1120.16,2250.28
SKU-0139,2026-09-28,4,12.466666991063928,5.72410270464058,19.209231277487277,Decor,Lighting,335.78,620.35
SKU-0140,2026-09-28,4,42.24202155682723,21.90447370462478,62.57956940902969,Decor,Lighting,2653.02,5272.83
SKU-0141,2026-09-28,4,21.37991313981546,8.998772213438222,33.7610540661927,Decor,Planters,2979.14,6166.26
SKU-0142,2026-09-28,4,13.688515236347303,6.427135478657679,20.949894994036928,Furnishings,Cushions,2552.3,4746.89
SKU-0143,2026-09-28,4,4.037779916430141,0.0,14.382969063848767,Decor,Wall Decor,1738.04,3366.76
SKU-0144,2026-09-28,4,22.200436991364104,5.5720997725413355,38.82877421018687,Small Appliances,Cleaning,4158.97,8020.37
SKU-0145,2026-09-28,4,17.056715692273613,0.0,35.2792116599006,Small Appliances,Cleaning,3635.44,6357.4
SKU-0146,2026-09-28,4,42.22152496764584,21.648915557042347,62.79413437824934,Small Appliances,Cleaning,680.5,1033.31
SKU-0147,2026-09-28,4,2.0532675248982666,0.0,19.282381671057525,Small Appliances,Climate,420.05,721.05
SKU-0148,2026-09-28,4,23.520023538155012,8.41987152306435,38.62017555324567,Decor,Wall Decor,1536.02,3310.98
SKU-0149,2026-09-28,4,14.301971006640308,1.2278134967334164,27.376128516547197,Small Appliances,Kitchen,3753.39,8496.63
SKU-0150,2026-09-28,4,8.513085218394496,0.0,26.58017255458229,Decor,Planters,2775.63,4340.22
SKU-0151,2026-09-28,4,35.85929860436372,19.280022306886085,52.43857490184136,Decor,Wall Decor,4320.41,10350.37
SKU-0152,2026-09-28,4,36.05122984806784,7.123425385804914,64.97903431033077,Small Appliances,Cleaning,3150.71,6679.93
SKU-0153,2026-09-28,4,8.755063644691989,3.7275525178746793,13.782574771509298,Small Appliances,Cleaning,2948.64,4305.58
SKU-0154,2026-09-28,4,30.606962222514806,17.45830936341813,43.75561508161148,Furnishings,Bedding,887.41,1426.61
SKU-0155,2026-09-28,4,1.6367602776971877,0.0,19.77011237345964,Decor,Planters,4453.05,8808.89
SKU-0156,2026-09-28,4,1.6152574328370222,0.0,22.503981135173575,Small Appliances,Climate,791.69,1485.08
SKU-0157,2026-09-28,4,17.987287142490068,7.868120350195344,28.106453934784792,Small Appliances,Cleaning,525.81,1139.73
SKU-0158,2026-09-28,4,36.04738491551959,8.072625306091453,64.02214452494772,Decor,Wall Decor,830.91,1347.64
SKU-0159,2026-09-28,4,1.7849966637075743,0.4302148377764665,3.1397784896386822,Furnishings,Bedding,372.88,623.16
SKU-0160,2026-09-28,4,33.702516935676016,16.13046027068754,51.274573600664496,Furnishings,Cushions,2713.44,5206.08
SKU-0161,2026-09-28,4,29.825573714786806,9.616344986116626,50.03480244345698,Decor,Cushions,1232.64,2775.18
SKU-0162,2026-09-28,4,1.5432312807230821,0.30745389877304796,2.7790086626731165,Decor,Wall Decor,3075.28,6687.99
SKU-0163,2026-09-28,4,14.717515031165338,0.0,32.61532985775813,Decor,Lighting,1763.75,3461.45
SKU-0164,2026-09-28,4,1.6561784193241176,0.0,18.09757741637989,Decor,Planters,2264.71,4937.51
SKU-0165,2026-09-28,4,1.186899385750236,0.0,17.59210021374404,Small Appliances,Climate,2360.7,5462.84
SKU-0166,2026-09-28,4,14.66192977234767,0.0,29.625003808134437,Decor,Lighting,1651.35,3176.99
SKU-0167,2026-09-28,4,28.346653815760767,5.822483356021504,50.87082427550003,Small Appliances,Cleaning,633.51,1158.45
SKU-0168,2026-09-28,4,1.8878478037714472,0.0,22.274968185597434,Small Appliances,Cleaning,946.83,1677.7
SKU-0169,2026-09-28,4,8.007403593428444,0.0,26.448795325455087,Furnishings,Cushions,287.24,669.58
SKU-0170,2026-09-28,4,19.89501860940314,11.064791571105301,28.72524564770098,Decor,Wall Decor,2765.42,4029.08
SKU-0171,2026-09-28,4,21.464594942339726,5.072062490111971,37.857127394567485,Decor,Lighting,3217.1,6601.75
SKU-0172,2026-09-28,4,1.493530098233144,0.0,12.253639368650799,Small Appliances,Climate,2242.83,4874.48
SKU-0173,2026-09-28,4,27.136598511432116,4.805038736824244,49.46815828603999,Decor,Planters,3293.41,7789.08
SKU-0174,2026-09-28,4,57.63753529103392,30.97993056274751,84.29514001932033,Small Appliances,Cleaning,672.93,1443.97
SKU-0175,2026-09-28,4,36.01263234127655,12.646119670730524,59.37914501182257,Small Appliances,Cleaning,2569.41,5322.27
SKU-0176,2026-09-28,4,5.906290843052782,0.22542965821536054,11.587152027890202,Small Appliances,Kitchen,1425.15,3059.89
SKU-0177,2026-09-28,4,1.4475895391536842,0.0,19.618382747009143,Small Appliances,Climate,1676.85,2628.76
SKU-0178,2026-09-28,4,12.329015101933647,7.161778072433423,17.49625213143387,Furnishings,Throws,2295.5,5477.67
SKU-0179,2026-09-28,4,26.59906560097302,13.61559087643537,39.58254032551067,Small Appliances,Cleaning,4404.6,8108.86
SKU-0180,2026-09-28,4,3.0576066065044674,0.0,18.471964491353464,Small Appliances,Cleaning,2579.59,5705.94
SKU-0001,2026-10-05,5,69.59912221550977,47.37027249508986,91.82797193592967,Furnishings,Bedding,2075.95,4703.41
SKU-0002,2026-10-05,5,3.103421887926079,0.0,14.80749055649019,Small Appliances,Kitchen,4394.69,9550.02
SKU-0003,2026-10-05,5,54.53978400031807,37.20644477141117,71.87312322922497,Small Appliances,Climate,733.45,1377.32
SKU-0004,2026-10-05,5,39.40000305687293,16.401775053074978,62.39823106067089,Decor,Lighting,2961.5,6608.95
SKU-0005,2026-10-05,5,43.479920550499564,30.216169376634838,56.74367172436429,Decor,Wall Decor,1161.67,2296.45
SKU-0006,2026-10-05,5,37.47170735783089,13.301079394701112,61.64233532096066,Furnishings,Bedding,2908.79,6312.61
SKU-0007,2026-10-05,5,2.520180518012202,0.0,16.876049929021367,Decor,Cleaning,4373.42,10052.15
SKU-0008,2026-10-05,5,4.093881042666355,2.9967575227156966,5.191004562617014,Small Appliances,Climate,2196.23,3275.93
SKU-0009,2026-10-05,5,104.66468584304435,71.51449176581382,137.8148799202749,Decor,Lighting,3130.77,6754.71
SKU-0010,2026-10-05,5,2.770668733555983,0.0,14.659913685076036,Small Appliances,Cleaning,1780.39,3375.76
SKU-0011,2026-10-05,5,35.42678181090884,16.54161336151303,54.311950260304656,Small Appliances,Kitchen,741.26,1409.82
SKU-0012,2026-10-05,5,2.8847672139625615,0.0,13.109623861507314,Furnishings,Throws,2068.5,4635.6
SKU-0013,2026-10-05,5,40.44848346326417,28.562681582717843,52.33428534381049,Decor,Planters,1529.42,3426.89
SKU-0014,2026-10-05,5,2.193206743555864,0.0,17.61413318463195,Small Appliances,Climate,1425.58,2991.4
SKU-0015,2026-10-05,5,40.29243948419522,21.98955491735264,58.59532405103781,Decor,Lighting,1043.6,1520.52
SKU-0016,2026-10-05,5,1.2503168611214384,0.0,18.58656011767721,Small Appliances,Climate,3226.31,7071.08
SKU-0017,2026-10-05,5,1.8183421091635747,0.0,17.066205826711247,Decor,Wall Decor,2636.96,4173.8
SKU-0018,2026-10-05,5,32.95376941240813,19.653465203839957,46.2540736209763,Furnishings,Throws,2215.14,4401.43
SKU-0019,2026-10-05,5,2.1974455385296734,0.0,18.45213211722466,Furnishings,Bedding,2921.98,5773.54
SKU-0020,2026-10-05,5,53.66459369368969,36.3451508407844,70.98403654659498,Decor,Planters,313.13,583.95
SKU-0021,2026-10-05,5,2.0432832383672306,0.0,12.488983160749497,Small Appliances,Kitchen,1944.84,4396.76
SKU-0022,2026-10-05,5,3.776100453184722,0.0,26.577205638883896,Furnishings,Bedding,1395.58,2412.84
SKU-0023,2026-10-05,5,75.11671051820682,41.781509364098,108.45191167231563,Decor,Wall Decor,2586.38,5676.34
SKU-0024,2026-10-05,5,63.336614815285515,42.68293912004859,83.99029051052244,Decor,Wall Decor,3696.57,5946.39
SKU-0025,2026-10-05,5,4.805851064625749,0.0,13.849129884788432,Decor,Lighting,569.01,1215.54
SKU-0026,2026-10-05,5,18.558551181849012,2.188899301025419,34.92820306267261,Decor,Planters,2344.51,3738.78
SKU-0027,2026-10-05,5,18.279815424013794,2.9411789702664652,33.618451877761125,Decor,Planters,2107.4,3818.55
SKU-0028,2026-10-05,5,7.698557985794453,0.7122053931206249,14.684910578468282,Furnishings,Bedding,1743.03,2672.53
SKU-0029,2026-10-05,5,17.631942583984085,12.226652668664546,23.037232499303624,Decor,Lighting,4335.4,10028.44
SKU-0030,2026-10-05,5,2.9974980564626965,0.0,24.489761546026728,Small Appliances,Cleaning,4366.84,9562.56
SKU-0031,2026-10-05,5,33.66272360932744,3.8374548202953136,63.48799239835957,Furnishings,Bedding,2121.24,3624.41
SKU-0032,2026-10-05,5,44.79883700592864,30.826441832513616,58.77123217934366,Furnishings,Throws,2148.95,3529.1
SKU-0033,2026-10-05,5,3.1068037807012403,0.0,10.47818789791387,Small Appliances,Kitchen,2682.23,4339.67
SKU-0034,2026-10-05,5,3.969571967782255,2.193540684811337,5.745603250753173,Small Appliances,Kitchen,3288.08,6117.43
SKU-0035,2026-10-05,5,28.415027810020042,0.3792879754680989,56.45076764457198,Furnishings,Throws,2703.3,5588.68
SKU-0036,2026-10-05,5,73.78251664643548,45.16397273909486,102.4010605537761,Furnishings,Bedding,359.77,690.5
SKU-0037,2026-10-05,5,2.4528215151189947,0.0,15.392407418713377,Furnishings,Cushions,804.34,1245.31
SKU-0038,2026-10-05,5,2.1329566015654073,0.0,11.036107661202381,Decor,Planters,4176.52,8361.43
SKU-0039,2026-10-05,5,26.484379907199877,2.975180370621832,49.99357944377792,Decor,Wall Decor,2732.75,4021.69
SKU-0040,2026-10-05,5,1.24233905022707,0.5166561495041214,1.9680219509500185,Small Appliances,Cleaning,3561.42,5443.96
SKU-0041,2026-10-05,5,77.8302798503789,45.00888932595362,110.65167037480418,Furnishings,Throws,2299.85,5383.8
SKU-0042,2026-10-05,5,25.040344499814964,0.0,51.20946825000543,Decor,Wall Decor,1333.33,2353.31
SKU-0043,2026-10-05,5,12.573909532280005,2.94513592913275,22.20268313542726,Decor,Wall Decor,2076.1,3052.97
SKU-0044,2026-10-05,5,29.30112266907423,19.251158879049544,39.35108645909891,Small Appliances,Kitchen,785.88,1553.16
SKU-0045,2026-10-05,5,25.710136736306616,2.7935881883314515,48.62668528428178,Furnishings,Cushions,3084.08,5295.9
SKU-0046,2026-10-05,5,30.557174864385452,22.48945274425889,38.62489698451201,Decor,Planters,3500.56,5434.11
SKU-0047,2026-10-05,5,11.499202369170481,2.9758246731770015,20.02258006516396,Decor,Planters,1174.52,1744.8
SKU-0048,2026-10-05,5,20.828788207501663,14.174603555209888,27.48297285979344,Decor,Wall Decor,3764.69,8349.48
SKU-0049,2026-10-05,5,3.4070338931035793,0.0,19.03020007027598,Small Appliances,Kitchen,4296.53,7417.41
SKU-0050,2026-10-05,5,49.65135406135362,26.968106309172914,72.33460181353433,Decor,Planters,4223.71,6784.87
SKU-0051,2026-10-05,5,40.552506705554,14.562391543160796,66.5426218679472,Decor,Lighting,2059.62,4928.17
SKU-0052,2026-10-05,5,34.676283285976325,19.543659120231567,49.80890745172108,Small Appliances,Kitchen,4028.22,9259.97
SKU-0053,2026-10-05,5,5.851604473388722,3.0215197415103088,8.681689205267135,Furnishings,Throws,1544.81,3372.96
SKU-0054,2026-10-05,5,1.6058833249616646,0.0,15.433629247610874,Decor,Wall Decor,588.1,1269.97
SKU-0055,2026-10-05,5,109.38802172257896,66.46728644596246,152.30875699919545,Decor,Lighting,4227.03,7096.85
SKU-0056,2026-10-05,5,51.63196844533654,36.25823909229533,67.00569779837775,Furnishings,Cushions,842.19,1364.6
SKU-0057,2026-10-05,5,51.81416018869429,29.261222266900205,74.36709811048837,Decor,Wall Decor,3958.11,6477.89
SKU-0058,2026-10-05,5,22.707689712567646,4.703464111356656,40.71191531377863,Furnishings,Bedding,4378.29,8431.29
SKU-0059,2026-10-05,5,37.781378315709716,17.565811841987035,57.9969447894324,Decor,Lighting,240.2,400.7
SKU-0060,2026-10-05,5,41.07894829344044,30.95835604005453,51.199540546826356,Furnishings,Cushions,706.32,1363.91
SKU-0061,2026-10-05,5,23.76067669197975,14.0806890150919,33.4406643688676,Small Appliances,Climate,2690.42,4411.72
SKU-0062,2026-10-05,5,10.033330587552484,7.111566936157659,12.95509423894731,Small Appliances,Kitchen,3372.41,5309.88
SKU-0063,2026-10-05,5,2.0309805061316935,0.0,18.16462001768683,Decor,Lighting,4187.07,7652.7
SKU-0064,2026-10-05,5,3.7129987899547285,0.0,18.61363452152057,Furnishings,Cushions,3043.57,7176.26
SKU-0065,2026-10-05,5,75.50798639987651,47.79418214180566,103.22179065794737,Decor,Lighting,4175.17,6152.6
SKU-0066,2026-10-05,5,14.489001785501975,8.33322056911187,20.64478300189208,Decor,Lighting,637.48,1009.34
SKU-0067,2026-10-05,5,79.92986425195032,48.306847889813135,111.55288061408751,Small Appliances,Cleaning,4354.12,8778.95
SKU-0068,2026-10-05,5,42.47463616104791,31.249712475592005,53.69955984650382,Small Appliances,Climate,2199.09,4828.16
SKU-0069,2026-10-05,5,33.47734092552159,20.57637843971773,46.37830341132545,Small Appliances,Kitchen,651.5,1458.03
SKU-0070,2026-10-05,5,1.370334059072076,0.6087450752834287,2.1319230428607234,Small Appliances,Cleaning,2472.92,5009.43
SKU-0071,2026-10-05,5,35.78875382454607,25.73947129044396,45.83803635864818,Small Appliances,Climate,2785.42,5130.58
SKU-0072,2026-10-05,5,1.2928077497897104,0.0,18.969743316719708,Decor,Planters,2996.34,6814.03
SKU-0073,2026-10-05,5,34.19528395803345,13.399062983362608,54.99150493270429,Furnishings,Throws,1250.67,2094.66
SKU-0074,2026-10-05,5,24.603917522401545,4.54252058525535,44.665314459547744,Small Appliances,Climate,634.8,960.6
SKU-0075,2026-10-05,5,31.24343929673267,16.054522651322667,46.43235594214268,Decor,Wall Decor,811.47,1812.36
SKU-0076,2026-10-05,5,31.20017733678592,22.52731503086394,39.8730396427079,Furnishings,Bedding,4158.59,6683.92
SKU-0077,2026-10-05,5,97.55746219816308,62.450969762107654,132.6639546342185,Furnishings,Cushions,843.61,1315.79
SKU-0078,2026-10-05,5,40.98634442388868,22.88453120440379,59.08815764337358,Small Appliances,Bedding,934.45,1402.34
SKU-0079,2026-10-05,5,17.0478961765481,11.15666875757076,22.93912359552544,Decor,Wall Decor,3120.69,5691.98
SKU-0080,2026-10-05,5,68.8915095485019,44.012649867053526,93.77036922995028,Furnishings,Bedding,3960.02,8944.0
SKU-0081,2026-10-05,5,75.16659875956029,51.54293621976724,98.79026129935333,Decor,Lighting,964.07,1614.73
SKU-0082,2026-10-05,5,3.0678274210810987,0.0,12.34687045613639,Furnishings,Throws,1978.25,2961.03
SKU-0083,2026-10-05,5,6.960209391543943,3.5583333618681796,10.362085421219707,Furnishings,Throws,2442.61,3777.71
SKU-0084,2026-10-05,5,2.756720279376645,1.4006734059633277,4.112767152789962,Small Appliances,Kitchen,4175.32,6447.35
SKU-0085,2026-10-05,5,34.590617217942984,13.537979753489136,55.64325468239683,Small Appliances,Climate,4079.46,9711.53
SKU-0086,2026-10-05,5,19.53062879720682,10.223093996152562,28.838163598261076,Small Appliances,Cleaning,2955.53,6472.75
SKU-0087,2026-10-05,5,2.7314944406997914,0.0,16.217903893296487,Small Appliances,Kitchen,2495.81,4838.16
SKU-0088,2026-10-05,5,64.96245122805179,44.6982158057362,85.22668665036738,Small Appliances,Climate,1843.59,3793.34
SKU-0089,2026-10-05,5,2.950239634932281,0.0,12.834310998398431,Furnishings,Cushions,783.8,1492.34
SKU-0090,2026-10-05,5,31.893628437842878,18.901543882387585,44.88571299329817,Decor,Wall Decor,1767.65,3178.36
SKU-0091,2026-10-05,5,1.9117805367550225,0.0,20.906103405051265,Small Appliances,Kitchen,1819.28,3823.14
SKU-0092,2026-10-05,5,21.93352887697007,13.085111030145585,30.781946723794555,Furnishings,Bedding,4138.62,7891.79
SKU-0093,2026-10-05,5,23.23122558186614,4.527682874366729,41.93476828936555,Small Appliances,Kitchen,2493.08,5624.72
SKU-0094,2026-10-05,5,24.618634283046397,17.35441620456972,31.882852361523074,Decor,Lighting,2481.36,5089.94
SKU-0095,2026-10-05,5,39.64320991842822,29.366742897458316,49.91967693939812,Furnishings,Cushions,3354.74,5509.44
SKU-0096,2026-10-05,5,2.7597980664503923,0.0,13.303019476568332,Small Appliances,Cleaning,750.68,1526.63
SKU-0097,2026-10-05,5,2.5861679946500002,1.2471277621614096,3.925208227138591,Decor,Lighting,3315.09,5072.98
SKU-0098,2026-10-05,5,2.184871167929191,0.0,17.437693418122343,Small Appliances,Climate,4322.36,9556.05
SKU-0099,2026-10-05,5,53.970694924781675,36.659575092389225,71.28181475717412,Decor,Wall Decor,3560.94,7853.15
SKU-0100,2026-10-05,5,23.997992089567457,1.372431269902954,46.62355290923196,Small Appliances,Kitchen,2729.13,4203.67
SKU-0101,2026-10-05,5,4.521272501559419,0.0,15.469344475225732,Decor,Wall Decor,919.98,1827.73
SKU-0102,2026-10-05,5,2.9456090658020586,0.0,13.43139812120978,Decor,Wall Decor,2437.77,5303.92
SKU-0103,2026-10-05,5,81.7276502254297,48.29456253266904,115.16073791819036,Small Appliances,Climate,2306.1,4657.43
SKU-0104,2026-10-05,5,34.332085295915554,19.77053573432041,48.8936348575107,Small Appliances,Climate,685.89,1051.69
SKU-0105,2026-10-05,5,46.405058863665516,26.765197491784093,66.04492023554694,Decor,Wall Decor,1988.39,4345.84
SKU-0106,2026-10-05,5,53.3120748412746,23.60004568143887,83.02410400111033,Small Appliances,Climate,4060.94,8830.13
SKU-0107,2026-10-05,5,30.177775121537607,16.16457319665454,44.19097704642067,Decor,Lighting,1753.31,3066.04
SKU-0108,2026-10-05,5,1.560170286072026,0.0,21.896937649994964,Furnishings,Bedding,4224.07,7882.15
SKU-0109,2026-10-05,5,148.79737152087066,89.03989561075453,208.5548474309868,Small Appliances,Cleaning,3332.24,6582.32
SKU-0110,2026-10-05,5,2.02418717451689,0.0,17.64564673402684,Small Appliances,Cleaning,2250.88,4068.56
SKU-0111,2026-10-05,5,1.6413997498978936,0.0,10.347205167391204,Decor,Planters,3280.72,7721.62
SKU-0112,2026-10-05,5,33.428860121826,11.887424262951342,54.970295980700655,Furnishings,Cushions,2932.16,4591.25
SKU-0113,2026-10-05,5,17.169177225019432,12.2786331401348,22.059721309904063,Decor,Wall Decor,3143.94,4595.46
SKU-0114,2026-10-05,5,44.2888936471437,29.645191183310274,58.93259611097713,Decor,Planters,1455.95,2745.37
SKU-0115,2026-10-05,5,69.08262730155649,49.465421474603716,88.69983312850925,Furnishings,Throws,1484.33,3447.39
SKU-0116,2026-10-05,5,74.8414139663989,54.56553346366897,95.11729446912884,Small Appliances,Cleaning,4487.19,10254.31
SKU-0117,2026-10-05,5,101.47460320979215,67.22894781199949,135.7202586075848,Small Appliances,Kitchen,3795.39,5887.02
SKU-0118,2026-10-05,5,32.64221288250063,12.202923050230588,53.08150271477067,Small Appliances,Kitchen,2988.54,4590.15
SKU-0119,2026-10-05,5,52.315262983994,36.06153161005277,68.56899435793524,Small Appliances,Climate,305.28,512.5
SKU-0120,2026-10-05,5,25.470075212895125,1.6199628824342867,49.320187543355964,Furnishings,Bedding,1036.24,2399.01
SKU-0121,2026-10-05,5,54.353344302389196,34.719806085964834,73.98688251881356,Furnishings,Throws,336.22,489.25
SKU-0122,2026-10-05,5,2.0591864185951168,0.0,21.16094239794331,Furnishings,Bedding,3642.4,6106.94
SKU-0123,2026-10-05,5,20.713231683705363,14.62038284883803,26.806080518572696,Furnishings,Bedding,427.24,944.59
SKU-0124,2026-10-05,5,42.18510595763132,22.48743159392732,61.882780321335325,Small Appliances,Kitchen,3195.88,7178.21
SKU-0125,2026-10-05,5,54.00256110831297,37.3632458437388,70.64187637288714,Decor,Lighting,1051.7,1649.78
SKU-0126,2026-10-05,5,8.319102736506629,4.957493581602087,11.680711891411171,Decor,Wall Decor,2901.65,6553.59
SKU-0127,2026-10-05,5,1.373572693645945,0.0,15.369193488037558,Decor,Lighting,3353.56,5477.67
SKU-0128,2026-10-05,5,39.97244630585764,24.08322114888597,55.86167146282931,Furnishings,Cushions,4414.48,8965.66
SKU-0129,2026-10-05,5,45.44334394941043,30.509029113086797,60.37765878573407,Decor,Lighting,2842.45,4235.91
SKU-0130,2026-10-05,5,3.0256397959601373,0.0,22.784346429712347,Small Appliances,Cleaning,927.91,1426.32
SKU-0131,2026-10-05,5,2.8739362178880166,0.0,24.633028538876573,Small Appliances,Kitchen,4413.72,8322.65
SKU-0132,2026-10-05,5,52.15675457003447,32.540666096386474,71.77284304368247,Small Appliances,Kitchen,2652.82,4212.34
SKU-0133,2026-10-05,5,9.160240988206228,4.835559293847214,13.48492268256524,Furnishings,Bedding,1481.8,2962.29
SKU-0134,2026-10-05,5,36.630594710800295,18.490749407342438,54.770440014258156,Small Appliances,Kitchen,4243.37,6751.27
SKU-0135,2026-10-05,5,1.9526580686549104,0.0,20.14673270393344,Decor,Wall Decor,1925.43,3659.2
SKU-0136,2026-10-05,5,75.6788293203509,45.24650624564437,106.11115239505743,Furnishings,Bedding,1381.29,2402.71
SKU-0137,2026-10-05,5,4.643310357156934,0.0,12.001393645893764,Decor,Wall Decor,2819.47,5788.08
SKU-0138,2026-10-05,5,23.11943478392548,5.374127412910578,40.86474215494039,Decor,Lighting,1120.16,2250.28
SKU-0139,2026-10-05,5,14.58269749010308,7.888252700881866,21.277142279324295,Decor,Lighting,335.78,620.35
SKU-0140,2026-10-05,5,60.071102420900225,39.94054590960066,80.20165893219979,Decor,Lighting,2653.02,5272.83
SKU-0141,2026-10-05,5,30.696565860439843,18.73579805972075,42.65733366115894,Decor,Planters,2979.14,6166.26
SKU-0142,2026-10-05,5,18.910382616706457,11.737799114041888,26.082966119371026,Furnishings,Cushions,2552.3,4746.89
SKU-0143,2026-10-05,5,5.086368294765564,0.0,14.541944275843662,Decor,Wall Decor,1738.04,3366.76
SKU-0144,2026-10-05,5,34.80753801063678,18.788432638233584,50.82664338303998,Small Appliances,Cleaning,4158.97,8020.37
SKU-0145,2026-10-05,5,26.412188139450304,8.662875887384061,44.16150039151655,Small Appliances,Cleaning,3635.44,6357.4
SKU-0146,2026-10-05,5,60.4520371218535,40.73949974932407,80.16457449438293,Small Appliances,Cleaning,680.5,1033.31
SKU-0147,2026-10-05,5,2.257647560290306,0.0,20.044115909433685,Small Appliances,Climate,420.05,721.05
SKU-0148,2026-10-05,5,31.79975716932601,16.699008053089454,46.90050628556257,Decor,Wall Decor,1536.02,3310.98
SKU-0149,2026-10-05,5,18.857478242782012,5.993270749474727,31.7216857360893,Small Appliances,Kitchen,3753.39,8496.63
SKU-0150,2026-10-05,5,18.09890889851129,0.0,36.9521751226161,Decor,Planters,2775.63,4340.22
SKU-0151,2026-10-05,5,51.74674349969359,37.09179194911978,66.4016950502674,Decor,Wall Decor,4320.41,10350.37
SKU-0152,2026-10-05,5,50.08263451449705,24.12505372329444,76.04021530569966,Small Appliances,Cleaning,3150.71,6679.93
SKU-0153,2026-10-05,5,11.948439591531933,6.949225476869537,16.94765370619433,Small Appliances,Cleaning,2948.64,4305.58
SKU-0154,2026-10-05,5,44.720655350644925,32.391824538492656,57.049486162797194,Furnishings,Bedding,887.41,1426.61
SKU-0155,2026-10-05,5,1.9182310250046366,0.0,20.746104361022333,Decor,Planters,4453.05,8808.89
SKU-0156,2026-10-05,5,2.134289112232648,0.0,24.22773763440407,Small Appliances,Climate,791.69,1485.08
SKU-0157,2026-10-05,5,24.29361032868491,14.17000700504615,34.41721365232367,Small Appliances,Cleaning,525.81,1139.73
SKU-0158,2026-10-05,5,52.93722966847761,26.104205919618867,79.77025341733636,Decor,Wall Decor,830.91,1347.64
SKU-0159,2026-10-05,5,1.42179760404139,0.07467606911745861,2.7689191389653214,Furnishings,Bedding,372.88,623.16
SKU-0160,2026-10-05,5,50.52218545288287,34.81604286572974,66.228328040036,Furnishings,Cushions,2713.44,5206.08
SKU-0161,2026-10-05,5,45.40437063577241,25.60787383827312,65.2008674332717,Decor,Cushions,1232.64,2775.18
SKU-0162,2026-10-05,5,1.42179760404139,0.28368555532093453,2.5599096527618457,Decor,Wall Decor,3075.28,6687.99
SKU-0163,2026-10-05,5,22.89454298672443,5.028912548676971,40.76017342477189,Decor,Lighting,1763.75,3461.45
SKU-0164,2026-10-05,5,2.205926438375049,0.0,17.80055219739741,Decor,Planters,2264.71,4937.51
SKU-0165,2026-10-05,5,1.3339849116612001,0.0,18.07562700386493,Small Appliances,Climate,2360.7,5462.84
SKU-0166,2026-10-05,5,19.746564562166636,5.415430995702161,34.07769812863111,Decor,Lighting,1651.35,3176.99
SKU-0167,2026-10-05,5,43.46645541343703,21.300125850657583,65.63278497621648,Small Appliances,Cleaning,633.51,1158.45
SKU-0168,2026-10-05,5,1.8939988030250783,0.0,22.64320251509402,Small Appliances,Cleaning,946.83,1677.7
SKU-0169,2026-10-05,5,17.447665802715143,0.0,36.16719264499495,Furnishings,Cushions,287.24,669.58
SKU-0170,2026-10-05,5,24.566793388778475,16.476323635249546,32.6572631423074,Decor,Wall Decor,2765.42,4029.08
SKU-0171,2026-10-05,5,27.09111332549794,13.80098780092063,40.38123885007525,Decor,Lighting,3217.1,6601.75
SKU-0172,2026-10-05,5,1.6017731996376547,0.0,12.120683143779086,Small Appliances,Climate,2242.83,4874.48
SKU-0173,2026-10-05,5,42.88789567504359,21.483421643318035,64.29236970676914,Decor,Planters,3293.41,7789.08
SKU-0174,2026-10-05,5,77.04115378529268,50.94593414653424,103.13637342405111,Small Appliances,Cleaning,672.93,1443.97
SKU-0175,2026-10-05,5,53.2298414157312,29.801814155932085,76.65786867553032,Small Appliances,Cleaning,2569.41,5322.27
SKU-0176,2026-10-05,5,7.533416134094874,2.0106833036653633,13.056148964524384,Small Appliances,Kitchen,1425.15,3059.89
SKU-0177,2026-10-05,5,1.9302164596686093,0.0,20.760987300177394,Small Appliances,Climate,1676.85,2628.76
SKU-0178,2026-10-05,5,16.598941947347363,11.751116635261543,21.446767259433184,Furnishings,Throws,2295.5,5477.67
SKU-0179,2026-10-05,5,38.57508214925786,27.711826457639265,49.43833784087646,Small Appliances,Cleaning,4404.6,8108.86
SKU-0180,2026-10-05,5,2.300645574256442,0.0,17.878465912354013,Small Appliances,Cleaning,2579.59,5705.94
SKU-0001,2026-10-12,6,68.0003999315805,45.401842124864245,90.59895773829676,Furnishings,Bedding,2075.95,4703.41
SKU-0002,2026-10-12,6,2.926453516192842,0.0,15.19630346929655,Small Appliances,Kitchen,4394.69,9550.02
SKU-0003,2026-10-12,6,53.01407952478859,35.271404211795584,70.7567548377816,Small Appliances,Climate,733.45,1377.32
SKU-0004,2026-10-12,6,47.896735967560865,27.081892743343953,68.71157919177777,Decor,Lighting,2961.5,6608.95
SKU-0005,2026-10-12,6,49.48305584841547,35.7313314303659,63.23478026646504,Decor,Wall Decor,1161.67,2296.45
SKU-0006,2026-10-12,6,43.806502918613816,19.99931845583153,67.6136873813961,Furnishings,Bedding,2908.79,6312.61
SKU-0007,2026-10-12,6,1.8850855395437232,0.0,16.62105916062415,Decor,Cleaning,4373.42,10052.15
SKU-0008,2026-10-12,6,3.6653179658983395,2.3829175916889342,4.947718340107745,Small Appliances,Climate,2196.23,3275.93
SKU-0009,2026-10-12,6,120.10124993595741,85.85789522271395,154.34460464920087,Decor,Lighting,3130.77,6754.71
SKU-0010,2026-10-12,6,1.9602982247043343,0.0,14.24193175273521,Small Appliances,Cleaning,1780.39,3375.76
SKU-0011,2026-10-12,6,42.25717583825647,23.584492013535243,60.929859662977705,Small Appliances,Kitchen,741.26,1409.82
SKU-0012,2026-10-12,6,2.7913209955745386,0.0,12.310587864449294,Furnishings,Throws,2068.5,4635.6
SKU-0013,2026-10-12,6,40.30437547639374,28.681812426765262,51.92693852602221,Decor,Planters,1529.42,3426.89
SKU-0014,2026-10-12,6,1.1955560276208497,0.0,16.913074906176284,Small Appliances,Climate,1425.58,2991.4
SKU-0015,2026-10-12,6,46.172057812480574,28.021211790241917,64.32290383471923,Decor,Lighting,1043.6,1520.52
SKU-0016,2026-10-12,6,1.5833121504237428,0.0,19.788799788826577,Small Appliances,Climate,3226.31,7071.08
SKU-0017,2026-10-12,6,1.7409935029382615,0.0,17.329934909914346,Decor,Wall Decor,2636.96,4173.8
SKU-0018,2026-10-12,6,35.95964836511686,22.485227093592112,49.43406963664161,Furnishings,Throws,2215.14,4401.43
SKU-0019,2026-10-12,6,1.4947528411642121,0.0,16.399053490523897,Furnishings,Bedding,2921.98,5773.54
SKU-0020,2026-10-12,6,63.952172761298634,46.96684453354921,80.93750098904806,Decor,Planters,313.13,583.95
SKU-0021,2026-10-12,6,1.529727095096744,0.0,12.195634042962945,Small Appliances,Kitchen,1944.84,4396.76
SKU-0022,2026-10-12,6,3.9850932346621546,0.0,26.971335594212256,Furnishings,Bedding,1395.58,2412.84
SKU-0023,2026-10-12,6,90.66245161065278,57.79670301098835,123.52820021031721,Decor,Wall Decor,2586.38,5676.34
SKU-0024,2026-10-12,6,71.11772967423718,50.65446206887368,91.5809972796007,Decor,Wall Decor,3696.57,5946.39
SKU-0025,2026-10-12,6,6.77874249298419,0.0,16.10251870580236,Decor,Lighting,569.01,1215.54
SKU-0026,2026-10-12,6,19.15759421829312,2.7684409864533386,35.5467474501329,Decor,Planters,2344.51,3738.78
SKU-0027,2026-10-12,6,21.110402193424246,5.7917203307784,36.429084056070096,Decor,Planters,2107.4,3818.55
SKU-0028,2026-10-12,6,9.264874146500095,2.2384418368453485,16.291306456154842,Furnishings,Bedding,1743.03,2672.53
SKU-0029,2026-10-12,6,18.04788644146238,12.560669864422934,23.53510301850183,Decor,Lighting,4335.4,10028.44
SKU-0030,2026-10-12,6,2.6851929227490885,0.0,24.488434510248343,Small Appliances,Cleaning,4366.84,9562.56
SKU-0031,2026-10-12,6,39.7874339539166,11.705200857311013,67.86966705052218,Furnishings,Bedding,2121.24,3624.41
SKU-0032,2026-10-12,6,51.46798063884773,37.12570245655477,65.81025882114068,Furnishings,Throws,2148.95,3529.1
SKU-0033,2026-10-12,6,2.885642266473601,0.0,10.45174177743642,Small Appliances,Kitchen,2682.23,4339.67
SKU-0034,2026-10-12,6,3.712324003495942,1.9427865073518593,5.481861499640025,Small Appliances,Kitchen,3288.08,6117.43
SKU-0035,2026-10-12,6,31.891937691015485,4.318787478180905,59.46508790385006,Furnishings,Throws,2703.3,5588.68
SKU-0036,2026-10-12,6,80.36422043108445,52.08614016442945,108.64230069773944,Furnishings,Bedding,359.77,690.5
SKU-0037,2026-10-12,6,1.5408786702031316,0.0,14.52607136343538,Furnishings,Cushions,804.34,1245.31
SKU-0038,2026-10-12,6,1.8686639390173199,0.0,10.985813537751046,Decor,Planters,4176.52,8361.43
SKU-0039,2026-10-12,6,30.836925569300984,7.635075937951971,54.038775200649994,Decor,Wall Decor,2732.75,4021.69
SKU-0040,2026-10-12,6,1.1600752725900527,0.4258469869356518,1.8943035582444536,Small Appliances,Cleaning,3561.42,5443.96
SKU-0041,2026-10-12,6,82.57913886991523,51.19128569318597,113.96699204664449,Furnishings,Throws,2299.85,5383.8
SKU-0042,2026-10-12,6,28.230872575382485,2.4281249063199937,54.033620244444975,Decor,Wall Decor,1333.33,2353.31
SKU-0043,2026-10-12,6,13.334638261403517,4.817351764754022,21.851924758053013,Decor,Wall Decor,2076.1,3052.97
SKU-0044,2026-10-12,6,29.194595150241963,20.426729545306785,37.96246075517714,Small Appliances,Kitchen,785.88,1553.16
SKU-0045,2026-10-12,6,27.537850492379743,4.583527146102927,50.492173838656555,Furnishings,Cushions,3084.08,5295.9
SKU-0046,2026-10-12,6,32.158554432031025,23.494182906316574,40.822925957745476,Decor,Planters,3500.56,5434.11
SKU-0047,2026-10-12,6,12.44059031886801,4.296685663062641,20.584494974673376,Decor,Planters,1174.52,1744.8
SKU-0048,2026-10-12,6,20.484314456901007,13.748197343163426,27.22043157063859,Decor,Wall Decor,3764.69,8349.48
SKU-0049,2026-10-12,6,3.2334391491607914,0.0,19.44249312691482,Small Appliances,Kitchen,4296.53,7417.41
SKU-0050,2026-10-12,6,59.56048209548877,37.02580076618071,82.09516342479684,Decor,Planters,4223.71,6784.87
SKU-0051,2026-10-12,6,48.89114777139634,23.620740854819843,74.16155468797284,Decor,Lighting,2059.62,4928.17
SKU-0052,2026-10-12,6,37.59309930848114,23.18025934201043,52.00593927495186,Small Appliances,Kitchen,4028.22,9259.97
SKU-0053,2026-10-12,6,5.28612071825767,2.4300248625813117,8.142216573934029,Furnishings,Throws,1544.81,3372.96
SKU-0054,2026-10-12,6,1.253234260079939,0.0,15.252626745253234,Decor,Wall Decor,588.1,1269.97
SKU-0055,2026-10-12,6,134.800343302704,91.85454023086544,177.74614637454255,Decor,Lighting,4227.03,7096.85
SKU-0056,2026-10-12,6,59.419348206977844,43.67497030464897,75.16372610930671,Furnishings,Cushions,842.19,1364.6
SKU-0057,2026-10-12,6,62.69926348824525,40.53046356724196,84.86806340924855,Decor,Wall Decor,3958.11,6477.89
SKU-0058,2026-10-12,6,26.867163988131093,9.090046964503188,44.644281011759,Furnishings,Bedding,4378.29,8431.29
SKU-0059,2026-10-12,6,45.14860682932894,25.37518598538498,64.92202767327291,Decor,Lighting,240.2,400.7
SKU-0060,2026-10-12,6,41.397382975430354,30.71672643081267,52.07803952004804,Furnishings,Cushions,706.32,1363.91
SKU-0061,2026-10-12,6,28.558212051604222,18.93372847642241,38.182695626786035,Small Appliances,Climate,2690.42,4411.72
SKU-0062,2026-10-12,6,9.663007010480262,6.419370687373129,12.906643333587397,Small Appliances,Kitchen,3372.41,5309.88
SKU-0063,2026-10-12,6,1.6306987413578695,0.0,17.783146685784125,Decor,Lighting,4187.07,7652.7
SKU-0064,2026-10-12,6,3.8640313506948183,0.0,18.388845376817365,Furnishings,Cushions,3043.57,7176.26
SKU-0065,2026-10-12,6,85.02653506741021,58.61894027503418,111.43412985978624,Decor,Lighting,4175.17,6152.6
SKU-0066,2026-10-12,6,15.45951475800444,9.20996289178978,21.709066624219098,Decor,Lighting,637.48,1009.34
SKU-0067,2026-10-12,6,94.53293033773888,65.67288633809301,123.39297433738474,Small Appliances,Cleaning,4354.12,8778.95
SKU-0068,2026-10-12,6,45.843287982609404,34.35497605094049,57.331599914278314,Small Appliances,Climate,2199.09,4828.16
SKU-0069,2026-10-12,6,38.21960155801376,25.083901980168143,51.35530113585937,Small Appliances,Kitchen,651.5,1458.03
SKU-0070,2026-10-12,6,1.2798734927895543,0.6192999531859866,1.940447032393122,Small Appliances,Cleaning,2472.92,5009.43
SKU-0071,2026-10-12,6,34.186172478888395,23.727827215134084,44.644517742642705,Small Appliances,Climate,2785.42,5130.58
SKU-0072,2026-10-12,6,2.316783922024609,0.0,17.712196895157533,Decor,Planters,2996.34,6814.03
SKU-0073,2026-10-12,6,41.09363545417863,21.297352097962065,60.8899188103952,Furnishings,Throws,1250.67,2094.66
SKU-0074,2026-10-12,6,28.73881433931629,10.094390640003748,47.38323803862883,Small Appliances,Climate,634.8,960.6
SKU-0075,2026-10-12,6,34.840830510922274,20.44867710786163,49.23298391398292,Decor,Wall Decor,811.47,1812.36
SKU-0076,2026-10-12,6,33.67181426931593,24.850174592162162,42.4934539464697,Furnishings,Bedding,4158.59,6683.92
SKU-0077,2026-10-12,6,110.97636217285161,75.80073990982652,146.1519844358767,Furnishings,Cushions,843.61,1315.79
SKU-0078,2026-10-12,6,46.20123407605726,28.099909826419765,64.30255832569476,Small Appliances,Bedding,934.45,1402.34
SKU-0079,2026-10-12,6,19.503816350535093,13.406133822170785,25.6014988788994,Decor,Wall Decor,3120.69,5691.98
SKU-0080,2026-10-12,6,79.90827233960312,54.632125512755366,105.18441916645087,Furnishings,Bedding,3960.02,8944.0
SKU-0081,2026-10-12,6,90.35436247065951,66.46072245976961,114.2480024815494,Decor,Lighting,964.07,1614.73
SKU-0082,2026-10-12,6,2.798084547256932,0.0,12.441225020079475,Furnishings,Throws,1978.25,2961.03
SKU-0083,2026-10-12,6,9.128207551697544,5.742813812875605,12.513601290519484,Furnishings,Throws,2442.61,3777.71
SKU-0084,2026-10-12,6,2.3896093641705787,1.0934063375366168,3.6858123908045406,Small Appliances,Kitchen,4175.32,6447.35
SKU-0085,2026-10-12,6,42.245475980439686,21.44699911365203,63.043952847227345,Small Appliances,Climate,4079.46,9711.53
SKU-0086,2026-10-12,6,20.198016635636904,11.214229948023055,29.181803323250755,Small Appliances,Cleaning,2955.53,6472.75
SKU-0087,2026-10-12,6,2.436087989790932,0.0,16.458477337446556,Small Appliances,Kitchen,2495.81,4838.16
SKU-0088,2026-10-12,6,71.35146791003089,51.61859754635907,91.08433827370271,Small Appliances,Climate,1843.59,3793.34
SKU-0089,2026-10-12,6,2.806332377734353,0.0,12.56449212067402,Furnishings,Cushions,783.8,1492.34
SKU-0090,2026-10-12,6,32.92116005516524,19.766579967986686,46.07574014234379,Decor,Wall Decor,1767.65,3178.36
SKU-0091,2026-10-12,6,2.103000353315396,0.0,21.411876818334626,Small Appliances,Kitchen,1819.28,3823.14
SKU-0092,2026-10-12,6,23.710315779797586,15.43690096716327,31.983730592431904,Furnishings,Bedding,4138.62,7891.79
SKU-0093,2026-10-12,6,26.513307517966076,8.393494029113157,44.633121006818996,Small Appliances,Kitchen,2493.08,5624.72
SKU-0094,2026-10-12,6,27.9168980719354,20.29309601846567,35.54070012540513,Decor,Lighting,2481.36,5089.94
SKU-0095,2026-10-12,6,39.790190455526506,28.58791497578256,50.99246593527045,Furnishings,Cushions,3354.74,5509.44
SKU-0096,2026-10-12,6,2.7032939659951505,0.0,13.540998674277603,Small Appliances,Cleaning,750.68,1526.63
SKU-0097,2026-10-12,6,1.9716621026436096,0.688629976624533,3.2546942286626863,Decor,Lighting,3315.09,5072.98
SKU-0098,2026-10-12,6,1.6306987413578695,0.0,17.58929789927452,Small Appliances,Climate,4322.36,9556.05
SKU-0099,2026-10-12,6,62.53965073788417,44.917854911526575,80.16144656424177,Decor,Wall Decor,3560.94,7853.15
SKU-0100,2026-10-12,6,26.95913017201675,4.915169754654617,49.003090589378886,Small Appliances,Kitchen,2729.13,4203.67
SKU-0101,2026-10-12,6,7.145428973178299,0.0,18.407236407472944,Decor,Wall Decor,919.98,1827.73
SKU-0102,2026-10-12,6,1.7967567228371026,0.0,11.948501183447318,Decor,Wall Decor,2437.77,5303.92
SKU-0103,2026-10-12,6,94.2073630873955,62.026670241065375,126.38805593372564,Small Appliances,Climate,2306.1,4657.43
SKU-0104,2026-10-12,6,39.509925716326705,25.083300801125898,53.93655063152751,Small Appliances,Climate,685.89,1051.69
SKU-0105,2026-10-12,6,53.15740264126758,33.33826635568893,72.97653892684623,Decor,Wall Decor,1988.39,4345.84
SKU-0106,2026-10-12,6,64.60444604708866,35.3142480432148,93.89464405096251,Small Appliances,Climate,4060.94,8830.13
SKU-0107,2026-10-12,6,28.45807517117426,14.412622179969011,42.50352816237951,Decor,Lighting,1753.31,3066.04
SKU-0108,2026-10-12,6,1.9649442349494237,0.0,23.03232999445214,Furnishings,Bedding,4224.07,7882.15
SKU-0109,2026-10-12,6,146.90577833534834,87.04745671719368,206.764099953503,Small Appliances,Cleaning,3332.24,6582.32
SKU-0110,2026-10-12,6,2.071226449338859,0.0,18.351116573913036,Small Appliances,Cleaning,2250.88,4068.56
SKU-0111,2026-10-12,6,1.6538591611484736,0.0,9.99904614529991,Decor,Planters,3280.72,7721.62
SKU-0112,2026-10-12,6,39.74925190843045,19.665344703788715,59.833159113072185,Furnishings,Cushions,2932.16,4591.25
SKU-0113,2026-10-12,6,17.7990816778972,12.614884491604254,22.983278864190144,Decor,Wall Decor,3143.94,4595.46
SKU-0114,2026-10-12,6,50.293002754056104,36.29742311025569,64.28858239785652,Decor,Planters,1455.95,2745.37
SKU-0115,2026-10-12,6,73.41732083799414,55.119855221362954,91.71478645462533,Furnishings,Throws,1484.33,3447.39
SKU-0116,2026-10-12,6,72.50072969129565,51.714812492593985,93.28664688999731,Small Appliances,Cleaning,4487.19,10254.31
SKU-0117,2026-10-12,6,116.91438669162562,82.07223578571754,151.7565375975337,Small Appliances,Kitchen,3795.39,5887.02
SKU-0118,2026-10-12,6,41.44255438825638,21.360011407277298,61.52509736923547,Small Appliances,Kitchen,2988.54,4590.15
SKU-0119,2026-10-12,6,62.89062921109864,46.85444961672377,78.92680880547351,Small Appliances,Climate,305.28,512.5
SKU-0120,2026-10-12,6,30.809019861533816,8.241181441502984,53.37685828156465,Furnishings,Bedding,1036.24,2399.01
SKU-0121,2026-10-12,6,65.21445432067843,45.50200093537543,84.92690770598142,Furnishings,Throws,336.22,489.25
SKU-0122,2026-10-12,6,2.1867273144358856,0.0,22.10655475014343,Furnishings,Bedding,3642.4,6106.94
SKU-0123,2026-10-12,6,20.75229790294119,14.248649036630002,27.25594676925238,Furnishings,Bedding,427.24,944.59
SKU-0124,2026-10-12,6,49.45868149251462,30.047185811906527,68.87017717312271,Small Appliances,Kitchen,3195.88,7178.21
SKU-0125,2026-10-12,6,61.796724496358955,44.7006747024699,78.89277429024801,Decor,Lighting,1051.7,1649.78
SKU-0126,2026-10-12,6,9.391235844730383,5.990096833831483,12.792374855629284,Decor,Wall Decor,2901.65,6553.59
SKU-0127,2026-10-12,6,1.3683801737685746,0.0,15.269491920023018,Decor,Lighting,3353.56,5477.67
SKU-0128,2026-10-12,6,44.97032446656104,29.132469751414412,60.808179181707665,Furnishings,Cushions,4414.48,8965.66
SKU-0129,2026-10-12,6,50.67278151184911,35.4563163980135,65.88924662568472,Decor,Lighting,2842.45,4235.91
SKU-0130,2026-10-12,6,2.7442704228938117,0.0,22.849832586587866,Small Appliances,Cleaning,927.91,1426.32
SKU-0131,2026-10-12,6,2.7016094089020375,0.0,24.09200234117156,Small Appliances,Kitchen,4413.72,8322.65
SKU-0132,2026-10-12,6,62.26376663603194,42.79634064796046,81.73119262410341,Small Appliances,Kitchen,2652.82,4212.34
SKU-0133,2026-10-12,6,9.227768107899356,4.893363890881092,13.56217232491762,Furnishings,Bedding,1481.8,2962.29
SKU-0134,2026-10-12,6,41.25153942761179,23.036930931235254,59.46614792398832,Small Appliances,Kitchen,4243.37,6751.27
SKU-0135,2026-10-12,6,1.8886631394422577,0.0,20.565886292396023,Decor,Wall Decor,1925.43,3659.2
SKU-0136,2026-10-12,6,73.98786717737752,45.27274823510719,102.70298611964786,Furnishings,Bedding,1381.29,2402.71
SKU-0137,2026-10-12,6,6.039255960941299,0.0,12.943843006914218,Decor,Wall Decor,2819.47,5788.08
SKU-0138,2026-10-12,6,26.239075279135395,9.404931569034371,43.07321898923642,Decor,Lighting,1120.16,2250.28
SKU-0139,2026-10-12,6,15.45951475800444,9.839224937296514,21.079804578712366,Decor,Lighting,335.78,620.35
SKU-0140,2026-10-12,6,64.72547674391052,45.431664958449375,84.01928852937166,Decor,Lighting,2653.02,5272.83
SKU-0141,2026-10-12,6,34.836947029343364,22.834883973364526,46.8390100853222,Decor,Planters,2979.14,6166.26
SKU-0142,2026-10-12,6,21.213344890037654,13.754508364944535,28.672181415130773,Furnishings,Cushions,2552.3,4746.89
SKU-0143,2026-10-12,6,6.80279465775017,0.0,16.56413394420486,Decor,Wall Decor,1738.04,3366.76
SKU-0144,2026-10-12,6,39.49660269433507,24.01300650853399,54.98019888013614,Small Appliances,Cleaning,4158.97,8020.37
SKU-0145,2026-10-12,6,29.868818104939244,13.012629892672713,46.725006317205775,Small Appliances,Cleaning,3635.44,6357.4
SKU-0146,2026-10-12,6,63.7601888785562,43.49986953366595,84.02050822344646,Small Appliances,Cleaning,680.5,1033.31
SKU-0147,2026-10-12,6,2.0437050106085604,0.0,19.75356357531968,Small Appliances,Climate,420.05,721.05
SKU-0148,2026-10-12,6,30.796082053225227,15.74554002995067,45.846624076499786,Decor,Wall Decor,1536.02,3310.98
SKU-0149,2026-10-12,6,21.595428920278962,8.814328754087521,34.376529086470406,Small Appliances,Kitchen,3753.39,8496.63
SKU-0150,2026-10-12,6,20.10253160783164,2.327346308177571,37.877716907485706,Decor,Planters,2775.63,4340.22
SKU-0151,2026-10-12,6,57.95074200217528,42.5961512129559,73.30533279139466,Decor,Wall Decor,4320.41,10350.37
SKU-0152,2026-10-12,6,61.06227692346727,36.207866734565535,85.916687112369,Small Appliances,Cleaning,3150.71,6679.93
SKU-0153,2026-10-12,6,10.783680580995835,5.66291545261224,15.90444570937943,Small Appliances,Cleaning,2948.64,4305.58
SKU-0154,2026-10-12,6,51.73563137702511,38.86550872133431,64.60575403271591,Furnishings,Bedding,887.41,1426.61
SKU-0155,2026-10-12,6,2.1604040582262405,0.0,21.101206734737822,Decor,Planters,4453.05,8808.89
SKU-0156,2026-10-12,6,1.965075191913686,0.0,24.466617462341123,Small Appliances,Climate,791.69,1485.08
SKU-0157,2026-10-12,6,27.931808916241796,17.729493349064064,38.13412448341953,Small Appliances,Cleaning,525.81,1139.73
SKU-0158,2026-10-12,6,64.27314533912492,37.56422104338444,90.98206963486541,Decor,Wall Decor,830.91,1347.64
SKU-0159,2026-10-12,6,1.5077695825160922,0.1738381924769805,2.841700972555204,Furnishings,Bedding,372.88,623.16
SKU-0160,2026-10-12,6,58.53987608752505,42.45142632097968,74.62832585407043,Furnishings,Cushions,2713.44,5206.08
SKU-0161,2026-10-12,6,52.70885254230916,33.534495426614356,71.88320965800396,Decor,Cushions,1232.64,2775.18
SKU-0162,2026-10-12,6,1.8880115974489873,0.8771486644536064,2.898874530444368,Decor,Wall Decor,3075.28,6687.99
SKU-0163,2026-10-12,6,26.448816483596662,10.680199199421303,42.21743376777202,Decor,Lighting,1763.75,3461.45
SKU-0164,2026-10-12,6,2.3245185473574987,0.0,18.552466262098186,Decor,Planters,2264.71,4937.51
SKU-0165,2026-10-12,6,1.1911889245519438,0.0,18.038465987857762,Small Appliances,Climate,2360.7,5462.84
SKU-0166,2026-10-12,6,23.256434861057013,8.985247919613867,37.52762180250016,Decor,Lighting,1651.35,3176.99
SKU-0167,2026-10-12,6,50.81726303646499,29.00351207397758,72.63101399895241,Small Appliances,Cleaning,633.51,1158.45
SKU-0168,2026-10-12,6,1.9694152017472537,0.0,23.05063891482648,Small Appliances,Cleaning,946.83,1677.7
SKU-0169,2026-10-12,6,20.68232975942162,2.352598845652711,39.01206067319053,Furnishings,Cushions,287.24,669.58
SKU-0170,2026-10-12,6,26.614368572972754,18.350839619157476,34.87789752678803,Decor,Wall Decor,2765.42,4029.08
SKU-0171,2026-10-12,6,30.995086186063002,19.118379354011594,42.87179301811441,Decor,Lighting,3217.1,6601.75
SKU-0172,2026-10-12,6,1.2900084797533793,0.0,11.791787506840008,Small Appliances,Climate,2242.83,4874.48
SKU-0173,2026-10-12,6,51.06448650402806,29.747725153241625,72.38124785481449,Decor,Planters,3293.41,7789.08
SKU-0174,2026-10-12,6,94.21904428139518,68.1691677706569,120.26892079213347,Small Appliances,Cleaning,672.93,1443.97
SKU-0175,2026-10-12,6,64.7444058404708,41.23160722564958,88.25720445529203,Small Appliances,Cleaning,2569.41,5322.27
SKU-0176,2026-10-12,6,9.17218396023449,4.145483561106704,14.198884359362275,Small Appliances,Kitchen,1425.15,3059.89
SKU-0177,2026-10-12,6,1.9111120260644934,0.0,20.515358579537313,Small Appliances,Climate,1676.85,2628.76
SKU-0178,2026-10-12,6,17.28001621525333,12.16865770298512,22.391374727521537,Furnishings,Throws,2295.5,5477.67
SKU-0179,2026-10-12,6,38.75036613712176,29.938638755451265,47.56209351879225,Small Appliances,Cleaning,4404.6,8108.86
SKU-0180,2026-10-12,6,2.697754489419868,0.0,17.081774803335207,Small Appliances,Cleaning,2579.59,5705.94
SKU-0001,2026-10-19,7,69.26488095578182,48.144950384239905,90.38481152732373,Furnishings,Bedding,2075.95,4703.41
SKU-0002,2026-10-19,7,3.14909769111223,0.0,15.164079538865453,Small Appliances,Kitchen,4394.69,9550.02
SKU-0003,2026-10-19,7,51.929081673105955,33.84532331101168,70.01284003520023,Small Appliances,Climate,733.45,1377.32
SKU-0004,2026-10-19,7,51.21817366497135,30.75592477220442,71.68042255773828,Decor,Lighting,2961.5,6608.95
SKU-0005,2026-10-19,7,44.70173227684272,30.153370383734263,59.250094169951176,Decor,Wall Decor,1161.67,2296.45
SKU-0006,2026-10-19,7,51.56950102311063,28.07284461005871,75.06615743616256,Furnishings,Bedding,2908.79,6312.61
SKU-0007,2026-10-19,7,2.149252758833439,0.0,16.65509547108236,Decor,Cleaning,4373.42,10052.15
SKU-0008,2026-10-19,7,3.7302728835188144,2.414378321555165,5.046167445482464,Small Appliances,Climate,2196.23,3275.93
SKU-0009,2026-10-19,7,133.08481560621757,96.5149939609656,169.65463725146955,Decor,Lighting,3130.77,6754.71
SKU-0010,2026-10-19,7,2.202027634586317,0.0,14.680506993149498,Small Appliances,Cleaning,1780.39,3375.76
SKU-0011,2026-10-19,7,46.52712492465944,27.562119575373817,65.49213027394507,Small Appliances,Kitchen,741.26,1409.82
SKU-0012,2026-10-19,7,2.4496427516380908,0.0,12.073005217249477,Furnishings,Throws,2068.5,4635.6
SKU-0013,2026-10-19,7,41.277218619178825,30.074614740448812,52.47982249790884,Decor,Planters,1529.42,3426.89
SKU-0014,2026-10-19,7,2.2862299012435194,0.0,16.540979060470907,Small Appliances,Climate,1425.58,2991.4
SKU-0015,2026-10-19,7,48.66500218288855,30.33027296239408,66.99973140338302,Decor,Lighting,1043.6,1520.52
SKU-0016,2026-10-19,7,1.1610328664813743,0.0,19.537699435174442,Small Appliances,Climate,3226.31,7071.08
SKU-0017,2026-10-19,7,2.20506526474271,0.0,17.542361819492825,Decor,Wall Decor,2636.96,4173.8
SKU-0018,2026-10-19,7,37.136658465059305,23.314634652712854,50.95868227740576,Furnishings,Throws,2215.14,4401.43
SKU-0019,2026-10-19,7,2.2172503874188374,0.0,16.434527687074873,Furnishings,Bedding,2921.98,5773.54
SKU-0020,2026-10-19,7,61.56451959135323,42.93578272565305,80.19325645705342,Decor,Planters,313.13,583.95
SKU-0021,2026-10-19,7,1.4391724398672088,0.0,12.137227987012935,Small Appliances,Kitchen,1944.84,4396.76
SKU-0022,2026-10-19,7,3.534853875616047,0.0,26.696822536058093,Furnishings,Bedding,1395.58,2412.84
SKU-0023,2026-10-19,7,84.00611991702145,51.693843958800514,116.31839587524239,Decor,Wall Decor,2586.38,5676.34
SKU-0024,2026-10-19,7,72.60026288007917,51.735259914731564,93.46526584542679,Decor,Wall Decor,3696.57,5946.39
SKU-0025,2026-10-19,7,8.447565367587998,0.0,17.030208590008524,Decor,Lighting,569.01,1215.54
SKU-0026,2026-10-19,7,23.028237559725824,7.2496544967744345,38.806820622677215,Decor,Planters,2344.51,3738.78
SKU-0027,2026-10-19,7,24.229316354957742,8.997577213295552,39.461055496619935,Decor,Planters,2107.4,3818.55
SKU-0028,2026-10-19,7,9.122947758843093,2.341685321481,15.904210196205186,Furnishings,Bedding,1743.03,2672.53
SKU-0029,2026-10-19,7,15.68632115308586,9.790199449644977,21.582442856526743,Decor,Lighting,4335.4,10028.44
SKU-0030,2026-10-19,7,2.4979094860888384,0.0,23.47036976060584,Small Appliances,Cleaning,4366.84,9562.56
SKU-0031,2026-10-19,7,46.99568172110311,20.958708167537417,73.0326552746688,Furnishings,Bedding,2121.24,3624.41
SKU-0032,2026-10-19,7,55.03367999671136,39.97861929744878,70.08874069597394,Furnishings,Throws,2148.95,3529.1
SKU-0033,2026-10-19,7,2.488314127795452,0.0,10.048665421431354,Small Appliances,Kitchen,2682.23,4339.67
SKU-0034,2026-10-19,7,3.7302728835188144,1.943172016995655,5.5173737500419735,Small Appliances,Kitchen,3288.08,6117.43
SKU-0035,2026-10-19,7,37.88464191653551,10.84717027462451,64.92211355844651,Furnishings,Throws,2703.3,5588.68
SKU-0036,2026-10-19,7,86.05370846101823,60.10364057143944,112.00377635059702,Furnishings,Bedding,359.77,690.5
SKU-0037,2026-10-19,7,1.2869840382567383,0.0,14.017988488483391,Furnishings,Cushions,804.34,1245.31
SKU-0038,2026-10-19,7,1.513336332708211,0.0,10.18564157260736,Decor,Planters,4176.52,8361.43
SKU-0039,2026-10-19,7,35.145914544142855,13.315090623788215,56.976738464497494,Decor,Wall Decor,2732.75,4021.69
SKU-0040,2026-10-19,7,1.1877614940114865,0.4494880649611944,1.9260349230617786,Small Appliances,Cleaning,3561.42,5443.96
SKU-0041,2026-10-19,7,93.71196947858505,62.21206528881349,125.2118736683566,Furnishings,Throws,2299.85,5383.8
SKU-0042,2026-10-19,7,34.073479548440275,9.159772239370419,58.98718685751013,Decor,Wall Decor,1333.33,2353.31
SKU-0043,2026-10-19,7,13.516757710338249,5.386824606231386,21.646690814445112,Decor,Wall Decor,2076.1,3052.97
SKU-0044,2026-10-19,7,30.232342896474684,21.080148526725026,39.38453726622434,Small Appliances,Kitchen,785.88,1553.16
SKU-0045,2026-10-19,7,32.6351161834077,10.690165845678283,54.58006652113713,Furnishings,Cushions,3084.08,5295.9
SKU-0046,2026-10-19,7,31.040113334534542,21.71682975465962,40.36339691440946,Decor,Planters,3500.56,5434.11
SKU-0047,2026-10-19,7,11.327800836798774,3.7782526441837216,18.87734902941383,Decor,Planters,1174.52,1744.8
SKU-0048,2026-10-19,7,20.937314224725064,14.01994396307622,27.85468448637391,Decor,Wall Decor,3764.69,8349.48
SKU-0049,2026-10-19,7,2.727532670627036,0.0,19.06599308858486,Small Appliances,Kitchen,4296.53,7417.41
SKU-0050,2026-10-19,7,58.24172355754499,36.431412547666525,80.05203456742345,Decor,Planters,4223.71,6784.87
SKU-0051,2026-10-19,7,53.94396136226467,28.878602805096598,79.00931991943276,Decor,Lighting,2059.62,4928.17
SKU-0052,2026-10-19,7,39.482547917527285,24.953806912852002,54.01128892220257,Small Appliances,Kitchen,4028.22,9259.97
SKU-0053,2026-10-19,7,5.557140369619268,2.732415745001425,8.38186499423711,Furnishings,Throws,1544.81,3372.96
SKU-0054,2026-10-19,7,1.6645390746699773,0.0,15.810456761438445,Decor,Wall Decor,588.1,1269.97
SKU-0055,2026-10-19,7,145.13566078628185,100.68702403717904,189.58429753538465,Decor,Lighting,4227.03,7096.85
SKU-0056,2026-10-19,7,58.362405455741715,41.3203640062586,75.40444690522483,Furnishings,Cushions,842.19,1364.6
SKU-0057,2026-10-19,7,63.511539908297166,42.317943235652805,84.70513658094153,Decor,Wall Decor,3958.11,6477.89
SKU-0058,2026-10-19,7,30.03266222525314,12.300223430453894,47.765101020052384,Furnishings,Bedding,4378.29,8431.29
SKU-0059,2026-10-19,7,49.23390633842408,29.32555256808991,69.14226010875825,Decor,Lighting,240.2,400.7
SKU-0060,2026-10-19,7,45.37618401745158,34.03678373873939,56.71558429616377,Furnishings,Cushions,706.32,1363.91
SKU-0061,2026-10-19,7,26.814413167830605,16.897605308644348,36.73122102701686,Small Appliances,Climate,2690.42,4411.72
SKU-0062,2026-10-19,7,8.773379005190813,5.405417827723507,12.14134018265812,Small Appliances,Kitchen,3372.41,5309.88
SKU-0063,2026-10-19,7,1.4194043797439984,0.0,17.182672496019762,Decor,Lighting,4187.07,7652.7
SKU-0064,2026-10-19,7,3.4965617301131546,0.0,18.011506987422923,Furnishings,Cushions,3043.57,7176.26
SKU-0065,2026-10-19,7,93.56590206320374,66.19645728654827,120.9353468398592,Decor,Lighting,4175.17,6152.6
SKU-0066,2026-10-19,7,14.838248083472848,8.524515025931265,21.15198114101443,Decor,Lighting,637.48,1009.34
SKU-0067,2026-10-19,7,98.51566435265651,68.4683381182459,128.56299058706713,Small Appliances,Cleaning,4354.12,8778.95
SKU-0068,2026-10-19,7,44.86001847287984,32.40848199038171,57.311554955377964,Small Appliances,Climate,2199.09,4828.16
SKU-0069,2026-10-19,7,37.39398714834299,23.69636440525312,51.09160989143285,Small Appliances,Kitchen,651.5,1458.03
SKU-0070,2026-10-19,7,1.245549985174923,0.6266004181383015,1.8644995522115444,Small Appliances,Cleaning,2472.92,5009.43
SKU-0071,2026-10-19,7,34.63458633353104,23.856625354103702,45.41254731295838,Small Appliances,Climate,2785.42,5130.58
SKU-0072,2026-10-19,7,1.2120355034117454,0.0,16.397622855583403,Decor,Planters,2996.34,6814.03
SKU-0073,2026-10-19,7,45.60569876760888,26.27666328320766,64.93473425201009,Furnishings,Throws,1250.67,2094.66
SKU-0074,2026-10-19,7,31.896404732616887,13.256885380820986,50.535924084412784,Small Appliances,Climate,634.8,960.6
SKU-0075,2026-10-19,7,34.48135144360875,20.86142780394107,48.101275083276434,Decor,Wall Decor,811.47,1812.36
SKU-0076,2026-10-19,7,35.187939111011914,25.519641363885118,44.856236858138715,Furnishings,Bedding,4158.59,6683.92
SKU-0077,2026-10-19,7,118.13939016200106,81.9873310603941,154.29144926360803,Furnishings,Cushions,843.61,1315.79
SKU-0078,2026-10-19,7,50.33346167108891,32.21779144206174,68.44913190011609,Small Appliances,Bedding,934.45,1402.34
SKU-0079,2026-10-19,7,17.21039664822342,10.658827852747834,23.761965443699005,Decor,Wall Decor,3120.69,5691.98
SKU-0080,2026-10-19,7,88.62377269280073,63.244522476045645,114.00302290955581,Furnishings,Bedding,3960.02,8944.0
SKU-0081,2026-10-19,7,84.7514679488167,58.970398072531935,110.53253782510146,Decor,Lighting,964.07,1614.73
SKU-0082,2026-10-19,7,2.4026190017441182,0.0,11.971949181138132,Furnishings,Throws,1978.25,2961.03
SKU-0083,2026-10-19,7,8.672863402325893,5.512559045360989,11.833167759290797,Furnishings,Throws,2442.61,3777.71
SKU-0084,2026-10-19,7,1.8057941958864914,0.492018945321834,3.1195694464511488,Small Appliances,Kitchen,4175.32,6447.35
SKU-0085,2026-10-19,7,46.496462194732366,25.531287012000362,67.46163737746437,Small Appliances,Climate,4079.46,9711.53
SKU-0086,2026-10-19,7,23.736758528483964,14.966592249901392,32.50692480706654,Small Appliances,Cleaning,2955.53,6472.75
SKU-0087,2026-10-19,7,2.0911939315068766,0.0,16.121622007814427,Small Appliances,Kitchen,2495.81,4838.16
SKU-0088,2026-10-19,7,69.20532083851302,48.38603655548732,90.02460512153871,Small Appliances,Climate,1843.59,3793.34
SKU-0089,2026-10-19,7,2.474409180698057,0.0,12.085530693647064,Furnishings,Cushions,783.8,1492.34
SKU-0090,2026-10-19,7,34.918034040592886,22.057168008435934,47.778900072749835,Decor,Wall Decor,1767.65,3178.36
SKU-0091,2026-10-19,7,1.925909736886999,0.0,21.23326515600721,Small Appliances,Kitchen,1819.28,3823.14
SKU-0092,2026-10-19,7,26.0844178793159,17.620054325833344,34.54878143279846,Furnishings,Bedding,4138.62,7891.79
SKU-0093,2026-10-19,7,28.86875871587841,12.072090992909633,45.66542643884719,Small Appliances,Kitchen,2493.08,5624.72
SKU-0094,2026-10-19,7,26.73458946065833,18.369862155754852,35.09931676556181,Decor,Lighting,2481.36,5089.94
SKU-0095,2026-10-19,7,39.950623021632325,28.000011893259245,51.90123415000541,Furnishings,Cushions,3354.74,5509.44
SKU-0096,2026-10-19,7,2.568042663143591,0.0,13.027642133115283,Small Appliances,Cleaning,750.68,1526.63
SKU-0097,2026-10-19,7,2.3043533416939446,1.1135920397928567,3.4951146435950324,Decor,Lighting,3315.09,5072.98
SKU-0098,2026-10-19,7,1.6378273286182616,0.0,17.5400188116902,Small Appliances,Climate,4322.36,9556.05
SKU-0099,2026-10-19,7,61.288922660267716,42.83046455158501,79.74738076895042,Decor,Wall Decor,3560.94,7853.15
SKU-0100,2026-10-19,7,31.277718481478512,10.251729256859452,52.30370770609757,Small Appliances,Kitchen,2729.13,4203.67
SKU-0101,2026-10-19,7,8.847378074655056,0.0,19.880854775877467,Decor,Wall Decor,919.98,1827.73
SKU-0102,2026-10-19,7,1.7055957228073784,0.0,12.195970615430959,Decor,Wall Decor,2437.77,5303.92
SKU-0103,2026-10-19,7,98.57933583248244,68.17728777815063,128.98138388681426,Small Appliances,Climate,2306.1,4657.43
SKU-0104,2026-10-19,7,39.34055125730209,25.05211515436791,53.628987360236266,Small Appliances,Climate,685.89,1051.69
SKU-0105,2026-10-19,7,58.55544353176857,38.176926515191596,78.93396054834554,Decor,Wall Decor,1988.39,4345.84
SKU-0106,2026-10-19,7,65.52260976324565,36.25352697886542,94.79169254762589,Small Appliances,Climate,4060.94,8830.13
SKU-0107,2026-10-19,7,32.066442429659425,17.986099987541124,46.146784871777726,Decor,Lighting,1753.31,3066.04
SKU-0108,2026-10-19,7,1.4639557982638123,0.0,22.136050634174076,Furnishings,Bedding,4224.07,7882.15
SKU-0109,2026-10-19,7,168.22896443424474,109.45112759002487,227.00680127846462,Small Appliances,Cleaning,3332.24,6582.32
SKU-0110,2026-10-19,7,1.9438296461753906,0.0,16.997702636540897,Small Appliances,Cleaning,2250.88,4068.56
SKU-0111,2026-10-19,7,1.513336332708211,0.0,9.94112051485606,Decor,Planters,3280.72,7721.62
SKU-0112,2026-10-19,7,44.78402754529555,24.671162813657954,64.89689227693314,Furnishings,Cushions,2932.16,4591.25
SKU-0113,2026-10-19,7,16.593341231343157,11.114781431459262,22.07190103122705,Decor,Wall Decor,3143.94,4595.46
SKU-0114,2026-10-19,7,53.787558896183,39.27579472218832,68.29932307017768,Decor,Planters,1455.95,2745.37
SKU-0115,2026-10-19,7,86.5512337186111,67.08081160818004,106.02165582904216,Furnishings,Throws,1484.33,3447.39
SKU-0116,2026-10-19,7,81.49795653502419,60.24718155151842,102.74873151852995,Small Appliances,Cleaning,4487.19,10254.31
SKU-0117,2026-10-19,7,131.8840585453748,95.4382328447191,168.32988424603053,Small Appliances,Kitchen,3795.39,5887.02
SKU-0118,2026-10-19,7,41.81008259184685,22.19674709480029,61.42341808889341,Small Appliances,Kitchen,2988.54,4590.15
SKU-0119,2026-10-19,7,62.85074266944996,45.61520036920614,80.08628496969376,Small Appliances,Climate,305.28,512.5
SKU-0120,2026-10-19,7,33.992058933134835,11.959878560437982,56.024239305831685,Furnishings,Bedding,1036.24,2399.01
SKU-0121,2026-10-19,7,65.32519866944664,44.77988441821182,85.87051292068145,Furnishings,Throws,336.22,489.25
SKU-0122,2026-10-19,7,1.9757193578603873,0.0,22.50261771777783,Furnishings,Bedding,3642.4,6106.94
SKU-0123,2026-10-19,7,21.42671903442426,14.711299354638648,28.14213871420987,Furnishings,Bedding,427.24,944.59
SKU-0124,2026-10-19,7,45.992157593643135,27.395181717461742,64.58913346982453,Small Appliances,Kitchen,3195.88,7178.21
SKU-0125,2026-10-19,7,59.5525102886053,41.637230675805824,77.46778990140477,Decor,Lighting,1051.7,1649.78
SKU-0126,2026-10-19,7,8.57465779955431,5.139056938640868,12.01025866046775,Decor,Wall Decor,2901.65,6553.59
SKU-0127,2026-10-19,7,1.7795992995038954,0.0,15.915555513992338,Decor,Lighting,3353.56,5477.67
SKU-0128,2026-10-19,7,52.14866389980736,36.23152509103004,68.06580270858468,Furnishings,Cushions,4414.48,8965.66
SKU-0129,2026-10-19,7,53.8997490136874,37.870077182854104,69.92942084452069,Decor,Lighting,2842.45,4235.91
SKU-0130,2026-10-19,7,2.7141291092810054,0.0,22.320794066154633,Small Appliances,Cleaning,927.91,1426.32
SKU-0131,2026-10-19,7,2.530599611882451,0.0,23.735092140161573,Small Appliances,Kitchen,4413.72,8322.65
SKU-0132,2026-10-19,7,62.97856131064074,43.11204818677756,82.84507443450393,Small Appliances,Kitchen,2652.82,4212.34
SKU-0133,2026-10-19,7,8.33335019074546,4.05867331757602,12.6080270639149,Furnishings,Bedding,1481.8,2962.29
SKU-0134,2026-10-19,7,45.27772676458207,26.89480458263312,63.66064894653102,Small Appliances,Kitchen,4243.37,6751.27
SKU-0135,2026-10-19,7,1.492392879026233,0.0,20.58845399275498,Decor,Wall Decor,1925.43,3659.2
SKU-0136,2026-10-19,7,83.24701759419222,55.075448273547416,111.41858691483702,Furnishings,Bedding,1381.29,2402.71
SKU-0137,2026-10-19,7,6.137554152769097,0.0,12.926750872004364,Decor,Wall Decor,2819.47,5788.08
SKU-0138,2026-10-19,7,28.74655202534092,12.540614329398558,44.952489721283285,Decor,Lighting,1120.16,2250.28
SKU-0139,2026-10-19,7,14.36697291281066,8.596530251875024,20.137415573746296,Decor,Lighting,335.78,620.35
SKU-0140,2026-10-19,7,66.19688065680761,46.516582837024735,85.87717847659047,Decor,Lighting,2653.02,5272.83
SKU-0141,2026-10-19,7,36.03398291284109,23.947432137834973,48.12053368784721,Decor,Planters,2979.14,6166.26
SKU-0142,2026-10-19,7,20.61916058991229,12.632950930564084,28.605370249260496,Furnishings,Cushions,2552.3,4746.89
SKU-0143,2026-10-19,7,8.691144800757073,0.0,18.43987638265999,Decor,Wall Decor,1738.04,3366.76
SKU-0144,2026-10-19,7,41.55468576745819,25.970653223256754,57.13871831165962,Small Appliances,Cleaning,4158.97,8020.37
SKU-0145,2026-10-19,7,31.620268967950043,16.33977295890309,46.900764976996996,Small Appliances,Cleaning,3635.44,6357.4
SKU-0146,2026-10-19,7,62.23158904934983,41.896833760653735,82.56634433804592,Small Appliances,Cleaning,680.5,1033.31
SKU-0147,2026-10-19,7,2.009932832544201,0.0,18.10855769844461,Small Appliances,Climate,420.05,721.05
SKU-0148,2026-10-19,7,34.506373974726486,19.65819262149303,49.35455532795994,Decor,Wall Decor,1536.02,3310.98
SKU-0149,2026-10-19,7,22.487244719415433,10.017835736807072,34.95665370202379,Small Appliances,Kitchen,3753.39,8496.63
SKU-0150,2026-10-19,7,24.715027424607033,7.08191949345273,42.348135355761336,Decor,Planters,2775.63,4340.22
SKU-0151,2026-10-19,7,57.744341807611285,41.10346688558853,74.38521672963404,Decor,Wall Decor,4320.41,10350.37
SKU-0152,2026-10-19,7,62.619512203629604,38.46842374890228,86.77060065835693,Small Appliances,Cleaning,3150.71,6679.93
SKU-0153,2026-10-19,7,10.46513332521012,5.7964106271607685,15.133856023259472,Small Appliances,Cleaning,2948.64,4305.58
SKU-0154,2026-10-19,7,57.1136538761759,42.9801035341014,71.2472042182504,Furnishings,Bedding,887.41,1426.61
SKU-0155,2026-10-19,7,1.7746330254963452,0.0,21.069907129482303,Decor,Planters,4453.05,8808.89
SKU-0156,2026-10-19,7,1.7854002606006758,0.0,24.364812466814346,Small Appliances,Climate,791.69,1485.08
SKU-0157,2026-10-19,7,28.854896545383014,18.387510318637702,39.322282772128325,Small Appliances,Cleaning,525.81,1139.73
SKU-0158,2026-10-19,7,64.7054283036501,38.1093176411016,91.30153896619859,Decor,Wall Decor,830.91,1347.64
SKU-0159,2026-10-19,7,1.271439886763082,0.2870618512850377,2.2558179222411265,Furnishings,Bedding,372.88,623.16
SKU-0160,2026-10-19,7,57.56603896093604,40.451915692087624,74.68016222978446,Furnishings,Cushions,2713.44,5206.08
SKU-0161,2026-10-19,7,55.7669483956415,36.52679542140061,75.00710136988239,Decor,Cushions,1232.64,2775.18
SKU-0162,2026-10-19,7,1.913070649191487,0.9090096657513815,2.917131632631593,Decor,Wall Decor,3075.28,6687.99
SKU-0163,2026-10-19,7,29.895922165462093,15.626248661700226,44.16559566922396,Decor,Lighting,1763.75,3461.45
SKU-0164,2026-10-19,7,1.9851133587809735,0.0,18.485670776983167,Decor,Planters,2264.71,4937.51
SKU-0165,2026-10-19,7,1.0623655862990165,0.0,18.177556596433735,Small Appliances,Climate,2360.7,5462.84
SKU-0166,2026-10-19,7,24.910519754574473,11.380742404448911,38.440297104700036,Decor,Lighting,1651.35,3176.99
SKU-0167,2026-10-19,7,50.768912649511655,29.209551755799662,72.32827354322364,Small Appliances,Cleaning,633.51,1158.45
SKU-0168,2026-10-19,7,1.2642052442246081,0.0,21.296602564255824,Small Appliances,Cleaning,946.83,1677.7
SKU-0169,2026-10-19,7,24.542048923288814,6.258487112542678,42.82561073403495,Furnishings,Cushions,287.24,669.58
SKU-0170,2026-10-19,7,28.952082874562812,20.531415014657156,37.37275073446847,Decor,Wall Decor,2765.42,4029.08
SKU-0171,2026-10-19,7,28.735210448835275,19.087010369572248,38.3834105280983,Decor,Lighting,3217.1,6601.75
SKU-0172,2026-10-19,7,1.3312249761270818,0.0,11.970100668522491,Small Appliances,Climate,2242.83,4874.48
SKU-0173,2026-10-19,7,54.91126020034555,34.22934129146884,75.59317910922226,Decor,Planters,3293.41,7789.08
SKU-0174,2026-10-19,7,96.08463037490932,68.57231241164885,123.5969483381698,Small Appliances,Cleaning,672.93,1443.97
SKU-0175,2026-10-19,7,64.82347316154625,40.37188480114311,89.27506152194938,Small Appliances,Cleaning,2569.41,5322.27
SKU-0176,2026-10-19,7,8.602124690112522,4.028273558602887,13.175975821622156,Small Appliances,Kitchen,1425.15,3059.89
SKU-0177,2026-10-19,7,2.132832896802712,0.0,21.20049550617644,Small Appliances,Climate,1676.85,2628.76
SKU-0178,2026-10-19,7,17.72436274519451,12.33359145620093,23.115134034188095,Furnishings,Throws,2295.5,5477.67
SKU-0179,2026-10-19,7,43.09776650590606,33.55724410703164,52.638288904780474,Small Appliances,Cleaning,4404.6,8108.86
SKU-0180,2026-10-19,7,2.925743853281604,0.0,16.827349983059293,Small Appliances,Cleaning,2579.59,5705.94
SKU-0001,2026-10-26,8,65.47255102566955,44.03192984946713,86.91317220187196,Furnishings,Bedding,2075.95,4703.41
SKU-0002,2026-10-26,8,2.4859525056491485,0.0,14.628145976091687,Small Appliances,Kitchen,4394.69,9550.02
SKU-0003,2026-10-26,8,60.06331334157685,41.716033682504744,78.41059300064896,Small Appliances,Climate,733.45,1377.32
SKU-0004,2026-10-26,8,55.38514788558561,35.36519888789179,75.40509688327943,Decor,Lighting,2961.5,6608.95
SKU-0005,2026-10-26,8,46.26087327599618,31.585440405856318,60.93630614613605,Decor,Wall Decor,1161.67,2296.45
SKU-0006,2026-10-26,8,55.80684280753951,31.898132712651925,79.71555290242709,Furnishings,Bedding,2908.79,6312.61
SKU-0007,2026-10-26,8,2.124441612018393,0.0,16.468961827884083,Decor,Cleaning,4373.42,10052.15
SKU-0008,2026-10-26,8,3.8686798479803604,2.564739055230545,5.172620640730176,Small Appliances,Climate,2196.23,3275.93
SKU-0009,2026-10-26,8,133.85434160214726,93.70662015371445,174.00206305058006,Decor,Lighting,3130.77,6754.71
SKU-0010,2026-10-26,8,1.9720146753857668,0.0,14.634187381837396,Small Appliances,Cleaning,1780.39,3375.76
SKU-0011,2026-10-26,8,47.63226077424404,28.467083299087662,66.79743824940041,Small Appliances,Kitchen,741.26,1409.82
SKU-0012,2026-10-26,8,2.2945321361126556,0.0,10.39128173438502,Furnishings,Throws,2068.5,4635.6
SKU-0013,2026-10-26,8,39.453956577655966,28.039909966320057,50.86800318899188,Decor,Planters,1529.42,3426.89
SKU-0014,2026-10-26,8,2.0927382888826656,0.0,16.559678313803563,Small Appliances,Climate,1425.58,2991.4
SKU-0015,2026-10-26,8,53.82293282384425,35.03620415935375,72.60966148833475,Decor,Lighting,1043.6,1520.52
SKU-0016,2026-10-26,8,1.2881261436879727,0.0,19.007859638911647,Small Appliances,Climate,3226.31,7071.08
SKU-0017,2026-10-26,8,1.6915300287834336,0.0,16.905711616299094,Decor,Wall Decor,2636.96,4173.8
SKU-0018,2026-10-26,8,38.06916216929628,24.66176737387638,51.476556964716174,Furnishings,Throws,2215.14,4401.43
SKU-0019,2026-10-26,8,1.8019011688408395,0.0,15.61170930942579,Furnishings,Bedding,2921.98,5773.54
SKU-0020,2026-10-26,8,58.3696527704473,39.34624108111424,77.39306445978036,Decor,Planters,313.13,583.95
SKU-0021,2026-10-26,8,1.9980383943764193,0.0,11.696361092195536,Small Appliances,Kitchen,1944.84,4396.76
SKU-0022,2026-10-26,8,3.5160350908093023,0.0,26.532896102219517,Furnishings,Bedding,1395.58,2412.84
SKU-0023,2026-10-26,8,87.60384739923273,56.66921947370176,118.53847532476371,Decor,Wall Decor,2586.38,5676.34
SKU-0024,2026-10-26,8,71.03964811931945,49.366284348274405,92.7130118903645,Decor,Wall Decor,3696.57,5946.39
SKU-0025,2026-10-26,8,9.53553674179737,1.4210125402915015,17.650060943303238,Decor,Lighting,569.01,1215.54
SKU-0026,2026-10-26,8,25.289604969657127,9.989688324379776,40.589521614934476,Decor,Planters,2344.51,3738.78
SKU-0027,2026-10-26,8,25.49652368645908,10.914018299770495,40.079029073147666,Decor,Planters,2107.4,3818.55
SKU-0028,2026-10-26,8,9.932384512261208,3.454728895698654,16.410040128823763,Furnishings,Bedding,1743.03,2672.53
SKU-0029,2026-10-26,8,17.141632061168327,11.631222477646013,22.65204164469064,Decor,Lighting,4335.4,10028.44
SKU-0030,2026-10-26,8,2.6915872902027016,0.0,23.5572728915934,Small Appliances,Cleaning,4366.84,9562.56
SKU-0031,2026-10-26,8,47.44501181519075,22.151776225548176,72.73824740483333,Furnishings,Bedding,2121.24,3624.41
SKU-0032,2026-10-26,8,60.91474645536058,44.73601022304258,77.09348268767857,Furnishings,Throws,2148.95,3529.1
SKU-0033,2026-10-26,8,2.2505265762766413,0.0,9.782060126493057,Small Appliances,Kitchen,2682.23,4339.67
SKU-0034,2026-10-26,8,3.5971039061167667,1.7583438758336902,5.435863936399843,Small Appliances,Kitchen,3288.08,6117.43
SKU-0035,2026-10-26,8,42.07837108662112,15.78114535020449,68.37559682303774,Furnishings,Throws,2703.3,5588.68
SKU-0036,2026-10-26,8,90.21473702011295,63.43264637261176,116.99682766761414,Furnishings,Bedding,359.77,690.5
SKU-0037,2026-10-26,8,1.4146316921307303,0.0,13.11922922853354,Furnishings,Cushions,804.34,1245.31
SKU-0038,2026-10-26,8,1.7341570030830578,0.0,10.35292649351745,Decor,Planters,4176.52,8361.43
SKU-0039,2026-10-26,8,37.12407968904731,16.166029900288756,58.08212947780587,Decor,Wall Decor,2732.75,4021.69
SKU-0040,2026-10-26,8,1.1553951495679806,0.5010446740942835,1.8097456250416777,Small Appliances,Cleaning,3561.42,5443.96
SKU-0041,2026-10-26,8,90.56386929097206,58.67749714322871,122.45024143871541,Furnishings,Throws,2299.85,5383.8
SKU-0042,2026-10-26,8,36.62510477570401,12.983081759621005,60.26712779178702,Decor,Wall Decor,1333.33,2353.31
SKU-0043,2026-10-26,8,15.28863160517975,7.477486873766567,23.09977633659293,Decor,Wall Decor,2076.1,3052.97
SKU-0044,2026-10-26,8,32.144811102165875,22.47523427379776,41.81438793053399,Small Appliances,Kitchen,785.88,1553.16
SKU-0045,2026-10-26,8,36.19119266472678,15.04902172146371,57.333363607989845,Furnishings,Cushions,3084.08,5295.9
SKU-0046,2026-10-26,8,32.358771854318036,22.63629180311922,42.08125190551685,Decor,Planters,3500.56,5434.11
SKU-0047,2026-10-26,8,13.36226327202094,6.035103818404812,20.689422725637066,Decor,Planters,1174.52,1744.8
SKU-0048,2026-10-26,8,21.7562930634081,14.845304782465591,28.667281344350613,Decor,Wall Decor,3764.69,8349.48
SKU-0049,2026-10-26,8,2.8857405905410602,0.0,18.59404256696273,Small Appliances,Kitchen,4296.53,7417.41
SKU-0050,2026-10-26,8,61.39090359450615,39.14710252568419,83.63470466332811,Decor,Planters,4223.71,6784.87
SKU-0051,2026-10-26,8,57.60875162167463,34.0108515588612,81.20665168448807,Decor,Lighting,2059.62,4928.17
SKU-0052,2026-10-26,8,41.96387095592521,27.70701351807152,56.2207283937789,Small Appliances,Kitchen,4028.22,9259.97
SKU-0053,2026-10-26,8,5.642789849022911,3.14661558108721,8.138964116958611,Furnishings,Throws,1544.81,3372.96
SKU-0054,2026-10-26,8,1.192243179065931,0.0,15.433328663946616,Decor,Wall Decor,588.1,1269.97
SKU-0055,2026-10-26,8,142.47989261581407,94.61493734139975,190.34484789022838,Decor,Lighting,4227.03,7096.85
SKU-0056,2026-10-26,8,59.57760026431339,41.49326358322334,77.66193694540344,Furnishings,Cushions,842.19,1364.6
SKU-0057,2026-10-26,8,59.20240615081647,37.05654006453298,81.34827223709996,Decor,Wall Decor,3958.11,6477.89
SKU-0058,2026-10-26,8,32.977581153514656,15.690659568792555,50.26450273823676,Furnishings,Bedding,4378.29,8431.29
SKU-0059,2026-10-26,8,49.07958649153098,29.997967665417907,68.16120531764406,Decor,Lighting,240.2,400.7
SKU-0060,2026-10-26,8,47.24800426748114,34.852372643952855,59.64363589100943,Furnishings,Cushions,706.32,1363.91
SKU-0061,2026-10-26,8,29.4417670531342,20.398545361281545,38.48498874498685,Small Appliances,Climate,2690.42,4411.72
SKU-0062,2026-10-26,8,8.882103165826436,5.426037688055741,12.33816864359713,Small Appliances,Kitchen,3372.41,5309.88
SKU-0063,2026-10-26,8,2.004430429045052,0.0,17.66773782418022,Decor,Lighting,4187.07,7652.7
SKU-0064,2026-10-26,8,2.843121331212999,0.0,16.112919706612626,Furnishings,Cushions,3043.57,7176.26
SKU-0065,2026-10-26,8,92.03844490418817,63.99437553583508,120.08251427254126,Decor,Lighting,4175.17,6152.6
SKU-0066,2026-10-26,8,15.926052164438792,9.572222794942528,22.279881533935054,Decor,Lighting,637.48,1009.34
SKU-0067,2026-10-26,8,89.47351703814371,58.683414822206714,120.26361925408071,Small Appliances,Cleaning,4354.12,8778.95
SKU-0068,2026-10-26,8,47.52163410322648,34.39971091519227,60.64355729126069,Small Appliances,Climate,2199.09,4828.16
SKU-0069,2026-10-26,8,40.02092266758568,26.20887019687966,53.8329751382917,Small Appliances,Kitchen,651.5,1458.03
SKU-0070,2026-10-26,8,1.2137550521811562,0.5819845751314652,1.8455255292308472,Small Appliances,Cleaning,2472.92,5009.43
SKU-0071,2026-10-26,8,37.11641713015511,26.014583320959716,48.2182509393505,Small Appliances,Climate,2785.42,5130.58
SKU-0072,2026-10-26,8,1.68008242978963,0.0,16.996704727389265,Decor,Planters,2996.34,6814.03
SKU-0073,2026-10-26,8,46.75832952703343,27.543972320333005,65.97268673373387,Furnishings,Throws,1250.67,2094.66
SKU-0074,2026-10-26,8,33.767242295279054,15.69399948869695,51.84048510186116,Small Appliances,Climate,634.8,960.6
SKU-0075,2026-10-26,8,38.56371901069855,25.554845414734125,51.57259260666297,Decor,Wall Decor,811.47,1812.36
SKU-0076,2026-10-26,8,34.31258219154854,23.8004378786324,44.824726504464685,Furnishings,Bedding,4158.59,6683.92
SKU-0077,2026-10-26,8,104.47103626672191,67.52907402683451,141.4129985066093,Furnishings,Cushions,843.61,1315.79
SKU-0078,2026-10-26,8,56.10729775101395,37.45380450444121,74.7607909975867,Small Appliances,Bedding,934.45,1402.34
SKU-0079,2026-10-26,8,18.868598042947443,12.230666534635013,25.506529551259874,Decor,Wall Decor,3120.69,5691.98
SKU-0080,2026-10-26,8,87.98193520623732,60.43685988350225,115.5270105289724,Furnishings,Bedding,3960.02,8944.0
SKU-0081,2026-10-26,8,87.95174688576871,61.60120864978137,114.30228512175606,Decor,Lighting,964.07,1614.73
SKU-0082,2026-10-26,8,2.23445373975155,0.0,11.045740958473917,Furnishings,Throws,1978.25,2961.03
SKU-0083,2026-10-26,8,8.97036326474099,6.107750342389834,11.832976187092147,Furnishings,Throws,2442.61,3777.71
SKU-0084,2026-10-26,8,1.7745749340484025,0.46392561060372794,3.085224257493077,Small Appliances,Kitchen,4175.32,6447.35
SKU-0085,2026-10-26,8,47.01500423372283,26.81980610954729,67.21020235789837,Small Appliances,Climate,4079.46,9711.53
SKU-0086,2026-10-26,8,24.805487687572263,15.870152045027929,33.7408233301166,Small Appliances,Cleaning,2955.53,6472.75
SKU-0087,2026-10-26,8,2.419556936837572,0.0,15.744568379626834,Small Appliances,Kitchen,2495.81,4838.16
SKU-0088,2026-10-26,8,70.31001207504151,48.749587963757236,91.87043618632579,Small Appliances,Climate,1843.59,3793.34
SKU-0089,2026-10-26,8,2.424977486660454,0.0,10.75220953153529,Furnishings,Cushions,783.8,1492.34
SKU-0090,2026-10-26,8,38.11529055718986,24.769682130984208,51.46089898339551,Decor,Wall Decor,1767.65,3178.36
SKU-0091,2026-10-26,8,2.3288448363201435,0.0,18.636780127124894,Small Appliances,Kitchen,1819.28,3823.14
SKU-0092,2026-10-26,8,26.021488152540286,17.176521729209433,34.86645457587114,Furnishings,Bedding,4138.62,7891.79
SKU-0093,2026-10-26,8,32.65654544590735,16.038198231969595,49.2748926598451,Small Appliances,Kitchen,2493.08,5624.72
SKU-0094,2026-10-26,8,27.68484025419838,18.967585156599448,36.402095351797314,Decor,Lighting,2481.36,5089.94
SKU-0095,2026-10-26,8,41.98519336059857,29.501061998848577,54.46932472234857,Furnishings,Cushions,3354.74,5509.44
SKU-0096,2026-10-26,8,2.4557991465828723,0.0,12.651271963796146,Small Appliances,Cleaning,750.68,1526.63
SKU-0097,2026-10-26,8,1.4440776978546417,0.2421788185551177,2.6459765771541655,Decor,Lighting,3315.09,5072.98
SKU-0098,2026-10-26,8,1.8359677081288701,0.0,17.890110219298794,Small Appliances,Climate,4322.36,9556.05
SKU-0099,2026-10-26,8,65.54177823019687,46.95167526815264,84.1318811922411,Decor,Wall Decor,3560.94,7853.15
SKU-0100,2026-10-26,8,35.010874382268284,14.134232735498575,55.887516029038,Small Appliances,Kitchen,2729.13,4203.67
SKU-0101,2026-10-26,8,10.957696699433093,0.7576661751051343,21.15772722376105,Decor,Wall Decor,919.98,1827.73
SKU-0102,2026-10-26,8,2.030004762604003,0.0,12.61240101207111,Decor,Wall Decor,2437.77,5303.92
SKU-0103,2026-10-26,8,90.47067195043257,59.0114988410873,121.92984505977785,Small Appliances,Climate,2306.1,4657.43
SKU-0104,2026-10-26,8,39.02353732429843,24.45564363314051,53.59143101545635,Small Appliances,Climate,685.89,1051.69
SKU-0105,2026-10-26,8,60.567565450030486,39.26961785236195,81.86551304769903,Decor,Wall Decor,1988.39,4345.84
SKU-0106,2026-10-26,8,66.17245397470407,37.46130562269292,94.88360232671522,Small Appliances,Climate,4060.94,8830.13
SKU-0107,2026-10-26,8,28.75230967802292,14.972501481033067,42.53211787501277,Decor,Lighting,1753.31,3066.04
SKU-0108,2026-10-26,8,1.5479612889074164,0.0,21.778277877880566,Furnishings,Bedding,4224.07,7882.15
SKU-0109,2026-10-26,8,164.91011075450376,104.29663107527065,225.52359043373687,Small Appliances,Cleaning,3332.24,6582.32
SKU-0110,2026-10-26,8,1.9987894343055161,0.0,16.717323111017713,Small Appliances,Cleaning,2250.88,4068.56
SKU-0111,2026-10-26,8,1.3515799815155132,0.0,9.723610029722689,Decor,Planters,3280.72,7721.62
SKU-0112,2026-10-26,8,44.217819405601055,23.93047674798547,64.50516206321664,Furnishings,Cushions,2932.16,4591.25
SKU-0113,2026-10-26,8,17.86494732517716,12.272747921646598,23.45714672870772,Decor,Wall Decor,3143.94,4595.46
SKU-0114,2026-10-26,8,46.44804046040834,30.856829129051782,62.039251791764904,Decor,Planters,1455.95,2745.37
SKU-0115,2026-10-26,8,77.28335438179356,55.359402238728364,99.20730652485875,Furnishings,Throws,1484.33,3447.39
SKU-0116,2026-10-26,8,84.15318001756334,61.16972644378845,107.13663359133824,Small Appliances,Cleaning,4487.19,10254.31
SKU-0117,2026-10-26,8,134.83552620713988,94.4612314077734,175.20982100650636,Small Appliances,Kitchen,3795.39,5887.02
SKU-0118,2026-10-26,8,41.56809110663913,21.91225584255279,61.22392637072547,Small Appliances,Kitchen,2988.54,4590.15
SKU-0119,2026-10-26,8,62.662164223983446,44.68738129678377,80.63694715118312,Small Appliances,Climate,305.28,512.5
SKU-0120,2026-10-26,8,36.10530946614243,15.389949029546976,56.82066990273788,Furnishings,Bedding,1036.24,2399.01
SKU-0121,2026-10-26,8,69.67383449924922,49.812867038685766,89.53480195981268,Furnishings,Throws,336.22,489.25
SKU-0122,2026-10-26,8,1.9690662267296868,0.0,22.252824713205065,Furnishings,Bedding,3642.4,6106.94
SKU-0123,2026-10-26,8,21.27646673292599,14.500524814170882,28.052408651681098,Furnishings,Bedding,427.24,944.59
SKU-0124,2026-10-26,8,51.53412006202665,32.73192848560886,70.33631163844444,Small Appliances,Kitchen,3195.88,7178.21
SKU-0125,2026-10-26,8,59.95815168887136,41.54363103016962,78.3726723475731,Decor,Lighting,1051.7,1649.78
SKU-0126,2026-10-26,8,8.988400589625599,5.687225495231751,12.289575684019447,Decor,Wall Decor,2901.65,6553.59
SKU-0127,2026-10-26,8,1.2457493802628676,0.0,14.547599661791898,Decor,Lighting,3353.56,5477.67
SKU-0128,2026-10-26,8,53.90923789750808,36.85334990278928,70.96512589222687,Furnishings,Cushions,4414.48,8965.66
SKU-0129,2026-10-26,8,48.47919972654924,32.38788709849881,64.57051235459967,Decor,Lighting,2842.45,4235.91
SKU-0130,2026-10-26,8,2.658655970414039,0.0,22.053576219907825,Small Appliances,Cleaning,927.91,1426.32
SKU-0131,2026-10-26,8,2.806818342890698,0.0,23.51832873306757,Small Appliances,Kitchen,4413.72,8322.65
SKU-0132,2026-10-26,8,64.23845796449666,44.26816015206363,84.20875577692969,Small Appliances,Kitchen,2652.82,4212.34
SKU-0133,2026-10-26,8,8.865168303442902,4.625022773184538,13.105313833701265,Furnishings,Bedding,1481.8,2962.29
SKU-0134,2026-10-26,8,46.303929847764714,28.08670854720136,64.52115114832807,Small Appliances,Kitchen,4243.37,6751.27
SKU-0135,2026-10-26,8,1.618068491675247,0.0,20.52567423250309,Decor,Wall Decor,1925.43,3659.2
SKU-0136,2026-10-26,8,84.11416196493423,56.39857150468282,111.82975242518563,Furnishings,Bedding,1381.29,2402.71
SKU-0137,2026-10-26,8,7.219734470485592,0.7320403636065924,13.707428577364592,Decor,Wall Decor,2819.47,5788.08
SKU-0138,2026-10-26,8,30.953727290668382,15.764469161934478,46.14298541940229,Decor,Lighting,1120.16,2250.28
SKU-0139,2026-10-26,8,15.112195553800756,9.276346424344897,20.948044683256615,Decor,Lighting,335.78,620.35
SKU-0140,2026-10-26,8,64.74876851631949,44.34539654744515,85.15214048519383,Decor,Lighting,2653.02,5272.83
SKU-0141,2026-10-26,8,36.90340793289158,24.221777349360075,49.58503851642309,Decor,Planters,2979.14,6166.26
SKU-0142,2026-10-26,8,20.709611545600776,12.367216918402017,29.052006172799537,Furnishings,Cushions,2552.3,4746.89
SKU-0143,2026-10-26,8,9.647715181465431,0.7850603175698261,18.510370045361036,Decor,Wall Decor,1738.04,3366.76
SKU-0144,2026-10-26,8,46.549424291731,30.70577240339776,62.39307618006424,Small Appliances,Cleaning,4158.97,8020.37
SKU-0145,2026-10-26,8,32.56522243118483,18.500255998373483,46.630188863996175,Small Appliances,Cleaning,3635.44,6357.4
SKU-0146,2026-10-26,8,62.789543732637824,41.851362843756306,83.72772462151934,Small Appliances,Cleaning,680.5,1033.31
SKU-0147,2026-10-26,8,2.161702264812056,0.0,17.0641058291226,Small Appliances,Climate,420.05,721.05
SKU-0148,2026-10-26,8,35.00091721852742,21.744675007863542,48.2571594291913,Decor,Wall Decor,1536.02,3310.98
SKU-0149,2026-10-26,8,25.85765640204151,14.316691454312995,37.398621349770025,Small Appliances,Kitchen,3753.39,8496.63
SKU-0150,2026-10-26,8,26.757716877210065,9.602188224725978,43.91324552969415,Decor,Planters,2775.63,4340.22
SKU-0151,2026-10-26,8,57.23082061238578,39.58568696677647,74.87595425799509,Decor,Wall Decor,4320.41,10350.37
SKU-0152,2026-10-26,8,63.14096186538074,39.615821039901135,86.66610269086034,Small Appliances,Cleaning,3150.71,6679.93
SKU-0153,2026-10-26,8,10.86995774546349,6.5794195855911495,15.160495905335829,Small Appliances,Cleaning,2948.64,4305.58
SKU-0154,2026-10-26,8,59.31894488600754,43.53053075705401,75.10735901496108,Furnishings,Bedding,887.41,1426.61
SKU-0155,2026-10-26,8,1.6393359278170498,0.0,18.47439855335037,Decor,Planters,4453.05,8808.89
SKU-0156,2026-10-26,8,1.936539139265363,0.0,23.5838261199057,Small Appliances,Climate,791.69,1485.08
SKU-0157,2026-10-26,8,30.521917242556185,19.7077591081747,41.33607537693767,Small Appliances,Cleaning,525.81,1139.73
SKU-0158,2026-10-26,8,65.30332386538643,38.726217163826746,91.88043056694612,Decor,Wall Decor,830.91,1347.64
SKU-0159,2026-10-26,8,1.5544972276644442,0.706772617393913,2.4022218379349756,Furnishings,Bedding,372.88,623.16
SKU-0160,2026-10-26,8,57.06495130608671,39.647211997402614,74.4826906147708,Furnishings,Cushions,2713.44,5206.08
SKU-0161,2026-10-26,8,60.183667052133956,40.07204688157702,80.29528722269089,Decor,Cushions,1232.64,2775.18
SKU-0162,2026-10-26,8,1.4440776978546417,0.4437778414162674,2.444377554293016,Decor,Wall Decor,3075.28,6687.99
SKU-0163,2026-10-26,8,33.24538465027085,18.982894155402388,47.50787514513931,Decor,Lighting,1763.75,3461.45
SKU-0164,2026-10-26,8,2.1618551031883952,0.0,17.487514078352024,Decor,Planters,2264.71,4937.51
SKU-0165,2026-10-26,8,1.3071364113956212,0.0,17.835260772554,Small Appliances,Climate,2360.7,5462.84
SKU-0166,2026-10-26,8,26.085781153895248,12.448461769870423,39.723100537920075,Decor,Lighting,1651.35,3176.99
SKU-0167,2026-10-26,8,53.37401313377419,34.74994814598777,71.99807812156061,Small Appliances,Cleaning,633.51,1158.45
SKU-0168,2026-10-26,8,1.9022742465863658,0.0,22.020456590991135,Small Appliances,Cleaning,946.83,1677.7
SKU-0169,2026-10-26,8,27.32528556227211,9.865315381440478,44.78525574310375,Furnishings,Cushions,287.24,669.58
SKU-0170,2026-10-26,8,31.944121603896843,23.04257480965041,40.845668398143275,Decor,Wall Decor,2765.42,4029.08
SKU-0171,2026-10-26,8,30.178324025182004,20.407668955675966,39.94897909468804,Decor,Lighting,3217.1,6601.75
SKU-0172,2026-10-26,8,1.2253266365118332,0.0,11.227855242394423,Small Appliances,Climate,2242.83,4874.48
SKU-0173,2026-10-26,8,56.421273157694685,35.74797855812578,77.09456775726359,Decor,Planters,3293.41,7789.08
SKU-0174,2026-10-26,8,97.45205858246088,68.77404853832196,126.1300686265998,Small Appliances,Cleaning,672.93,1443.97
SKU-0175,2026-10-26,8,68.7922178720681,43.56464378496891,94.01979195916728,Small Appliances,Cleaning,2569.41,5322.27
SKU-0176,2026-10-26,8,8.957111049473541,4.387159554489304,13.527062544457777,Small Appliances,Kitchen,1425.15,3059.89
SKU-0177,2026-10-26,8,2.024829136759401,0.0,21.03659592248004,Small Appliances,Climate,1676.85,2628.76
SKU-0178,2026-10-26,8,17.77708577452644,12.100878414358661,23.45329313469422,Furnishings,Throws,2295.5,5477.67
SKU-0179,2026-10-26,8,44.20264341994254,33.73033259060936,54.67495424927572,Small Appliances,Cleaning,4404.6,8108.86
SKU-0180,2026-10-26,8,2.6148794066728014,0.0,15.488827073057678,Small Appliances,Cleaning,2579.59,5705.94
