date,sku_id,on_hand_units,on_order_units,lead_time_days,reorder_point
2024-02-11,SKU-0001,120,0,19,39.0
2024-02-18,SKU-0001,88,0,19,39.0
2024-02-25,SKU-0001,56,0,19,39.0
2024-03-03,SKU-0001,116,0,19,39.0
2024-03-10,SKU-0001,68,0,19,39.0
2024-03-17,SKU-0001,39,0,19,39.0
2024-03-24,SKU-0001,0,202,19,39.0
2024-03-31,SKU-0001,0,225,19,39.0
2024-04-07,SKU-0001,0,225,19,39.0
2024-04-14,SKU-0001,141,0,19,39.0
2024-04-21,SKU-0001,96,0,19,39.0
2024-04-28,SKU-0001,47,0,19,39.0
2024-05-05,SKU-0001,0,216,19,39.0
2024-05-12,SKU-0001,0,221,19,39.0
2024-05-19,SKU-0001,0,254,19,39.0
2024-05-26,SKU-0001,176,0,19,39.0
2024-06-02,SKU-0001,141,0,19,39.0
2024-06-09,SKU-0001,74,0,19,39.0
2024-06-16,SKU-0001,12,264,19,39.0
2024-06-23,SKU-0001,261,0,19,39.0
2024-06-30,SKU-0001,184,0,19,39.0
2024-07-07,SKU-0001,152,0,19,39.0
2024-07-14,SKU-0001,121,0,19,39.0
2024-07-21,SKU-0001,78,0,19,39.0
2024-07-28,SKU-0001,44,0,19,39.0
2024-08-04,SKU-0001,0,200,19,39.0
2024-08-11,SKU-0001,0,210,19,39.0
2024-08-18,SKU-0001,134,0,19,39.0
2024-08-25,SKU-0001,103,0,19,39.0
2024-09-01,SKU-0001,60,0,19,39.0
2024-09-08,SKU-0001,13,192,19,39.0
2024-09-15,SKU-0001,119,0,19,39.0
2024-09-22,SKU-0001,64,0,19,39.0
2024-09-29,SKU-0001,128,0,19,39.0
2024-10-06,SKU-0001,74,0,19,39.0
2024-10-13,SKU-0001,15,253,19,39.0
2024-10-20,SKU-0001,201,0,19,39.0
2024-10-27,SKU-0001,136,0,19,39.0
2024-11-03,SKU-0001,84,0,19,39.0
2024-11-10,SKU-0001,286,0,19,39.0
2024-11-17,SKU-0001,230,0,19,39.0
2024-11-24,SKU-0001,208,0,19,39.0
2024-12-01,SKU-0001,171,0,19,39.0
2024-12-08,SKU-0001,136,0,19,39.0
2024-12-15,SKU-0001,107,0,19,39.0
2024-12-22,SKU-0001,223,0,19,39.0
2024-12-29,SKU-0001,143,0,19,39.0
2025-01-05,SKU-0001,99,0,19,39.0
2025-01-12,SKU-0001,56,0,19,39.0
2025-01-19,SKU-0001,18,251,19,39.0
2025-01-26,SKU-0001,111,0,19,39.0
2025-02-02,SKU-0001,48,0,19,39.0
2025-02-09,SKU-0001,6,202,19,39.0
2025-02-16,SKU-0001,0,208,19,39.0
2025-02-23,SKU-0001,0,199,19,39.0
2025-03-02,SKU-0001,147,0,19,39.0
2025-03-09,SKU-0001,88,0,19,39.0
2025-03-16,SKU-0001,25,232,19,39.0
2025-03-23,SKU-0001,0,235,19,39.0
2025-03-30,SKU-0001,0,252,19,39.0
2025-04-06,SKU-0001,0,256,19,39.0
2025-04-13,SKU-0001,0,246,19,39.0
2025-04-20,SKU-0001,233,0,19,39.0
2025-04-27,SKU-0001,178,0,19,39.0
2025-05-04,SKU-0001,122,0,19,39.0
2025-05-11,SKU-0001,59,0,19,39.0
2025-05-18,SKU-0001,231,0,19,39.0
2025-05-25,SKU-0001,164,0,19,39.0
2025-06-01,SKU-0001,113,0,19,39.0
2025-06-08,SKU-0001,56,0,19,39.0
2025-06-15,SKU-0001,0,275,19,39.0
2025-06-22,SKU-0001,0,306,19,39.0
2025-06-29,SKU-0001,0,318,19,39.0
2025-07-06,SKU-0001,0,340,19,39.0
2025-07-13,SKU-0001,260,0,19,39.0
2025-07-20,SKU-0001,210,0,19,39.0
2025-07-27,SKU-0001,171,0,19,39.0
2025-08-03,SKU-0001,109,0,19,39.0
2025-08-10,SKU-0001,52,0,19,39.0
2025-08-17,SKU-0001,127,0,19,39.0
2025-08-24,SKU-0001,87,0,19,39.0
2025-08-31,SKU-0001,38,223,19,39.0
2025-09-07,SKU-0001,0,221,19,39.0
2025-09-14,SKU-0001,157,0,19,39.0
2025-09-21,SKU-0001,86,0,19,39.0
2025-09-28,SKU-0001,32,257,19,39.0
2025-10-05,SKU-0001,247,0,19,39.0
2025-10-12,SKU-0001,174,0,19,39.0
2025-10-19,SKU-0001,111,0,19,39.0
2025-10-26,SKU-0001,34,315,19,39.0
2025-11-02,SKU-0001,174,0,19,39.0
2025-11-09,SKU-0001,131,0,19,39.0
2025-11-16,SKU-0001,81,0,19,39.0
2025-11-23,SKU-0001,37,225,19,
2025-11-30,SKU-0001,0,227,19,39.0
2025-12-07,SKU-0001,0,226,19,39.0
2025-12-14,SKU-0001,179,0,19,39.0
2025-12-21,SKU-0001,119,0,19,39.0
2025-12-28,SKU-0001,46,0,19,39.0
2026-01-04,SKU-0001,0,279,19,39.0
2026-01-11,SKU-0001,148,0,19,39.0
2026-01-18,SKU-0001,120,0,19,39.0
2026-01-25,SKU-0001,75,0,19,39.0
2026-02-01,SKU-0001,172,0,19,39.0
2026-02-08,SKU-0001,114,0,19,39.0
2026-02-15,SKU-0001,51,0,19,39.0
2026-02-22,SKU-0001,211,0,19,39.0
2026-03-01,SKU-0001,165,0,19,39.0
2026-03-08,SKU-0001,112,0,19,39.0
2026-03-15,SKU-0001,19,290,19,39.0
2026-03-22,SKU-0001,0,272,19,39.0
2026-03-29,SKU-0001,0,297,19,39.0
2026-04-05,SKU-0001,250,0,19,39.0
2026-04-12,SKU-0001,189,0,19,39.0
2026-04-19,SKU-0001,130,0,19,39.0
2026-04-26,SKU-0001,79,0,19,39.0
2026-05-03,SKU-0001,272,0,19,39.0
2026-05-10,SKU-0001,217,0,19,39.0
2026-05-17,SKU-0001,162,0,19,39.0
2026-05-24,SKU-0001,68,0,19,39.0
2026-05-31,SKU-0001,19,292,19,39.0
2026-06-07,SKU-0001,228,0,19,39.0
2026-06-14,SKU-0001,170,0,19,39.0
2026-06-21,SKU-0001,49,0,19,39.0
2026-06-28,SKU-0001,342,0,19,39.0
2026-07-05,SKU-0001,278,0,19,39.0
2026-07-12,SKU-0001,218,0,19,39.0
2026-07-19,SKU-0001,139,0,19,39.0
2026-07-26,SKU-0001,75,0,19,39.0
2026-08-02,SKU-0001,40,0,19,39.0
2026-08-09,SKU-0001,0,267,19,39.0
2026-08-16,SKU-0001,0,254,19,39.0
2026-08-23,SKU-0001,153,0,19,39.0
2026-08-30,SKU-0001,95,0,19,39.0
2024-02-11,SKU-0002,135,0,27,59.0
2024-02-18,SKU-0002,120,0,27,59.0
2024-02-25,SKU-0002,112,0,27,59.0
2024-03-03,SKU-0002,97,0,27,59.0
2024-03-10,SKU-0002,79,0,27,59.0
2024-03-17,SKU-0002,73,0,27,59.0
2024-03-24,SKU-0002,126,0,27,59.0
2024-03-31,SKU-0002,117,0,27,59.0
2024-04-07,SKU-0002,98,0,27,59.0
2024-04-14,SKU-0002,86,0,27,59.0
2024-04-21,SKU-0002,73,0,27,59.0
2024-04-28,SKU-0002,61,0,27,59.0
2024-05-05,SKU-0002,136,0,27,59.0
2024-05-12,SKU-0002,126,0,27,59.0
2024-05-19,SKU-0002,111,0,27,59.0
2024-05-26,SKU-0002,94,0,27,59.0
2024-06-02,SKU-0002,83,0,27,59.0
2024-06-09,SKU-0002,73,0,27,59.0
2024-06-16,SKU-0002,62,0,27,59.0
2024-06-23,SKU-0002,157,0,27,59.0
2024-06-30,SKU-0002,137,0,27,59.0
2024-07-07,SKU-0002,128,0,27,59.0
2024-07-14,SKU-0002,118,0,27,59.0
2024-07-21,SKU-0002,107,0,27,59.0
2024-07-28,SKU-0002,95,0,27,59.0
2024-08-04,SKU-0002,87,0,27,59.0
2024-08-11,SKU-0002,70,0,27,59.0
2024-08-18,SKU-0002,160,0,27,59.0
2024-08-25,SKU-0002,139,0,27,59.0
2024-09-01,SKU-0002,121,0,27,59.0
2024-09-08,SKU-0002,108,0,27,59.0
2024-09-15,SKU-0002,94,0,27,59.0
2024-09-22,SKU-0002,81,0,27,59.0
2024-09-29,SKU-0002,75,0,27,59.0
2024-10-06,SKU-0002,46,138,27,59.0
2024-10-13,SKU-0002,13,147,27,59.0
2024-10-20,SKU-0002,89,0,27,59.0
2024-10-27,SKU-0002,54,151,27,59.0
2024-11-03,SKU-0002,29,147,27,59.0
2024-11-10,SKU-0002,66,0,27,59.0
2024-11-17,SKU-0002,140,0,27,59.0
2024-11-24,SKU-0002,115,0,27,59.0
2024-12-01,SKU-0002,96,0,27,59.0
2024-12-08,SKU-0002,79,0,27,59.0
2024-12-15,SKU-0002,70,0,27,59.0
2024-12-22,SKU-0002,141,0,27,59.0
2024-12-29,SKU-0002,118,0,27,59.0
2025-01-05,SKU-0002,91,0,27,59.0
2025-01-12,SKU-0002,82,0,27,59.0
2025-01-19,SKU-0002,67,0,27,59.0
2025-01-26,SKU-0002,44,144,27,59.0
2025-02-02,SKU-0002,17,140,27,59.0
2025-02-09,SKU-0002,89,0,27,59.0
2025-02-16,SKU-0002,65,0,27,59.0
2025-02-23,SKU-0002,141,0,27,59.0
2025-03-02,SKU-0002,127,0,27,59.0
2025-03-09,SKU-0002,105,0,27,59.0
2025-03-16,SKU-0002,83,0,27,59.0
2025-03-23,SKU-0002,63,0,27,59.0
2025-03-30,SKU-0002,43,118,27,59.0
2025-04-06,SKU-0002,118,0,27,59.0
2025-04-13,SKU-0002,99,0,27,59.0
2025-04-20,SKU-0002,77,0,27,59.0
2025-04-27,SKU-0002,61,0,27,59.0
2025-05-04,SKU-0002,119,0,27,59.0
2025-05-11,SKU-0002,108,0,27,59.0
2025-05-18,SKU-0002,97,0,27,59.0
2025-05-25,SKU-0002,82,0,27,59.0
2025-06-01,SKU-0002,65,0,27,59.0
2025-06-08,SKU-0002,145,0,27,59.0
2025-06-15,SKU-0002,128,0,27,59.0
2025-06-22,SKU-0002,92,0,27,59.0
2025-06-29,SKU-0002,69,0,27,59.0
2025-07-06,SKU-0002,133,0,27,59.0
2025-07-13,SKU-0002,120,0,27,59.0
2025-07-20,SKU-0002,104,0,27,59.0
2025-07-27,SKU-0002,98,0,27,59.0
2025-08-03,SKU-0002,82,0,27,59.0
2025-08-10,SKU-0002,72,0,27,59.0
2025-08-17,SKU-0002,118,0,27,59.0
2025-08-24,SKU-0002,102,0,27,59.0
2025-08-31,SKU-0002,95,0,27,59.0
2025-09-07,SKU-0002,78,0,27,59.0
2025-09-14,SKU-0002,61,0,27,59.0
2025-09-21,SKU-0002,52,146,27,59.0
2025-09-28,SKU-0002,131,0,27,59.0
2025-10-05,SKU-0002,106,0,27,59.0
2025-10-12,SKU-0002,68,0,27,59.0
2025-10-19,SKU-0002,29,141,27,59.0
2025-10-26,SKU-0002,0,179,27,59.0
2025-11-02,SKU-0002,156,0,27,59.0
2025-11-09,SKU-0002,121,0,27,59.0
2025-11-16,SKU-0002,93,0,27,59.0
2025-11-23,SKU-0002,62,0,27,59.0
2025-11-30,SKU-0002,35,154,27,59.0
2025-12-07,SKU-0002,15,147,27,59.0
2025-12-14,SKU-0002,0,135,27,59.0
2025-12-21,SKU-0002,81,0,27,59.0
2025-12-28,SKU-0002,49,139,27,59.0
2026-01-04,SKU-0002,113,0,27,59.0
2026-01-11,SKU-0002,87,0,27,59.0
2026-01-18,SKU-0002,68,0,27,59.0
2026-01-25,SKU-0002,146,0,27,59.0
2026-02-01,SKU-0002,128,0,27,59.0
2026-02-08,SKU-0002,100,0,27,59.0
2026-02-15,SKU-0002,83,0,27,59.0
2026-02-22,SKU-0002,68,0,27,59.0
2026-03-01,SKU-0002,45,138,27,59.0
2026-03-08,SKU-0002,25,146,27,59.0
2026-03-15,SKU-0002,85,0,27,59.0
2026-03-22,SKU-0002,65,0,27,59.0
2026-03-29,SKU-0002,45,140,27,59.0
2026-04-05,SKU-0002,28,145,27,59.0
2026-04-12,SKU-0002,13,136,27,59.0
2026-04-19,SKU-0002,0,137,27,59.0
2026-04-26,SKU-0002,120,0,27,59.0
2026-05-03,SKU-0002,103,0,27,59.0
2026-05-10,SKU-0002,86,0,27,59.0
2026-05-17,SKU-0002,167,0,27,59.0
2026-05-24,SKU-0002,148,0,27,59.0
2026-05-31,SKU-0002,127,0,27,59.0
2026-06-07,SKU-0002,111,0,27,59.0
2026-06-14,SKU-0002,96,0,27,59.0
2026-06-21,SKU-0002,72,0,27,59.0
2026-06-28,SKU-0002,121,0,27,59.0
2026-07-05,SKU-0002,109,0,27,59.0
2026-07-12,SKU-0002,97,0,27,59.0
2026-07-19,SKU-0002,81,0,27,59.0
2026-07-26,SKU-0002,64,0,27,59.0
2026-08-02,SKU-0002,126,0,27,59.0
2026-08-09,SKU-0002,111,0,27,59.0
2026-08-16,SKU-0002,93,0,27,59.0
2026-08-23,SKU-0002,74,0,27,59.0
2026-08-30,SKU-0002,50,138,27,59.0
2024-08-04,SKU-0003,110,0,15,46.0
2024-08-11,SKU-0003,68,0,15,46.0
2024-08-18,SKU-0003,14,206,15,46.0
2024-08-25,SKU-0003,0,175,15,46.0
2024-09-01,SKU-0003,0,194,15,46.0
2024-09-08,SKU-0003,209,0,15,46.0
2024-09-15,SKU-0003,175,0,15,46.0
2024-09-22,SKU-0003,129,0,15,46.0
2024-09-29,SKU-0003,71,0,15,46.0
2024-10-06,SKU-0003,23,208,15,46.0
2024-10-13,SKU-0003,197,0,15,46.0
2024-10-20,SKU-0003,150,0,15,46.0
2024-10-27,SKU-0003,79,0,15,46.0
2024-11-03,SKU-0003,36,242,15,46.0
2024-11-10,SKU-0003,122,0,15,46.0
2024-11-17,SKU-0003,80,0,15,46.0
2024-11-24,SKU-0003,54,0,15,46.0
2024-12-01,SKU-0003,25,165,15,46.0
2024-12-08,SKU-0003,0,145,15,46.0
2024-12-15,SKU-0003,148,0,15,46.0
2024-12-22,SKU-0003,85,0,15,46.0
2024-12-29,SKU-0003,53,0,15,46.0
2025-01-05,SKU-0003,131,0,15,46.0
2025-01-12,SKU-0003,111,0,15,46.0
2025-01-19,SKU-0003,79,0,15,46.0
2025-01-26,SKU-0003,121,0,15,46.0
2025-02-02,SKU-0003,84,0,15,46.0
2025-02-09,SKU-0003,65,0,15,46.0
2025-02-16,SKU-0003,35,152,15,46.0
2025-02-23,SKU-0003,129,0,15,46.0
2025-03-02,SKU-0003,98,0,15,46.0
2025-03-09,SKU-0003,63,0,15,46.0
2025-03-16,SKU-0003,162,0,15,46.0
2025-03-23,SKU-0003,122,0,15,46.0
2025-03-30,SKU-0003,82,0,15,46.0
2025-04-06,SKU-0003,47,0,15,46.0
2025-04-13,SKU-0003,132,0,15,46.0
2025-04-20,SKU-0003,102,0,15,46.0
2025-04-27,SKU-0003,65,0,15,46.0
2025-05-04,SKU-0003,151,0,15,46.0
2025-05-11,SKU-0003,103,0,15,46.0
2025-05-18,SKU-0003,66,0,15,46.0
2025-05-25,SKU-0003,11,220,15,46.0
2025-06-01,SKU-0003,0,192,15,46.0
2025-06-08,SKU-0003,126,0,15,46.0
2025-06-15,SKU-0003,75,0,15,46.0
2025-06-22,SKU-0003,19,210,15,46.0
2025-06-29,SKU-0003,217,0,15,46.0
2025-07-06,SKU-0003,171,0,15,46.0
2025-07-13,SKU-0003,125,0,15,46.0
2025-07-20,SKU-0003,80,0,15,46.0
2025-07-27,SKU-0003,25,223,15,46.0
2025-08-03,SKU-0003,124,0,15,46.0
2025-08-10,SKU-0003,82,0,15,46.0
2025-08-17,SKU-0003,262,0,15,46.0
2025-08-24,SKU-0003,224,0,15,46.0
2025-08-31,SKU-0003,193,0,15,46.0
2025-09-07,SKU-0003,154,0,15,46.0
2025-09-14,SKU-0003,117,0,15,46.0
2025-09-21,SKU-0003,97,0,15,46.0
2025-09-28,SKU-0003,56,0,15,46.0
2025-10-05,SKU-0003,4,167,15,46.0
2025-10-12,SKU-0003,213,0,15,46.0
2025-10-19,SKU-0003,176,0,15,46.0
2025-10-26,SKU-0003,128,0,15,46.0
2025-11-02,SKU-0003,57,0,15,46.0
2025-11-09,SKU-0003,156,0,15,46.0
2025-11-16,SKU-0003,111,0,15,46.0
2025-11-23,SKU-0003,85,0,15,46.0
2025-11-30,SKU-0003,50,0,15,46.0
2025-12-07,SKU-0003,162,0,15,46.0
2025-12-14,SKU-0003,133,0,15,46.0
2025-12-21,SKU-0003,79,0,15,46.0
2025-12-28,SKU-0003,136,0,15,46.0
2026-01-04,SKU-0003,83,0,15,46.0
2026-01-11,SKU-0003,36,238,15,46.0
2026-01-18,SKU-0003,175,0,15,46.0
2026-01-25,SKU-0003,136,0,15,46.0
2026-02-01,SKU-0003,107,0,15,46.0
2026-02-08,SKU-0003,66,0,15,46.0
2026-02-15,SKU-0003,48,0,15,46.0
2026-02-22,SKU-0003,141,0,15,46.0
2026-03-01,SKU-0003,95,0,15,46.0
2026-03-08,SKU-0003,55,0,15,46.0
2026-03-15,SKU-0003,11,181,15,46.0
2026-03-22,SKU-0003,0,186,15,46.0
2026-03-29,SKU-0003,0,189,15,46.0
2026-04-05,SKU-0003,107,0,15,46.0
2026-04-12,SKU-0003,74,0,15,46.0
2026-04-19,SKU-0003,135,0,15,46.0
2026-04-26,SKU-0003,91,0,15,46.0
2026-05-03,SKU-0003,42,185,15,46.0
2026-05-10,SKU-0003,184,0,15,46.0
2026-05-17,SKU-0003,122,0,15,46.0
2026-05-24,SKU-0003,93,0,15,46.0
2026-05-31,SKU-0003,205,0,15,46.0
2026-06-07,SKU-0003,162,0,15,46.0
2026-06-14,SKU-0003,126,0,15,46.0
2026-06-21,SKU-0003,194,0,15,46.0
2026-06-28,SKU-0003,89,0,15,46.0
2026-07-05,SKU-0003,10,361,15,46.0
2026-07-12,SKU-0003,214,0,15,46.0
2026-07-19,SKU-0003,179,0,15,46.0
2026-07-26,SKU-0003,144,0,15,46.0
2026-08-02,SKU-0003,103,0,15,46.0
2026-08-09,SKU-0003,48,0,15,46.0
2026-08-16,SKU-0003,2,210,15,46.0
2026-08-23,SKU-0003,217,0,15,46.0
2026-08-30,SKU-0003,172,0,15,46.0
2025-01-26,SKU-0004,57,0,24,42.0
2025-02-02,SKU-0004,88,0,24,42.0
2025-02-09,SKU-0004,49,0,24,42.0
2025-02-16,SKU-0004,111,0,24,42.0
2025-02-23,SKU-0004,51,0,24,42.0
2025-03-02,SKU-0004,22,214,24,42.0
2025-03-09,SKU-0004,178,0,24,42.0
2025-03-16,SKU-0004,137,0,24,42.0
2025-03-23,SKU-0004,85,0,24,42.0
2025-03-30,SKU-0004,197,0,24,42.0
2025-04-06,SKU-0004,155,0,24,42.0
2025-04-13,SKU-0004,103,0,24,42.0
2025-04-20,SKU-0004,50,0,24,42.0
2025-04-27,SKU-0004,179,0,24,42.0
2025-05-04,SKU-0004,140,0,24,42.0
2025-05-11,SKU-0004,92,0,24,42.0
2025-05-18,SKU-0004,146,0,24,42.0
2025-05-25,SKU-0004,94,0,24,42.0
2025-06-01,SKU-0004,42,0,24,42.0
2025-06-08,SKU-0004,0,241,24,42.0
2025-06-15,SKU-0004,213,0,24,42.0
2025-06-22,SKU-0004,136,0,24,42.0
2025-06-29,SKU-0004,52,0,24,42.0
2025-07-06,SKU-0004,0,338,24,42.0
2025-07-13,SKU-0004,229,0,24,42.0
2025-07-20,SKU-0004,172,0,24,42.0
2025-07-27,SKU-0004,125,0,24,42.0
2025-08-03,SKU-0004,57,0,24,42.0
2025-08-10,SKU-0004,225,0,24,42.0
2025-08-17,SKU-0004,162,0,24,42.0
2025-08-24,SKU-0004,118,0,24,42.0
2025-08-31,SKU-0004,70,0,24,42.0
2025-09-07,SKU-0004,136,0,24,42.0
2025-09-14,SKU-0004,93,0,24,42.0
2025-09-21,SKU-0004,60,0,24,42.0
2025-09-28,SKU-0004,120,0,24,42.0
2025-10-05,SKU-0004,184,0,24,42.0
2025-10-12,SKU-0004,99,0,24,42.0
2025-10-19,SKU-0004,19,336,24,42.0
2025-10-26,SKU-0004,0,359,24,42.0
2025-11-02,SKU-0004,215,0,24,42.0
2025-11-09,SKU-0004,128,0,24,42.0
2025-11-16,SKU-0004,77,0,24,42.0
2025-11-23,SKU-0004,25,290,24,42.0
2025-11-30,SKU-0004,0,263,24,42.0
2025-12-07,SKU-0004,139,0,24,42.0
2025-12-14,SKU-0004,81,0,24,42.0
2025-12-21,SKU-0004,188,0,24,42.0
2025-12-28,SKU-0004,134,0,24,42.0
2026-01-04,SKU-0004,100,0,24,42.0
2026-01-11,SKU-0004,58,0,24,42.0
2026-01-18,SKU-0004,138,0,24,42.0
2026-01-25,SKU-0004,100,0,24,42.0
2026-02-01,SKU-0004,48,0,24,42.0
2026-02-08,SKU-0004,17,201,24,42.0
2026-02-15,SKU-0004,113,0,24,42.0
2026-02-22,SKU-0004,82,0,24,42.0
2026-03-01,SKU-0004,49,0,24,42.0
2026-03-08,SKU-0004,1,171,24,42.0
2026-03-15,SKU-0004,102,0,24,42.0
2026-03-22,SKU-0004,57,0,24,42.0
2026-03-29,SKU-0004,192,0,24,42.0
2026-04-05,SKU-0004,143,0,24,42.0
2026-04-12,SKU-0004,118,0,24,42.0
2026-04-19,SKU-0004,93,0,24,42.0
2026-04-26,SKU-0004,226,0,24,42.0
2026-05-03,SKU-0004,174,0,24,42.0
2026-05-10,SKU-0004,133,0,24,42.0
2026-05-17,SKU-0004,95,0,24,42.0
2026-05-24,SKU-0004,56,0,24,42.0
2026-05-31,SKU-0004,15,201,24,42.0
2026-06-07,SKU-0004,196,0,24,42.0
2026-06-14,SKU-0004,143,0,24,42.0
2026-06-21,SKU-0004,59,0,24,42.0
2026-06-28,SKU-0004,223,0,24,42.0
2026-07-05,SKU-0004,166,0,24,42.0
2026-07-12,SKU-0004,101,0,24,42.0
2026-07-19,SKU-0004,51,0,24,42.0
2026-07-26,SKU-0004,202,0,24,42.0
2026-08-02,SKU-0004,165,0,24,42.0
2026-08-09,SKU-0004,118,0,24,42.0
2026-08-16,SKU-0004,65,0,24,42.0
2026-08-23,SKU-0004,232,0,24,42.0
2026-08-30,SKU-0004,181,0,24,42.0
2025-01-12,SKU-0005,159,0,8,43.0
2025-01-19,SKU-0005,133,0,8,43.0
2025-01-26,SKU-0005,104,0,8,43.0
2025-02-02,SKU-0005,80,0,8,43.0
2025-02-09,SKU-0005,55,0,8,43.0
2025-02-16,SKU-0005,108,0,8,43.0
2025-02-23,SKU-0005,85,0,8,43.0
2025-03-02,SKU-0005,59,0,8,43.0
2025-03-09,SKU-0005,25,146,8,43.0
2025-03-16,SKU-0005,6,131,8,43.0
2025-03-23,SKU-0005,0,138,8,43.0
2025-03-30,SKU-0005,73,0,8,43.0
2025-04-06,SKU-0005,57,0,8,43.0
2025-04-13,SKU-0005,90,0,8,43.0
2025-04-20,SKU-0005,62,0,8,43.0
2025-04-27,SKU-0005,29,147,8,43.0
2025-05-04,SKU-0005,145,0,8,43.0
2025-05-11,SKU-0005,109,0,8,43.0
2025-05-18,SKU-0005,74,0,8,43.0
2025-05-25,SKU-0005,47,0,8,43.0
2025-06-01,SKU-0005,10,185,8,43.0
2025-06-08,SKU-0005,0,172,8,43.0
2025-06-15,SKU-0005,0,147,8,43.0
2025-06-22,SKU-0005,132,0,8,43.0
2025-06-29,SKU-0005,70,0,8,43.0
2025-07-06,SKU-0005,189,0,8,43.0
2025-07-13,SKU-0005,166,0,8,43.0
2025-07-20,SKU-0005,128,0,8,43.0
2025-07-27,SKU-0005,81,0,8,43.0
2025-08-03,SKU-0005,38,192,8,43.0
2025-08-10,SKU-0005,3,190,8,43.0
2025-08-17,SKU-0005,171,0,8,43.0
2025-08-24,SKU-0005,120,0,8,43.0
2025-08-31,SKU-0005,86,0,8,43.0
2025-09-07,SKU-0005,52,0,8,43.0
2025-09-14,SKU-0005,185,0,8,43.0
2025-09-21,SKU-0005,150,0,8,43.0
2025-09-28,SKU-0005,112,0,8,43.0
2025-10-05,SKU-0005,49,0,8,43.0
2025-10-12,SKU-0005,162,0,8,43.0
2025-10-19,SKU-0005,112,0,8,43.0
2025-10-26,SKU-0005,64,0,8,43.0
2025-11-02,SKU-0005,173,0,8,43.0
2025-11-09,SKU-0005,105,0,8,43.0
2025-11-16,SKU-0005,58,0,8,43.0
2025-11-23,SKU-0005,160,0,8,43.0
2025-11-30,SKU-0005,132,0,8,43.0
2025-12-07,SKU-0005,110,0,8,43.0
2025-12-14,SKU-0005,89,0,8,43.0
2025-12-21,SKU-0005,171,0,8,43.0
2025-12-28,SKU-0005,116,0,8,43.0
2026-01-04,SKU-0005,95,0,8,43.0
2026-01-11,SKU-0005,63,0,8,43.0
2026-01-18,SKU-0005,33,153,8,43.0
2026-01-25,SKU-0005,11,126,8,43.0
2026-02-01,SKU-0005,95,0,8,43.0
2026-02-08,SKU-0005,66,0,8,43.0
2026-02-15,SKU-0005,41,128,8,43.0
2026-02-22,SKU-0005,87,0,8,43.0
2026-03-01,SKU-0005,65,0,8,43.0
2026-03-08,SKU-0005,46,0,8,43.0
2026-03-15,SKU-0005,12,143,8,43.0
2026-03-22,SKU-0005,0,127,8,43.0
2026-03-29,SKU-0005,109,0,8,43.0
2026-04-05,SKU-0005,83,0,8,43.0
2026-04-12,SKU-0005,45,0,8,43.0
2026-04-19,SKU-0005,109,0,8,43.0
2026-04-26,SKU-0005,81,0,8,43.0
2026-05-03,SKU-0005,50,0,8,43.0
2026-05-10,SKU-0005,10,144,8,43.0
2026-05-17,SKU-0005,0,147,8,43.0
2026-05-24,SKU-0005,101,0,8,43.0
2026-05-31,SKU-0005,73,0,8,43.0
2026-06-07,SKU-0005,132,0,8,43.0
2026-06-14,SKU-0005,105,0,8,43.0
2026-06-21,SKU-0005,58,0,8,43.0
2026-06-28,SKU-0005,175,0,8,43.0
2026-07-05,SKU-0005,127,0,8,43.0
2026-07-12,SKU-0005,94,0,8,43.0
2026-07-19,SKU-0005,72,0,8,43.0
2026-07-26,SKU-0005,179,0,8,43.0
2026-08-02,SKU-0005,146,0,8,43.0
2026-08-09,SKU-0005,102,0,8,43.0
2026-08-16,SKU-0005,73,0,8,43.0
2026-08-23,SKU-0005,108,0,8,43.0
2026-08-30,SKU-0005,65,0,8,43.0
2024-12-15,SKU-0006,41,0,6,30.0
2024-12-22,SKU-0006,0,205,6,30.0
2024-12-29,SKU-0006,0,193,6,30.0
2025-01-05,SKU-0006,0,207,6,30.0
2025-01-12,SKU-0006,204,0,6,30.0
2025-01-19,SKU-0006,175,0,6,30.0
2025-01-26,SKU-0006,144,0,6,30.0
2025-02-02,SKU-0006,113,0,6,30.0
2025-02-09,SKU-0006,80,0,6,30.0
2025-02-16,SKU-0006,57,0,6,30.0
2025-02-23,SKU-0006,33,0,6,30.0
2025-03-02,SKU-0006,123,0,6,30.0
2025-03-09,SKU-0006,101,0,6,30.0
2025-03-16,SKU-0006,61,0,6,30.0
2025-03-23,SKU-0006,45,0,6,30.0
2025-03-30,SKU-0006,7,161,6,30.0
2025-04-06,SKU-0006,130,0,6,30.0
2025-04-13,SKU-0006,103,0,6,30.0
2025-04-20,SKU-0006,72,0,6,30.0
2025-04-27,SKU-0006,42,0,6,30.0
2025-05-04,SKU-0006,7,154,6,30.0
2025-05-11,SKU-0006,0,156,6,30.0
2025-05-18,SKU-0006,0,168,6,30.0
2025-05-25,SKU-0006,90,0,6,30.0
2025-06-01,SKU-0006,54,0,6,30.0
2025-06-08,SKU-0006,25,153,6,30.0
2025-06-15,SKU-0006,0,154,6,30.0
2025-06-22,SKU-0006,0,194,6,30.0
2025-06-29,SKU-0006,188,0,6,30.0
2025-07-06,SKU-0006,144,0,6,30.0
2025-07-13,SKU-0006,102,0,6,30.0
2025-07-20,SKU-0006,66,0,6,30.0
2025-07-27,SKU-0006,41,0,6,30.0
2025-08-03,SKU-0006,3,181,6,30.0
2025-08-10,SKU-0006,149,0,6,30.0
2025-08-17,SKU-0006,101,0,6,30.0
2025-08-24,SKU-0006,52,0,6,30.0
2025-08-31,SKU-0006,164,0,6,30.0
2025-09-07,SKU-0006,113,0,6,30.0
2025-09-14,SKU-0006,73,0,6,30.0
2025-09-21,SKU-0006,39,0,6,30.0
2025-09-28,SKU-0006,153,0,6,30.0
2025-10-05,SKU-0006,99,0,6,30.0
2025-10-12,SKU-0006,239,0,6,30.0
2025-10-19,SKU-0006,163,0,6,30.0
2025-10-26,SKU-0006,93,0,6,30.0
2025-11-02,SKU-0006,308,0,6,30.0
2025-11-09,SKU-0006,232,0,6,30.0
2025-11-16,SKU-0006,175,0,6,30.0
2025-11-23,SKU-0006,125,0,6,30.0
2025-11-30,SKU-0006,84,0,6,30.0
2025-12-07,SKU-0006,43,0,6,30.0
2025-12-14,SKU-0006,9,188,6,30.0
2025-12-21,SKU-0006,160,0,6,30.0
2025-12-28,SKU-0006,94,0,6,30.0
2026-01-04,SKU-0006,36,0,6,30.0
2026-01-11,SKU-0006,219,0,6,30.0
2026-01-18,SKU-0006,183,0,6,30.0
2026-01-25,SKU-0006,139,0,6,30.0
2026-02-01,SKU-0006,95,0,6,30.0
2026-02-08,SKU-0006,51,0,6,30.0
2026-02-15,SKU-0006,139,0,6,30.0
2026-02-22,SKU-0006,97,0,6,30.0
2026-03-01,SKU-0006,66,0,6,30.0
2026-03-08,SKU-0006,45,0,6,30.0
2026-03-15,SKU-0006,135,0,6,30.0
2026-03-22,SKU-0006,104,0,6,30.0
2026-03-29,SKU-0006,75,0,6,30.0
2026-04-05,SKU-0006,50,0,6,30.0
2026-04-12,SKU-0006,10,170,6,30.0
2026-04-19,SKU-0006,0,169,6,30.0
2026-04-26,SKU-0006,116,0,6,30.0
2026-05-03,SKU-0006,82,0,6,30.0
2026-05-10,SKU-0006,45,0,6,30.0
2026-05-17,SKU-0006,126,0,6,30.0
2026-05-24,SKU-0006,85,0,6,30.0
2026-05-31,SKU-0006,46,0,6,30.0
2026-06-07,SKU-0006,150,0,6,30.0
2026-06-14,SKU-0006,108,0,6,30.0
2026-06-21,SKU-0006,51,0,6,30.0
2026-06-28,SKU-0006,0,252,6,30.0
2026-07-05,SKU-0006,176,0,6,30.0
2026-07-12,SKU-0006,129,0,6,30.0
2026-07-19,SKU-0006,84,0,6,30.0
2026-07-26,SKU-0006,43,0,6,30.0
2026-08-02,SKU-0006,0,196,6,30.0
2026-08-09,SKU-0006,177,0,6,30.0
2026-08-16,SKU-0006,130,0,6,30.0
2026-08-23,SKU-0006,75,0,6,30.0
2026-08-30,SKU-0006,18,250,6,30.0
2024-10-13,SKU-0007,154,0,7,18.0
2024-10-20,SKU-0007,108,0,7,18.0
2024-10-27,SKU-0007,73,0,7,18.0
2024-11-03,SKU-0007,27,0,7,18.0
2024-11-10,SKU-0007,187,0,7,18.0
2024-11-17,SKU-0007,137,0,7,18.0
2024-11-24,SKU-0007,111,0,7,18.0
2024-12-01,SKU-0007,73,0,7,18.0
2024-12-08,SKU-0007,46,0,7,18.0
2024-12-15,SKU-0007,1,173,7,18.0
2024-12-22,SKU-0007,142,0,7,18.0
2024-12-29,SKU-0007,82,0,7,18.0
2025-01-05,SKU-0007,42,0,7,18.0
2025-01-12,SKU-0007,18,0,7,18.0
2025-01-19,SKU-0007,169,0,7,18.0
2025-01-26,SKU-0007,132,0,7,18.0
2025-02-02,SKU-0007,98,0,7,18.0
2025-02-09,SKU-0007,62,0,7,18.0
2025-02-16,SKU-0007,25,0,7,18.0
2025-02-23,SKU-0007,0,189,7,
2025-03-02,SKU-0007,118,0,7,18.0
2025-03-09,SKU-0007,87,0,7,18.0
2025-03-16,SKU-0007,66,0,7,18.0
2025-03-23,SKU-0007,27,0,7,18.0
2025-03-30,SKU-0007,164,0,7,18.0
2025-04-06,SKU-0007,127,0,7,18.0
2025-04-13,SKU-0007,91,0,7,18.0
2025-04-20,SKU-0007,60,0,7,18.0
2025-04-27,SKU-0007,21,0,7,18.0
2025-05-04,SKU-0007,147,0,7,18.0
2025-05-11,SKU-0007,116,0,7,18.0
2025-05-18,SKU-0007,86,0,7,18.0
2025-05-25,SKU-0007,56,0,7,18.0
2025-06-01,SKU-0007,35,0,7,18.0
2025-06-08,SKU-0007,0,165,7,18.0
2025-06-15,SKU-0007,145,0,7,18.0
2025-06-22,SKU-0007,105,0,7,18.0
2025-06-29,SKU-0007,56,0,7,18.0
2025-07-06,SKU-0007,32,0,7,18.0
2025-07-13,SKU-0007,0,163,7,18.0
2025-07-20,SKU-0007,0,159,7,18.0
2025-07-27,SKU-0007,0,148,7,18.0
2025-08-03,SKU-0007,135,0,7,18.0
2025-08-10,SKU-0007,108,0,7,18.0
2025-08-17,SKU-0007,93,0,7,18.0
2025-08-24,SKU-0007,73,0,7,18.0
2025-08-31,SKU-0007,49,0,7,18.0
2025-09-07,SKU-0007,21,0,7,18.0
2025-09-14,SKU-0007,4,138,7,18.0
2025-09-21,SKU-0007,112,0,7,18.0
2025-09-28,SKU-0007,86,0,7,18.0
2025-10-05,SKU-0007,56,0,7,18.0
2025-10-12,SKU-0007,99,0,7,18.0
2025-10-19,SKU-0007,60,0,7,18.0
2025-10-26,SKU-0007,13,198,7,18.0
2025-11-02,SKU-0007,0,214,7,18.0
2025-11-09,SKU-0007,0,213,7,18.0
2025-11-16,SKU-0007,148,0,7,18.0
2025-11-23,SKU-0007,123,0,7,18.0
2025-11-30,SKU-0007,96,0,7,18.0
2025-12-07,SKU-0007,67,0,7,18.0
2025-12-14,SKU-0007,39,0,7,18.0
2025-12-21,SKU-0007,126,0,7,18.0
2025-12-28,SKU-0007,69,0,7,18.0
2026-01-04,SKU-0007,33,0,7,18.0
2026-01-11,SKU-0007,0,215,7,18.0
2026-01-18,SKU-0007,105,0,7,18.0
2026-01-25,SKU-0007,64,0,7,18.0
2026-02-01,SKU-0007,19,0,7,18.0
2026-02-08,SKU-0007,0,168,7,18.0
2026-02-15,SKU-0007,114,0,7,18.0
2026-02-22,SKU-0007,82,0,7,18.0
2026-03-01,SKU-0007,45,0,7,18.0
2026-03-08,SKU-0007,14,152,7,18.0
2026-03-15,SKU-0007,112,0,7,18.0
2026-03-22,SKU-0007,74,0,7,18.0
2026-03-29,SKU-0007,38,0,7,18.0
2026-04-05,SKU-0007,130,0,7,18.0
2026-04-12,SKU-0007,106,0,7,18.0
2026-04-19,SKU-0007,72,0,7,18.0
2026-04-26,SKU-0007,42,0,7,18.0
2026-05-03,SKU-0007,156,0,7,18.0
2026-05-10,SKU-0007,122,0,7,18.0
2026-05-17,SKU-0007,94,0,7,18.0
2026-05-24,SKU-0007,66,0,7,18.0
2026-05-31,SKU-0007,36,0,7,
2026-06-07,SKU-0007,139,0,7,18.0
2026-06-14,SKU-0007,120,0,7,18.0
2026-06-21,SKU-0007,64,0,7,18.0
2026-06-28,SKU-0007,26,0,7,18.0
2026-07-05,SKU-0007,106,0,7,18.0
2026-07-12,SKU-0007,92,0,7,18.0
2026-07-19,SKU-0007,74,0,7,18.0
2026-07-26,SKU-0007,52,0,7,18.0
2026-08-02,SKU-0007,31,0,7,18.0
2026-08-09,SKU-0007,92,0,7,18.0
2026-08-16,SKU-0007,72,0,7,18.0
2026-08-23,SKU-0007,44,0,7,18.0
2026-08-30,SKU-0007,28,0,7,18.0
2024-03-24,SKU-0008,135,0,17,72.0
2024-03-31,SKU-0008,111,0,17,72.0
2024-04-07,SKU-0008,85,0,17,72.0
2024-04-14,SKU-0008,65,150,17,72.0
2024-04-21,SKU-0008,37,169,17,72.0
2024-04-28,SKU-0008,20,172,17,72.0
2024-05-05,SKU-0008,6,166,17,72.0
2024-05-12,SKU-0008,0,145,17,72.0
2024-05-19,SKU-0008,0,159,17,72.0
2024-05-26,SKU-0008,0,149,17,72.0
2024-06-02,SKU-0008,139,0,17,72.0
2024-06-09,SKU-0008,120,0,17,72.0
2024-06-16,SKU-0008,89,0,17,72.0
2024-06-23,SKU-0008,56,161,17,72.0
2024-06-30,SKU-0008,16,147,17,72.0
2024-07-07,SKU-0008,147,0,17,72.0
2024-07-14,SKU-0008,114,0,17,72.0
2024-07-21,SKU-0008,94,0,17,72.0
2024-07-28,SKU-0008,66,172,17,72.0
2024-08-04,SKU-0008,128,0,17,72.0
2024-08-11,SKU-0008,101,0,17,72.0
2024-08-18,SKU-0008,72,0,17,72.0
2024-08-25,SKU-0008,126,0,17,72.0
2024-09-01,SKU-0008,87,0,17,72.0
2024-09-08,SKU-0008,186,0,17,72.0
2024-09-15,SKU-0008,154,0,17,72.0
2024-09-22,SKU-0008,119,0,17,72.0
2024-09-29,SKU-0008,82,0,17,72.0
2024-10-06,SKU-0008,42,161,17,72.0
2024-10-13,SKU-0008,0,199,17,72.0
2024-10-20,SKU-0008,128,0,17,72.0
2024-10-27,SKU-0008,85,0,17,72.0
2024-11-03,SKU-0008,42,232,17,72.0
2024-11-10,SKU-0008,194,0,17,72.0
2024-11-17,SKU-0008,162,0,17,72.0
2024-11-24,SKU-0008,131,0,17,72.0
2024-12-01,SKU-0008,107,0,17,72.0
2024-12-08,SKU-0008,86,0,17,72.0
2024-12-15,SKU-0008,52,171,17,72.0
2024-12-22,SKU-0008,0,171,17,72.0
2024-12-29,SKU-0008,0,164,17,72.0
2025-01-05,SKU-0008,0,183,17,72.0
2025-01-12,SKU-0008,134,0,17,72.0
2025-01-19,SKU-0008,111,0,17,72.0
2025-01-26,SKU-0008,84,0,17,72.0
2025-02-02,SKU-0008,52,146,17,72.0
2025-02-09,SKU-0008,22,172,17,72.0
2025-02-16,SKU-0008,147,0,17,72.0
2025-02-23,SKU-0008,125,0,17,72.0
2025-03-02,SKU-0008,109,0,17,72.0
2025-03-09,SKU-0008,83,0,17,72.0
2025-03-16,SKU-0008,146,0,17,72.0
2025-03-23,SKU-0008,121,0,17,72.0
2025-03-30,SKU-0008,105,0,17,72.0
2025-04-06,SKU-0008,81,0,17,72.0
2025-04-13,SKU-0008,156,0,17,72.0
2025-04-20,SKU-0008,138,0,17,72.0
2025-04-27,SKU-0008,104,0,17,72.0
2025-05-04,SKU-0008,81,0,17,72.0
2025-05-11,SKU-0008,195,0,17,72.0
2025-05-18,SKU-0008,184,0,17,72.0
2025-05-25,SKU-0008,151,0,17,72.0
2025-06-01,SKU-0008,119,0,17,72.0
2025-06-08,SKU-0008,95,0,17,72.0
2025-06-15,SKU-0008,171,0,17,72.0
2025-06-22,SKU-0008,131,0,17,72.0
2025-06-29,SKU-0008,74,0,17,72.0
2025-07-06,SKU-0008,153,0,17,72.0
2025-07-13,SKU-0008,115,0,17,72.0
2025-07-20,SKU-0008,76,0,17,72.0
2025-07-27,SKU-0008,47,163,17,72.0
2025-08-03,SKU-0008,18,162,17,72.0
2025-08-10,SKU-0008,0,174,17,72.0
2025-08-17,SKU-0008,121,0,17,72.0
2025-08-24,SKU-0008,92,0,17,72.0
2025-08-31,SKU-0008,62,155,17,72.0
2025-09-07,SKU-0008,141,0,17,72.0
2025-09-14,SKU-0008,100,0,17,72.0
2025-09-21,SKU-0008,239,0,17,72.0
2025-09-28,SKU-0008,201,0,17,72.0
2025-10-05,SKU-0008,138,0,17,72.0
2025-10-12,SKU-0008,79,0,17,72.0
2025-10-19,SKU-0008,239,0,17,72.0
2025-10-26,SKU-0008,199,0,17,72.0
2025-11-02,SKU-0008,155,0,17,72.0
2025-11-09,SKU-0008,158,0,17,72.0
2025-11-16,SKU-0008,158,0,17,72.0
2025-11-23,SKU-0008,155,0,17,72.0
2025-11-30,SKU-0008,161,0,17,72.0
2025-12-07,SKU-0008,163,0,17,72.0
2025-12-14,SKU-0008,166,0,17,72.0
2025-12-21,SKU-0008,167,0,17,72.0
2025-12-28,SKU-0008,170,0,17,72.0
2026-01-04,SKU-0008,169,0,17,72.0
2026-01-11,SKU-0008,173,0,17,72.0
2026-01-18,SKU-0008,171,0,17,72.0
2026-01-25,SKU-0008,172,0,17,72.0
2026-02-01,SKU-0008,171,0,17,72.0
2026-02-08,SKU-0008,178,0,17,72.0
2026-02-15,SKU-0008,176,0,17,72.0
2026-02-22,SKU-0008,181,0,17,72.0
2026-03-01,SKU-0008,183,0,17,72.0
2026-03-08,SKU-0008,185,0,17,72.0
2026-03-15,SKU-0008,186,0,17,72.0
2026-03-22,SKU-0008,187,0,17,72.0
2026-03-29,SKU-0008,190,0,17,72.0
2026-04-05,SKU-0008,192,0,17,72.0
2026-04-12,SKU-0008,193,0,17,72.0
2026-04-19,SKU-0008,196,0,17,72.0
2026-04-26,SKU-0008,197,0,17,72.0
2026-05-03,SKU-0008,201,0,17,72.0
2026-05-10,SKU-0008,205,0,17,72.0
2026-05-17,SKU-0008,210,0,17,72.0
2026-05-24,SKU-0008,210,0,17,72.0
2026-05-31,SKU-0008,214,0,17,72.0
2026-06-07,SKU-0008,217,0,17,72.0
2026-06-14,SKU-0008,223,0,17,72.0
2026-06-21,SKU-0008,229,0,17,72.0
2026-06-28,SKU-0008,233,0,17,72.0
2026-07-05,SKU-0008,231,0,17,72.0
2026-07-12,SKU-0008,232,0,17,72.0
2026-07-19,SKU-0008,239,0,17,72.0
2026-07-26,SKU-0008,240,0,17,72.0
2026-08-02,SKU-0008,244,0,17,72.0
2026-08-09,SKU-0008,248,0,17,72.0
2026-08-16,SKU-0008,252,0,17,72.0
2026-08-23,SKU-0008,256,0,17,72.0
2026-08-30,SKU-0008,259,0,17,72.0
2024-06-02,SKU-0009,91,0,13,34.0
2024-06-09,SKU-0009,111,0,13,34.0
2024-06-16,SKU-0009,58,0,13,34.0
2024-06-23,SKU-0009,192,0,13,34.0
2024-06-30,SKU-0009,91,0,13,34.0
2024-07-07,SKU-0009,37,0,13,34.0
2024-07-14,SKU-0009,296,0,13,34.0
2024-07-21,SKU-0009,223,0,13,34.0
2024-07-28,SKU-0009,161,0,13,34.0
2024-08-04,SKU-0009,88,0,13,34.0
2024-08-11,SKU-0009,242,0,13,34.0
2024-08-18,SKU-0009,177,0,13,34.0
2024-08-25,SKU-0009,105,0,13,34.0
2024-09-01,SKU-0009,45,0,13,34.0
2024-09-08,SKU-0009,0,302,13,34.0
2024-09-15,SKU-0009,0,322,13,34.0
2024-09-22,SKU-0009,254,0,13,34.0
2024-09-29,SKU-0009,186,0,13,34.0
2024-10-06,SKU-0009,70,0,13,34.0
2024-10-13,SKU-0009,286,0,13,34.0
2024-10-20,SKU-0009,166,0,13,34.0
2024-10-27,SKU-0009,38,0,13,34.0
2024-11-03,SKU-0009,325,0,13,34.0
2024-11-10,SKU-0009,195,0,13,34.0
2024-11-17,SKU-0009,72,0,13,34.0
2024-11-24,SKU-0009,0,480,13,34.0
2024-12-01,SKU-0009,0,425,13,34.0
2024-12-08,SKU-0009,306,0,13,34.0
2024-12-15,SKU-0009,223,0,13,34.0
2024-12-22,SKU-0009,86,0,13,34.0
2024-12-29,SKU-0009,0,436,13,34.0
2025-01-05,SKU-0009,0,439,13,34.0
2025-01-12,SKU-0009,407,0,13,34.0
2025-01-19,SKU-0009,338,0,13,34.0
2025-01-26,SKU-0009,285,0,13,34.0
2025-02-02,SKU-0009,217,0,13,34.0
2025-02-09,SKU-0009,146,0,13,34.0
2025-02-16,SKU-0009,88,0,13,34.0
2025-02-23,SKU-0009,181,0,13,34.0
2025-03-02,SKU-0009,112,0,13,34.0
2025-03-09,SKU-0009,38,0,13,34.0
2025-03-16,SKU-0009,229,0,13,34.0
2025-03-23,SKU-0009,162,0,13,34.0
2025-03-30,SKU-0009,96,0,13,34.0
2025-04-06,SKU-0009,31,288,13,34.0
2025-04-13,SKU-0009,0,275,13,34.0
2025-04-20,SKU-0009,0,276,13,34.0
2025-04-27,SKU-0009,0,277,13,34.0
2025-05-04,SKU-0009,201,0,13,34.0
2025-05-11,SKU-0009,149,0,13,34.0
2025-05-18,SKU-0009,97,0,13,34.0
2025-05-25,SKU-0009,42,0,13,34.0
2025-06-01,SKU-0009,0,254,13,34.0
2025-06-08,SKU-0009,225,0,13,34.0
2025-06-15,SKU-0009,149,0,13,34.0
2025-06-22,SKU-0009,49,0,13,34.0
2025-06-29,SKU-0009,219,0,13,34.0
2025-07-06,SKU-0009,148,0,13,34.0
2025-07-13,SKU-0009,48,0,13,34.0
2025-07-20,SKU-0009,281,0,13,34.0
2025-07-27,SKU-0009,193,0,13,34.0
2025-08-03,SKU-0009,111,0,13,34.0
2025-08-10,SKU-0009,360,0,13,34.0
2025-08-17,SKU-0009,277,0,13,34.0
2025-08-24,SKU-0009,181,0,13,34.0
2025-08-31,SKU-0009,99,0,13,34.0
2025-09-07,SKU-0009,300,0,13,34.0
2025-09-14,SKU-0009,221,0,13,34.0
2025-09-21,SKU-0009,126,0,13,34.0
2025-09-28,SKU-0009,40,0,13,34.0
2025-10-05,SKU-0009,0,404,13,34.0
2025-10-12,SKU-0009,0,473,13,34.0
2025-10-19,SKU-0009,518,0,13,34.0
2025-10-26,SKU-0009,354,0,13,34.0
2025-11-02,SKU-0009,220,0,13,34.0
2025-11-09,SKU-0009,66,0,13,34.0
2025-11-16,SKU-0009,532,0,13,34.0
2025-11-23,SKU-0009,445,0,13,34.0
2025-11-30,SKU-0009,361,0,13,34.0
2025-12-07,SKU-0009,282,0,13,34.0
2025-12-14,SKU-0009,199,0,13,34.0
2025-12-21,SKU-0009,55,0,13,34.0
2025-12-28,SKU-0009,370,0,13,34.0
2026-01-04,SKU-0009,262,0,13,34.0
2026-01-11,SKU-0009,187,0,13,34.0
2026-01-18,SKU-0009,115,0,13,34.0
2026-01-25,SKU-0009,36,0,13,34.0
2026-02-01,SKU-0009,179,0,13,34.0
2026-02-08,SKU-0009,97,0,13,34.0
2026-02-15,SKU-0009,34,0,13,34.0
2026-02-22,SKU-0009,258,0,13,34.0
2026-03-01,SKU-0009,201,0,13,34.0
2026-03-08,SKU-0009,149,0,13,34.0
2026-03-15,SKU-0009,85,0,13,34.0
2026-03-22,SKU-0009,160,0,13,34.0
2026-03-29,SKU-0009,109,0,13,34.0
2026-04-05,SKU-0009,41,0,13,34.0
2026-04-12,SKU-0009,0,264,13,34.0
2026-04-19,SKU-0009,205,0,13,34.0
2026-04-26,SKU-0009,125,0,13,34.0
2026-05-03,SKU-0009,59,0,13,34.0
2026-05-10,SKU-0009,262,0,13,34.0
2026-05-17,SKU-0009,182,0,13,34.0
2026-05-24,SKU-0009,95,0,13,34.0
2026-05-31,SKU-0009,199,0,13,34.0
2026-06-07,SKU-0009,126,0,13,34.0
2026-06-14,SKU-0009,52,0,13,34.0
2026-06-21,SKU-0009,0,378,13,34.0
2026-06-28,SKU-0009,293,0,13,34.0
2026-07-05,SKU-0009,188,0,13,34.0
2026-07-12,SKU-0009,111,0,13,34.0
2026-07-19,SKU-0009,370,0,13,34.0
2026-07-26,SKU-0009,276,0,13,34.0
2026-08-02,SKU-0009,175,0,13,34.0
2026-08-09,SKU-0009,91,0,13,34.0
2026-08-16,SKU-0009,355,0,13,34.0
2026-08-23,SKU-0009,261,0,13,34.0
2026-08-30,SKU-0009,160,0,13,34.0
2024-05-19,SKU-0010,140,0,18,20.0
2024-05-26,SKU-0010,102,0,18,20.0
2024-06-02,SKU-0010,75,0,18,20.0
2024-06-09,SKU-0010,40,0,18,20.0
2024-06-16,SKU-0010,16,158,18,20.0
2024-06-23,SKU-0010,0,147,18,20.0
2024-06-30,SKU-0010,110,0,18,20.0
2024-07-07,SKU-0010,76,0,18,20.0
2024-07-14,SKU-0010,46,0,18,20.0
2024-07-21,SKU-0010,22,0,18,20.0
2024-07-28,SKU-0010,0,118,18,20.0
2024-08-04,SKU-0010,0,129,18,20.0
2024-08-11,SKU-0010,0,123,18,20.0
2024-08-18,SKU-0010,91,0,18,20.0
2024-08-25,SKU-0010,74,0,18,20.0
2024-09-01,SKU-0010,44,0,18,20.0
2024-09-08,SKU-0010,22,0,18,20.0
2024-09-15,SKU-0010,91,0,18,20.0
2024-09-22,SKU-0010,70,0,18,20.0
2024-09-29,SKU-0010,38,0,18,20.0
2024-10-06,SKU-0010,97,0,18,20.0
2024-10-13,SKU-0010,62,0,18,20.0
2024-10-20,SKU-0010,28,0,18,20.0
2024-10-27,SKU-0010,180,0,18,20.0
2024-11-03,SKU-0010,139,0,18,20.0
2024-11-10,SKU-0010,96,0,18,20.0
2024-11-17,SKU-0010,66,0,18,20.0
2024-11-24,SKU-0010,47,0,18,20.0
2024-12-01,SKU-0010,153,0,18,20.0
2024-12-08,SKU-0010,137,0,18,20.0
2024-12-15,SKU-0010,98,0,18,20.0
2024-12-22,SKU-0010,53,0,18,20.0
2024-12-29,SKU-0010,134,0,18,20.0
2025-01-05,SKU-0010,98,0,18,20.0
2025-01-12,SKU-0010,69,0,18,20.0
2025-01-19,SKU-0010,48,0,18,20.0
2025-01-26,SKU-0010,149,0,18,20.0
2025-02-02,SKU-0010,127,0,18,20.0
2025-02-09,SKU-0010,103,0,18,20.0
2025-02-16,SKU-0010,61,0,18,20.0
2025-02-23,SKU-0010,24,0,18,20.0
2025-03-02,SKU-0010,106,0,18,20.0
2025-03-09,SKU-0010,73,0,18,20.0
2025-03-16,SKU-0010,34,0,18,20.0
2025-03-23,SKU-0010,97,0,18,20.0
2025-03-30,SKU-0010,76,0,18,20.0
2025-04-06,SKU-0010,43,0,18,20.0
2025-04-13,SKU-0010,140,0,18,20.0
2025-04-20,SKU-0010,100,0,18,20.0
2025-04-27,SKU-0010,83,0,18,20.0
2025-05-04,SKU-0010,46,0,18,20.0
2025-05-11,SKU-0010,148,0,18,20.0
2025-05-18,SKU-0010,118,0,18,20.0
2025-05-25,SKU-0010,99,0,18,20.0
2025-06-01,SKU-0010,68,0,18,20.0
2025-06-08,SKU-0010,45,0,18,20.0
2025-06-15,SKU-0010,111,0,18,20.0
2025-06-22,SKU-0010,79,0,18,20.0
2025-06-29,SKU-0010,39,0,18,20.0
2025-07-06,SKU-0010,20,0,18,20.0
2025-07-13,SKU-0010,75,0,18,20.0
2025-07-20,SKU-0010,57,0,18,20.0
2025-07-27,SKU-0010,30,0,18,20.0
2025-08-03,SKU-0010,101,0,18,20.0
2025-08-10,SKU-0010,82,0,18,20.0
2025-08-17,SKU-0010,57,0,18,20.0
2025-08-24,SKU-0010,25,0,18,20.0
2025-08-31,SKU-0010,0,127,18,20.0
2025-09-07,SKU-0010,132,0,18,20.0
2025-09-14,SKU-0010,111,0,18,20.0
2025-09-21,SKU-0010,95,0,18,20.0
2025-09-28,SKU-0010,75,0,18,20.0
2025-10-05,SKU-0010,44,0,18,20.0
2025-10-12,SKU-0010,112,0,18,20.0
2025-10-19,SKU-0010,83,0,18,20.0
2025-10-26,SKU-0010,38,0,18,20.0
2025-11-02,SKU-0010,2,187,18,20.0
2025-11-09,SKU-0010,0,184,18,20.0
2025-11-16,SKU-0010,160,0,18,20.0
2025-11-23,SKU-0010,141,0,18,20.0
2025-11-30,SKU-0010,109,0,18,20.0
2025-12-07,SKU-0010,79,0,18,20.0
2025-12-14,SKU-0010,50,0,18,20.0
2025-12-21,SKU-0010,105,0,18,20.0
2025-12-28,SKU-0010,59,0,18,20.0
2026-01-04,SKU-0010,33,0,18,20.0
2026-01-11,SKU-0010,146,0,18,20.0
2026-01-18,SKU-0010,121,0,18,20.0
2026-01-25,SKU-0010,101,0,18,20.0
2026-02-01,SKU-0010,75,0,18,20.0
2026-02-08,SKU-0010,38,0,18,20.0
2026-02-15,SKU-0010,9,157,18,20.0
2026-02-22,SKU-0010,0,145,18,20.0
2026-03-01,SKU-0010,99,0,18,20.0
2026-03-08,SKU-0010,68,0,18,20.0
2026-03-15,SKU-0010,46,0,18,20.0
2026-03-22,SKU-0010,25,0,18,20.0
2026-03-29,SKU-0010,88,0,18,20.0
2026-04-05,SKU-0010,55,0,18,20.0
2026-04-12,SKU-0010,29,0,18,20.0
2026-04-19,SKU-0010,0,143,18,20.0
2026-04-26,SKU-0010,84,0,18,20.0
2026-05-03,SKU-0010,58,0,18,20.0
2026-05-10,SKU-0010,36,0,18,20.0
2026-05-17,SKU-0010,18,123,18,20.0
2026-05-24,SKU-0010,71,0,18,20.0
2026-05-31,SKU-0010,35,0,18,20.0
2026-06-07,SKU-0010,125,0,18,20.0
2026-06-14,SKU-0010,105,0,18,20.0
2026-06-21,SKU-0010,69,0,18,20.0
2026-06-28,SKU-0010,32,0,18,20.0
2026-07-05,SKU-0010,19,146,18,20.0
2026-07-12,SKU-0010,129,0,18,20.0
2026-07-19,SKU-0010,118,0,18,20.0
2026-07-26,SKU-0010,108,0,18,20.0
2026-08-02,SKU-0010,92,0,18,20.0
2026-08-09,SKU-0010,76,0,18,20.0
2026-08-16,SKU-0010,55,0,18,20.0
2026-08-23,SKU-0010,32,0,18,20.0
2026-08-30,SKU-0010,96,0,18,20.0
2024-05-19,SKU-0011,58,0,22,33.0
2024-05-26,SKU-0011,28,111,22,33.0
2024-06-02,SKU-0011,2,100,22,33.0
2024-06-09,SKU-0011,0,143,22,33.0
2024-06-16,SKU-0011,165,0,22,33.0
2024-06-23,SKU-0011,104,0,22,33.0
2024-06-30,SKU-0011,49,0,22,33.0
2024-07-07,SKU-0011,184,0,22,33.0
2024-07-14,SKU-0011,152,0,22,33.0
2024-07-21,SKU-0011,120,0,22,33.0
2024-07-28,SKU-0011,75,0,22,33.0
2024-08-04,SKU-0011,46,0,22,33.0
2024-08-11,SKU-0011,118,0,22,33.0
2024-08-18,SKU-0011,89,0,22,33.0
2024-08-25,SKU-0011,58,0,22,33.0
2024-09-01,SKU-0011,171,0,22,33.0
2024-09-08,SKU-0011,127,0,22,33.0
2024-09-15,SKU-0011,83,0,22,33.0
2024-09-22,SKU-0011,47,0,22,33.0
2024-09-29,SKU-0011,1,204,22,33.0
2024-10-06,SKU-0011,201,0,22,33.0
2024-10-13,SKU-0011,122,0,22,33.0
2024-10-20,SKU-0011,58,0,22,33.0
2024-10-27,SKU-0011,0,298,22,33.0
2024-11-03,SKU-0011,0,327,22,33.0
2024-11-10,SKU-0011,0,306,22,33.0
2024-11-17,SKU-0011,260,0,22,33.0
2024-11-24,SKU-0011,224,0,22,33.0
2024-12-01,SKU-0011,184,0,22,33.0
2024-12-08,SKU-0011,144,0,22,33.0
2024-12-15,SKU-0011,107,0,22,33.0
2024-12-22,SKU-0011,41,0,22,33.0
2024-12-29,SKU-0011,0,236,22,33.0
2025-01-05,SKU-0011,202,0,22,33.0
2025-01-12,SKU-0011,171,0,22,33.0
2025-01-19,SKU-0011,129,0,22,33.0
2025-01-26,SKU-0011,106,0,22,33.0
2025-02-02,SKU-0011,72,0,22,33.0
2025-02-09,SKU-0011,45,0,22,33.0
2025-02-16,SKU-0011,109,0,22,33.0
2025-02-23,SKU-0011,72,0,22,33.0
2025-03-02,SKU-0011,41,0,22,33.0
2025-03-09,SKU-0011,152,0,22,33.0
2025-03-16,SKU-0011,122,0,22,33.0
2025-03-23,SKU-0011,83,0,22,33.0
2025-03-30,SKU-0011,56,0,22,33.0
2025-04-06,SKU-0011,38,0,22,33.0
2025-04-13,SKU-0011,0,152,22,33.0
2025-04-20,SKU-0011,0,153,22,33.0
2025-04-27,SKU-0011,0,149,22,33.0
2025-05-04,SKU-0011,0,183,22,33.0
2025-05-11,SKU-0011,123,0,22,33.0
2025-05-18,SKU-0011,86,0,22,33.0
2025-05-25,SKU-0011,67,0,22,33.0
2025-06-01,SKU-0011,36,0,22,33.0
2025-06-08,SKU-0011,5,156,22,33.0
2025-06-15,SKU-0011,65,0,22,33.0
2025-06-22,SKU-0011,18,163,22,33.0
2025-06-29,SKU-0011,103,0,22,33.0
2025-07-06,SKU-0011,62,0,22,33.0
2025-07-13,SKU-0011,41,0,22,33.0
2025-07-20,SKU-0011,144,0,22,33.0
2025-07-27,SKU-0011,119,0,22,33.0
2025-08-03,SKU-0011,76,0,22,33.0
2025-08-10,SKU-0011,43,0,22,33.0
2025-08-17,SKU-0011,134,0,22,33.0
2025-08-24,SKU-0011,93,0,22,33.0
2025-08-31,SKU-0011,50,0,22,33.0
2025-09-07,SKU-0011,119,0,22,33.0
2025-09-14,SKU-0011,74,0,22,33.0
2025-09-21,SKU-0011,49,0,22,33.0
2025-09-28,SKU-0011,0,190,22,33.0
2025-10-05,SKU-0011,156,0,22,33.0
2025-10-12,SKU-0011,91,0,22,33.0
2025-10-19,SKU-0011,30,284,22,33.0
2025-10-26,SKU-0011,212,0,22,33.0
2025-11-02,SKU-0011,157,0,22,33.0
2025-11-09,SKU-0011,78,0,22,33.0
2025-11-16,SKU-0011,272,0,22,33.0
2025-11-23,SKU-0011,235,0,22,33.0
2025-11-30,SKU-0011,195,0,22,33.0
2025-12-07,SKU-0011,159,0,22,33.0
2025-12-14,SKU-0011,105,0,22,33.0
2025-12-21,SKU-0011,44,0,22,33.0
2025-12-28,SKU-0011,0,250,22,33.0
2026-01-04,SKU-0011,192,0,22,33.0
2026-01-11,SKU-0011,138,0,22,33.0
2026-01-18,SKU-0011,87,0,22,33.0
2026-01-25,SKU-0011,45,0,22,33.0
2026-02-01,SKU-0011,170,0,22,33.0
2026-02-08,SKU-0011,143,0,22,33.0
2026-02-15,SKU-0011,108,0,22,33.0
2026-02-22,SKU-0011,68,0,22,33.0
2026-03-01,SKU-0011,119,0,22,33.0
2026-03-08,SKU-0011,92,0,22,33.0
2026-03-15,SKU-0011,58,0,22,33.0
2026-03-22,SKU-0011,33,0,22,33.0
2026-03-29,SKU-0011,3,152,22,33.0
2026-04-05,SKU-0011,118,0,22,33.0
2026-04-12,SKU-0011,86,0,22,33.0
2026-04-19,SKU-0011,63,0,22,33.0
2026-04-26,SKU-0011,25,144,22,33.0
2026-05-03,SKU-0011,0,164,22,33.0
2026-05-10,SKU-0011,117,0,22,33.0
2026-05-17,SKU-0011,85,0,22,33.0
2026-05-24,SKU-0011,60,0,22,33.0
2026-05-31,SKU-0011,100,0,22,33.0
2026-06-07,SKU-0011,70,0,22,33.0
2026-06-14,SKU-0011,35,0,22,33.0
2026-06-21,SKU-0011,160,0,22,33.0
2026-06-28,SKU-0011,108,0,22,33.0
2026-07-05,SKU-0011,71,0,22,33.0
2026-07-12,SKU-0011,33,0,22,33.0
2026-07-19,SKU-0011,156,0,22,33.0
2026-07-26,SKU-0011,118,0,22,33.0
2026-08-02,SKU-0011,72,0,22,33.0
2026-08-09,SKU-0011,38,0,22,33.0
2026-08-16,SKU-0011,8,182,22,33.0
2026-08-23,SKU-0011,113,0,22,33.0
2026-08-30,SKU-0011,66,0,22,33.0
2024-10-13,SKU-0012,82,0,6,71.0
2024-10-20,SKU-0012,65,159,6,71.0
2024-10-27,SKU-0012,187,0,6,71.0
2024-11-03,SKU-0012,176,0,6,71.0
2024-11-10,SKU-0012,157,0,6,71.0
2024-11-17,SKU-0012,140,0,6,71.0
2024-11-24,SKU-0012,124,0,6,71.0
2024-12-01,SKU-0012,114,0,6,71.0
2024-12-08,SKU-0012,103,0,6,71.0
2024-12-15,SKU-0012,81,0,6,71.0
2024-12-22,SKU-0012,158,0,6,71.0
2024-12-29,SKU-0012,139,0,6,71.0
2025-01-05,SKU-0012,115,0,6,71.0
2025-01-12,SKU-0012,103,0,6,71.0
2025-01-19,SKU-0012,96,0,6,71.0
2025-01-26,SKU-0012,77,0,6,71.0
2025-02-02,SKU-0012,67,150,6,71.0
2025-02-09,SKU-0012,143,0,6,71.0
2025-02-16,SKU-0012,127,0,6,71.0
2025-02-23,SKU-0012,104,0,6,71.0
2025-03-02,SKU-0012,91,0,6,71.0
2025-03-09,SKU-0012,81,0,6,71.0
2025-03-16,SKU-0012,165,0,6,71.0
2025-03-23,SKU-0012,155,0,6,71.0
2025-03-30,SKU-0012,146,0,6,71.0
2025-04-06,SKU-0012,135,0,6,71.0
2025-04-13,SKU-0012,125,0,6,71.0
2025-04-20,SKU-0012,110,0,6,71.0
2025-04-27,SKU-0012,95,0,6,71.0
2025-05-04,SKU-0012,86,0,6,71.0
2025-05-11,SKU-0012,79,0,6,71.0
2025-05-18,SKU-0012,198,0,6,71.0
2025-05-25,SKU-0012,190,0,6,71.0
2025-06-01,SKU-0012,179,0,6,71.0
2025-06-08,SKU-0012,168,0,6,71.0
2025-06-15,SKU-0012,158,0,6,71.0
2025-06-22,SKU-0012,131,0,6,71.0
2025-06-29,SKU-0012,99,0,6,71.0
2025-07-06,SKU-0012,89,0,6,71.0
2025-07-13,SKU-0012,85,0,6,71.0
2025-07-20,SKU-0012,73,0,6,71.0
2025-07-27,SKU-0012,65,149,6,71.0
2025-08-03,SKU-0012,151,0,6,71.0
2025-08-10,SKU-0012,138,0,6,71.0
2025-08-17,SKU-0012,129,0,6,71.0
2025-08-24,SKU-0012,115,0,6,71.0
2025-08-31,SKU-0012,103,0,6,71.0
2025-09-07,SKU-0012,97,0,6,71.0
2025-09-14,SKU-0012,86,0,6,71.0
2025-09-21,SKU-0012,76,0,6,71.0
2025-09-28,SKU-0012,68,144,6,71.0
2025-10-05,SKU-0012,193,0,6,71.0
2025-10-12,SKU-0012,171,0,6,71.0
2025-10-19,SKU-0012,153,0,6,71.0
2025-10-26,SKU-0012,136,0,6,71.0
2025-11-02,SKU-0012,116,0,6,71.0
2025-11-09,SKU-0012,99,0,6,71.0
2025-11-16,SKU-0012,81,0,6,71.0
2025-11-23,SKU-0012,189,0,6,71.0
2025-11-30,SKU-0012,174,0,6,71.0
2025-12-07,SKU-0012,170,0,6,71.0
2025-12-14,SKU-0012,160,0,6,71.0
2025-12-21,SKU-0012,126,0,6,71.0
2025-12-28,SKU-0012,105,0,6,71.0
2026-01-04,SKU-0012,90,0,6,71.0
2026-01-11,SKU-0012,82,0,6,71.0
2026-01-18,SKU-0012,60,162,6,71.0
2026-01-25,SKU-0012,43,158,6,71.0
2026-02-01,SKU-0012,125,0,6,71.0
2026-02-08,SKU-0012,110,0,6,71.0
2026-02-15,SKU-0012,94,0,6,71.0
2026-02-22,SKU-0012,85,0,6,71.0
2026-03-01,SKU-0012,69,163,6,71.0
2026-03-08,SKU-0012,55,162,6,71.0
2026-03-15,SKU-0012,145,0,6,71.0
2026-03-22,SKU-0012,126,0,6,71.0
2026-03-29,SKU-0012,109,0,6,71.0
2026-04-05,SKU-0012,96,0,6,71.0
2026-04-12,SKU-0012,73,0,6,71.0
2026-04-19,SKU-0012,169,0,6,71.0
2026-04-26,SKU-0012,144,0,6,71.0
2026-05-03,SKU-0012,139,0,6,71.0
2026-05-10,SKU-0012,127,0,6,71.0
2026-05-17,SKU-0012,119,0,6,71.0
2026-05-24,SKU-0012,108,0,6,71.0
2026-05-31,SKU-0012,91,0,6,71.0
2026-06-07,SKU-0012,78,0,6,71.0
2026-06-14,SKU-0012,70,171,6,71.0
2026-06-21,SKU-0012,42,152,6,71.0
2026-06-28,SKU-0012,102,0,6,71.0
2026-07-05,SKU-0012,86,0,6,71.0
2026-07-12,SKU-0012,62,161,6,71.0
2026-07-19,SKU-0012,139,0,6,71.0
2026-07-26,SKU-0012,116,0,6,71.0
2026-08-02,SKU-0012,100,0,6,71.0
2026-08-09,SKU-0012,87,0,6,71.0
2026-08-16,SKU-0012,207,0,6,71.0
2026-08-23,SKU-0012,201,0,6,71.0
2026-08-30,SKU-0012,188,0,6,71.0
2024-07-07,SKU-0013,157,0,25,73.0
2024-07-14,SKU-0013,120,0,25,73.0
2024-07-21,SKU-0013,85,0,25,73.0
2024-07-28,SKU-0013,54,175,25,73.0
2024-08-04,SKU-0013,154,0,25,73.0
2024-08-11,SKU-0013,120,0,25,73.0
2024-08-18,SKU-0013,88,0,25,73.0
2024-08-25,SKU-0013,200,0,25,73.0
2024-09-01,SKU-0013,163,0,25,73.0
2024-09-08,SKU-0013,132,0,25,73.0
2024-09-15,SKU-0013,108,0,25,73.0
2024-09-22,SKU-0013,221,0,25,73.0
2024-09-29,SKU-0013,186,0,25,73.0
2024-10-06,SKU-0013,151,0,25,73.0
2024-10-13,SKU-0013,92,0,25,73.0
2024-10-20,SKU-0013,50,209,25,73.0
2024-10-27,SKU-0013,204,0,25,73.0
2024-11-03,SKU-0013,161,0,25,73.0
2024-11-10,SKU-0013,117,0,25,73.0
2024-11-17,SKU-0013,79,0,25,73.0
2024-11-24,SKU-0013,50,183,25,73.0
2024-12-01,SKU-0013,19,177,25,73.0
2024-12-08,SKU-0013,0,152,25,73.0
2024-12-15,SKU-0013,0,150,25,73.0
2024-12-22,SKU-0013,0,164,25,73.0
2024-12-29,SKU-0013,157,0,25,73.0
2025-01-05,SKU-0013,131,0,25,73.0
2025-01-12,SKU-0013,101,0,25,73.0
2025-01-19,SKU-0013,81,0,25,73.0
2025-01-26,SKU-0013,149,0,25,73.0
2025-02-02,SKU-0013,121,0,25,73.0
2025-02-09,SKU-0013,82,0,25,73.0
2025-02-16,SKU-0013,52,151,25,73.0
2025-02-23,SKU-0013,22,147,25,73.0
2025-03-02,SKU-0013,0,146,25,73.0
2025-03-09,SKU-0013,0,158,25,73.0
2025-03-16,SKU-0013,125,0,25,73.0
2025-03-23,SKU-0013,92,0,25,73.0
2025-03-30,SKU-0013,146,0,25,73.0
2025-04-06,SKU-0013,122,0,25,73.0
2025-04-13,SKU-0013,92,0,25,73.0
2025-04-20,SKU-0013,63,171,25,73.0
2025-04-27,SKU-0013,37,169,25,73.0
2025-05-04,SKU-0013,128,0,25,73.0
2025-05-11,SKU-0013,99,0,25,73.0
2025-05-18,SKU-0013,204,0,25,73.0
2025-05-25,SKU-0013,178,0,25,73.0
2025-06-01,SKU-0013,137,0,25,73.0
2025-06-08,SKU-0013,104,0,25,73.0
2025-06-15,SKU-0013,155,0,25,73.0
2025-06-22,SKU-0013,104,0,25,73.0
2025-06-29,SKU-0013,31,216,25,73.0
2025-07-06,SKU-0013,0,245,25,73.0
2025-07-13,SKU-0013,129,0,25,73.0
2025-07-20,SKU-0013,88,0,25,73.0
2025-07-27,SKU-0013,63,184,25,73.0
2025-08-03,SKU-0013,150,0,25,73.0
2025-08-10,SKU-0013,116,0,25,73.0
2025-08-17,SKU-0013,220,0,25,73.0
2025-08-24,SKU-0013,189,0,25,73.0
2025-08-31,SKU-0013,165,0,25,73.0
2025-09-07,SKU-0013,135,0,25,73.0
2025-09-14,SKU-0013,105,0,25,73.0
2025-09-21,SKU-0013,68,168,25,73.0
2025-09-28,SKU-0013,112,0,25,73.0
2025-10-05,SKU-0013,82,0,25,73.0
2025-10-12,SKU-0013,46,177,25,73.0
2025-10-19,SKU-0013,10,189,25,73.0
2025-10-26,SKU-0013,139,0,25,73.0
2025-11-02,SKU-0013,109,0,25,73.0
2025-11-09,SKU-0013,68,164,25,73.0
2025-11-16,SKU-0013,39,175,25,73.0
2025-11-23,SKU-0013,17,148,25,73.0
2025-11-30,SKU-0013,4,146,25,73.0
2025-12-07,SKU-0013,135,0,25,73.0
2025-12-14,SKU-0013,117,0,25,73.0
2025-12-21,SKU-0013,85,0,25,73.0
2025-12-28,SKU-0013,136,0,25,73.0
2026-01-04,SKU-0013,119,0,25,73.0
2026-01-11,SKU-0013,91,0,25,73.0
2026-01-18,SKU-0013,164,0,25,73.0
2026-01-25,SKU-0013,145,0,25,73.0
2026-02-01,SKU-0013,116,0,25,73.0
2026-02-08,SKU-0013,88,0,25,73.0
2026-02-15,SKU-0013,60,146,25,73.0
2026-02-22,SKU-0013,139,0,25,73.0
2026-03-01,SKU-0013,111,0,25,73.0
2026-03-08,SKU-0013,88,0,25,73.0
2026-03-15,SKU-0013,197,0,25,73.0
2026-03-22,SKU-0013,170,0,25,73.0
2026-03-29,SKU-0013,146,0,25,73.0
2026-04-05,SKU-0013,119,0,25,73.0
2026-04-12,SKU-0013,90,0,25,73.0
2026-04-19,SKU-0013,66,168,25,73.0
2026-04-26,SKU-0013,120,0,25,73.0
2026-05-03,SKU-0013,84,0,25,73.0
2026-05-10,SKU-0013,56,172,25,73.0
2026-05-17,SKU-0013,8,159,25,73.0
2026-05-24,SKU-0013,120,0,25,73.0
2026-05-31,SKU-0013,80,0,25,73.0
2026-06-07,SKU-0013,152,0,25,73.0
2026-06-14,SKU-0013,116,0,25,73.0
2026-06-21,SKU-0013,52,215,25,73.0
2026-06-28,SKU-0013,223,0,25,73.0
2026-07-05,SKU-0013,172,0,25,73.0
2026-07-12,SKU-0013,136,0,25,73.0
2026-07-19,SKU-0013,97,0,25,73.0
2026-07-26,SKU-0013,65,205,25,73.0
2026-08-02,SKU-0013,164,0,25,73.0
2026-08-09,SKU-0013,132,0,25,73.0
2026-08-16,SKU-0013,97,0,25,73.0
2026-08-23,SKU-0013,163,0,25,73.0
2026-08-30,SKU-0013,128,0,25,73.0
2024-06-16,SKU-0014,23,200,9,31.0
2024-06-23,SKU-0014,163,0,9,31.0
2024-06-30,SKU-0014,129,0,9,31.0
2024-07-07,SKU-0014,88,0,9,31.0
2024-07-14,SKU-0014,60,0,9,31.0
2024-07-21,SKU-0014,41,0,9,31.0
2024-07-28,SKU-0014,105,0,9,31.0
2024-08-04,SKU-0014,70,0,9,31.0
2024-08-11,SKU-0014,42,0,9,31.0
2024-08-18,SKU-0014,164,0,9,31.0
2024-08-25,SKU-0014,145,0,9,31.0
2024-09-01,SKU-0014,121,0,9,31.0
2024-09-08,SKU-0014,94,0,9,31.0
2024-09-15,SKU-0014,76,0,9,31.0
2024-09-22,SKU-0014,52,0,9,31.0
2024-09-29,SKU-0014,114,0,9,31.0
2024-10-06,SKU-0014,77,0,9,31.0
2024-10-13,SKU-0014,37,0,9,31.0
2024-10-20,SKU-0014,187,0,9,31.0
2024-10-27,SKU-0014,146,0,9,31.0
2024-11-03,SKU-0014,81,0,9,31.0
2024-11-10,SKU-0014,45,0,9,31.0
2024-11-17,SKU-0014,12,197,9,31.0
2024-11-24,SKU-0014,173,0,9,31.0
2024-12-01,SKU-0014,144,0,9,31.0
2024-12-08,SKU-0014,102,0,9,31.0
2024-12-15,SKU-0014,57,0,9,31.0
2024-12-22,SKU-0014,150,0,9,31.0
2024-12-29,SKU-0014,96,0,9,31.0
2025-01-05,SKU-0014,55,0,9,31.0
2025-01-12,SKU-0014,34,0,9,31.0
2025-01-19,SKU-0014,3,196,9,31.0
2025-01-26,SKU-0014,0,139,9,31.0
2025-02-02,SKU-0014,126,0,9,31.0
2025-02-09,SKU-0014,105,0,9,31.0
2025-02-16,SKU-0014,73,0,9,31.0
2025-02-23,SKU-0014,44,0,9,31.0
2025-03-02,SKU-0014,4,159,9,31.0
2025-03-09,SKU-0014,0,161,9,31.0
2025-03-16,SKU-0014,0,135,9,31.0
2025-03-23,SKU-0014,118,0,9,31.0
2025-03-30,SKU-0014,77,0,9,31.0
2025-04-06,SKU-0014,44,0,9,31.0
2025-04-13,SKU-0014,24,166,9,31.0
2025-04-20,SKU-0014,5,150,9,31.0
2025-04-27,SKU-0014,79,0,9,31.0
2025-05-04,SKU-0014,63,0,9,31.0
2025-05-11,SKU-0014,40,0,9,31.0
2025-05-18,SKU-0014,23,104,9,31.0
2025-05-25,SKU-0014,6,95,9,31.0
2025-06-01,SKU-0014,0,99,9,31.0
2025-06-08,SKU-0014,0,118,9,31.0
2025-06-15,SKU-0014,66,0,9,31.0
2025-06-22,SKU-0014,100,0,9,31.0
2025-06-29,SKU-0014,64,0,9,31.0
2025-07-06,SKU-0014,43,0,9,31.0
2025-07-13,SKU-0014,23,154,9,31.0
2025-07-20,SKU-0014,130,0,9,31.0
2025-07-27,SKU-0014,103,0,9,31.0
2025-08-03,SKU-0014,85,0,9,31.0
2025-08-10,SKU-0014,46,0,9,31.0
2025-08-17,SKU-0014,92,0,9,31.0
2025-08-24,SKU-0014,67,0,9,31.0
2025-08-31,SKU-0014,43,0,9,31.0
2025-09-07,SKU-0014,161,0,9,31.0
2025-09-14,SKU-0014,143,0,9,31.0
2025-09-21,SKU-0014,114,0,9,31.0
2025-09-28,SKU-0014,88,0,9,31.0
2025-10-05,SKU-0014,59,0,9,31.0
2025-10-12,SKU-0014,5,162,9,31.0
2025-10-19,SKU-0014,141,0,9,31.0
2025-10-26,SKU-0014,93,0,9,31.0
2025-11-02,SKU-0014,53,0,9,31.0
2025-11-09,SKU-0014,5,185,9,31.0
2025-11-16,SKU-0014,168,0,9,31.0
2025-11-23,SKU-0014,137,0,9,31.0
2025-11-30,SKU-0014,105,0,9,31.0
2025-12-07,SKU-0014,70,0,9,31.0
2025-12-14,SKU-0014,42,0,9,31.0
2025-12-21,SKU-0014,0,176,9,31.0
2025-12-28,SKU-0014,186,0,9,31.0
2026-01-04,SKU-0014,150,0,9,31.0
2026-01-11,SKU-0014,119,0,9,31.0
2026-01-18,SKU-0014,77,0,9,31.0
2026-01-25,SKU-0014,40,0,9,31.0
2026-02-01,SKU-0014,125,0,9,31.0
2026-02-08,SKU-0014,96,0,9,31.0
2026-02-15,SKU-0014,61,0,9,31.0
2026-02-22,SKU-0014,25,184,9,31.0
2026-03-01,SKU-0014,147,0,9,31.0
2026-03-08,SKU-0014,117,0,9,31.0
2026-03-15,SKU-0014,97,0,9,31.0
2026-03-22,SKU-0014,59,0,9,31.0
2026-03-29,SKU-0014,40,0,9,31.0
2026-04-05,SKU-0014,90,0,9,31.0
2026-04-12,SKU-0014,75,0,9,31.0
2026-04-19,SKU-0014,57,0,9,31.0
2026-04-26,SKU-0014,38,0,9,31.0
2026-05-03,SKU-0014,20,117,9,31.0
2026-05-10,SKU-0014,97,0,9,31.0
2026-05-17,SKU-0014,67,0,9,31.0
2026-05-24,SKU-0014,51,0,9,31.0
2026-05-31,SKU-0014,33,0,9,31.0
2026-06-07,SKU-0014,81,0,9,31.0
2026-06-14,SKU-0014,71,0,9,31.0
2026-06-21,SKU-0014,23,134,9,31.0
2026-06-28,SKU-0014,81,0,9,31.0
2026-07-05,SKU-0014,56,0,9,31.0
2026-07-12,SKU-0014,38,0,9,31.0
2026-07-19,SKU-0014,96,0,9,31.0
2026-07-26,SKU-0014,89,0,9,31.0
2026-08-02,SKU-0014,77,0,9,31.0
2026-08-09,SKU-0014,44,0,9,31.0
2026-08-16,SKU-0014,26,96,9,31.0
2026-08-23,SKU-0014,124,0,9,31.0
2026-08-30,SKU-0014,101,0,9,31.0
2024-12-01,SKU-0015,90,0,20,27.0
2024-12-08,SKU-0015,70,0,20,27.0
2024-12-15,SKU-0015,37,0,20,27.0
2024-12-22,SKU-0015,0,151,20,27.0
2024-12-29,SKU-0015,159,0,20,27.0
2025-01-05,SKU-0015,121,0,20,27.0
2025-01-12,SKU-0015,100,0,20,27.0
2025-01-19,SKU-0015,81,0,20,27.0
2025-01-26,SKU-0015,53,0,20,27.0
2025-02-02,SKU-0015,27,0,20,27.0
2025-02-09,SKU-0015,111,0,20,27.0
2025-02-16,SKU-0015,82,0,20,27.0
2025-02-23,SKU-0015,59,0,20,27.0
2025-03-02,SKU-0015,28,0,20,27.0
2025-03-09,SKU-0015,141,0,20,27.0
2025-03-16,SKU-0015,120,0,20,27.0
2025-03-23,SKU-0015,91,0,20,27.0
2025-03-30,SKU-0015,71,0,20,27.0
2025-04-06,SKU-0015,48,0,20,27.0
2025-04-13,SKU-0015,27,0,20,27.0
2025-04-20,SKU-0015,11,103,20,27.0
2025-04-27,SKU-0015,0,130,20,27.0
2025-05-04,SKU-0015,108,0,20,27.0
2025-05-11,SKU-0015,75,0,20,27.0
2025-05-18,SKU-0015,47,0,20,27.0
2025-05-25,SKU-0015,22,147,20,27.0
2025-06-01,SKU-0015,86,0,20,27.0
2025-06-08,SKU-0015,56,0,20,27.0
2025-06-15,SKU-0015,31,0,20,27.0
2025-06-22,SKU-0015,156,0,20,27.0
2025-06-29,SKU-0015,91,0,20,27.0
2025-07-06,SKU-0015,47,0,20,27.0
2025-07-13,SKU-0015,194,0,20,27.0
2025-07-20,SKU-0015,159,0,20,27.0
2025-07-27,SKU-0015,126,0,20,27.0
2025-08-03,SKU-0015,91,0,20,27.0
2025-08-10,SKU-0015,43,0,20,27.0
2025-08-17,SKU-0015,0,183,20,27.0
2025-08-24,SKU-0015,0,194,20,27.0
2025-08-31,SKU-0015,0,199,20,27.0
2025-09-07,SKU-0015,0,172,20,27.0
2025-09-14,SKU-0015,136,0,20,27.0
2025-09-21,SKU-0015,92,0,20,27.0
2025-09-28,SKU-0015,50,0,20,27.0
2025-10-05,SKU-0015,165,0,20,27.0
2025-10-12,SKU-0015,96,0,20,27.0
2025-10-19,SKU-0015,35,0,20,27.0
2025-10-26,SKU-0015,0,285,20,27.0
2025-11-02,SKU-0015,157,0,20,27.0
2025-11-09,SKU-0015,97,0,20,27.0
2025-11-16,SKU-0015,41,0,20,27.0
2025-11-23,SKU-0015,8,242,20,27.0
2025-11-30,SKU-0015,0,213,20,27.0
2025-12-07,SKU-0015,180,0,20,27.0
2025-12-14,SKU-0015,147,0,20,27.0
2025-12-21,SKU-0015,95,0,20,27.0
2025-12-28,SKU-0015,43,0,20,27.0
2026-01-04,SKU-0015,122,0,20,27.0
2026-01-11,SKU-0015,88,0,20,27.0
2026-01-18,SKU-0015,56,0,20,27.0
2026-01-25,SKU-0015,30,0,20,27.0
2026-02-01,SKU-0015,0,174,20,27.0
2026-02-08,SKU-0015,117,0,20,27.0
2026-02-15,SKU-0015,86,0,20,27.0
2026-02-22,SKU-0015,48,0,20,27.0
2026-03-01,SKU-0015,160,0,20,27.0
2026-03-08,SKU-0015,127,0,20,27.0
2026-03-15,SKU-0015,98,0,20,27.0
2026-03-22,SKU-0015,71,0,20,27.0
2026-03-29,SKU-0015,31,0,20,27.0
2026-04-05,SKU-0015,120,0,20,27.0
2026-04-12,SKU-0015,95,0,20,27.0
2026-04-19,SKU-0015,55,0,20,27.0
2026-04-26,SKU-0015,168,0,20,27.0
2026-05-03,SKU-0015,130,0,20,27.0
2026-05-10,SKU-0015,100,0,20,27.0
2026-05-17,SKU-0015,66,0,20,27.0
2026-05-24,SKU-0015,110,0,20,27.0
2026-05-31,SKU-0015,84,0,20,27.0
2026-06-07,SKU-0015,55,0,20,27.0
2026-06-14,SKU-0015,105,0,20,27.0
2026-06-21,SKU-0015,48,0,20,
2026-06-28,SKU-0015,148,0,20,27.0
2026-07-05,SKU-0015,95,0,20,27.0
2026-07-12,SKU-0015,55,0,20,27.0
2026-07-19,SKU-0015,13,228,20,27.0
2026-07-26,SKU-0015,145,0,20,27.0
2026-08-02,SKU-0015,93,0,20,27.0
2026-08-09,SKU-0015,61,0,20,27.0
2026-08-16,SKU-0015,143,0,20,27.0
2026-08-23,SKU-0015,97,0,20,27.0
2026-08-30,SKU-0015,53,0,20,27.0
2024-10-06,SKU-0016,173,0,6,48.0
2024-10-13,SKU-0016,146,0,6,48.0
2024-10-20,SKU-0016,120,0,6,48.0
2024-10-27,SKU-0016,99,0,6,48.0
2024-11-03,SKU-0016,70,0,6,48.0
2024-11-10,SKU-0016,144,0,6,48.0
2024-11-17,SKU-0016,123,0,6,48.0
2024-11-24,SKU-0016,107,0,6,48.0
2024-12-01,SKU-0016,94,0,6,48.0
2024-12-08,SKU-0016,80,0,6,48.0
2024-12-15,SKU-0016,68,0,6,48.0
2024-12-22,SKU-0016,40,103,6,48.0
2024-12-29,SKU-0016,13,108,6,48.0
2025-01-05,SKU-0016,0,104,6,48.0
2025-01-12,SKU-0016,0,121,6,48.0
2025-01-19,SKU-0016,95,0,6,48.0
2025-01-26,SKU-0016,82,0,6,48.0
2025-02-02,SKU-0016,62,0,6,48.0
2025-02-09,SKU-0016,50,0,6,48.0
2025-02-16,SKU-0016,40,102,6,48.0
2025-02-23,SKU-0016,31,116,6,48.0
2025-03-02,SKU-0016,84,0,6,48.0
2025-03-09,SKU-0016,64,0,6,48.0
2025-03-16,SKU-0016,54,0,6,48.0
2025-03-23,SKU-0016,93,0,6,48.0
2025-03-30,SKU-0016,86,0,6,48.0
2025-04-06,SKU-0016,68,0,6,48.0
2025-04-13,SKU-0016,46,121,6,48.0
2025-04-20,SKU-0016,98,0,6,48.0
2025-04-27,SKU-0016,80,0,6,48.0
2025-05-04,SKU-0016,58,0,6,48.0
2025-05-11,SKU-0016,42,100,6,48.0
2025-05-18,SKU-0016,20,102,6,48.0
2025-05-25,SKU-0016,85,0,6,48.0
2025-06-01,SKU-0016,70,0,6,48.0
2025-06-08,SKU-0016,54,0,6,48.0
2025-06-15,SKU-0016,80,0,6,48.0
2025-06-22,SKU-0016,45,119,6,48.0
2025-06-29,SKU-0016,0,149,6,48.0
2025-07-06,SKU-0016,116,0,6,48.0
2025-07-13,SKU-0016,93,0,6,48.0
2025-07-20,SKU-0016,71,0,6,48.0
2025-07-27,SKU-0016,48,0,6,48.0
2025-08-03,SKU-0016,123,0,6,48.0
2025-08-10,SKU-0016,92,0,6,48.0
2025-08-17,SKU-0016,67,0,6,48.0
2025-08-24,SKU-0016,43,120,6,48.0
2025-08-31,SKU-0016,86,0,6,48.0
2025-09-07,SKU-0016,71,0,6,48.0
2025-09-14,SKU-0016,49,0,6,48.0
2025-09-21,SKU-0016,32,108,6,48.0
2025-09-28,SKU-0016,69,0,6,48.0
2025-10-05,SKU-0016,40,107,6,48.0
2025-10-12,SKU-0016,110,0,6,48.0
2025-10-19,SKU-0016,74,0,6,48.0
2025-10-26,SKU-0016,48,0,6,48.0
2025-11-02,SKU-0016,21,135,6,48.0
2025-11-09,SKU-0016,0,134,6,48.0
2025-11-16,SKU-0016,0,148,6,48.0
2025-11-23,SKU-0016,68,0,6,48.0
2025-11-30,SKU-0016,48,0,6,48.0
2025-12-07,SKU-0016,17,119,6,48.0
2025-12-14,SKU-0016,85,0,6,48.0
2025-12-21,SKU-0016,56,0,6,48.0
2025-12-28,SKU-0016,159,0,6,48.0
2026-01-04,SKU-0016,151,0,6,48.0
2026-01-11,SKU-0016,139,0,6,48.0
2026-01-18,SKU-0016,116,0,6,48.0
2026-01-25,SKU-0016,93,0,6,48.0
2026-02-01,SKU-0016,77,0,6,48.0
2026-02-08,SKU-0016,70,0,6,48.0
2026-02-15,SKU-0016,53,0,6,48.0
2026-02-22,SKU-0016,88,0,6,48.0
2026-03-01,SKU-0016,76,0,6,48.0
2026-03-08,SKU-0016,56,0,6,48.0
2026-03-15,SKU-0016,126,0,6,48.0
2026-03-22,SKU-0016,110,0,6,48.0
2026-03-29,SKU-0016,99,0,6,48.0
2026-04-05,SKU-0016,91,0,6,48.0
2026-04-12,SKU-0016,76,0,6,48.0
2026-04-19,SKU-0016,61,0,6,48.0
2026-04-26,SKU-0016,121,0,6,48.0
2026-05-03,SKU-0016,96,0,6,48.0
2026-05-10,SKU-0016,66,0,6,48.0
2026-05-17,SKU-0016,35,120,6,48.0
2026-05-24,SKU-0016,17,136,6,48.0
2026-05-31,SKU-0016,77,0,6,48.0
2026-06-07,SKU-0016,59,0,6,48.0
2026-06-14,SKU-0016,106,0,6,48.0
2026-06-21,SKU-0016,72,0,6,48.0
2026-06-28,SKU-0016,104,0,6,48.0
2026-07-05,SKU-0016,82,0,6,48.0
2026-07-12,SKU-0016,70,0,6,48.0
2026-07-19,SKU-0016,153,0,6,48.0
2026-07-26,SKU-0016,128,0,6,48.0
2026-08-02,SKU-0016,93,0,6,48.0
2026-08-09,SKU-0016,76,0,6,48.0
2026-08-16,SKU-0016,57,0,6,48.0
2026-08-23,SKU-0016,44,111,6,48.0
2026-08-30,SKU-0016,137,0,6,48.0
2024-04-14,SKU-0017,31,0,5,26.0
2024-04-21,SKU-0017,82,0,5,26.0
2024-04-28,SKU-0017,52,0,5,26.0
2024-05-05,SKU-0017,105,0,5,26.0
2024-05-12,SKU-0017,68,0,5,26.0
2024-05-19,SKU-0017,36,0,5,26.0
2024-05-26,SKU-0017,0,193,5,26.0
2024-06-02,SKU-0017,0,178,5,26.0
2024-06-09,SKU-0017,132,0,5,26.0
2024-06-16,SKU-0017,91,0,5,26.0
2024-06-23,SKU-0017,29,0,5,26.0
2024-06-30,SKU-0017,0,202,5,26.0
2024-07-07,SKU-0017,115,0,5,26.0
2024-07-14,SKU-0017,79,0,5,26.0
2024-07-21,SKU-0017,56,0,5,26.0
2024-07-28,SKU-0017,28,0,5,26.0
2024-08-04,SKU-0017,103,0,5,26.0
2024-08-11,SKU-0017,77,0,5,26.0
2024-08-18,SKU-0017,56,0,5,26.0
2024-08-25,SKU-0017,26,0,5,26.0
2024-09-01,SKU-0017,76,0,5,26.0
2024-09-08,SKU-0017,50,0,5,26.0
2024-09-15,SKU-0017,35,0,5,26.0
2024-09-22,SKU-0017,86,0,5,26.0
2024-09-29,SKU-0017,60,0,5,26.0
2024-10-06,SKU-0017,35,0,5,26.0
2024-10-13,SKU-0017,128,0,5,26.0
2024-10-20,SKU-0017,92,0,5,26.0
2024-10-27,SKU-0017,46,0,5,26.0
2024-11-03,SKU-0017,10,180,5,26.0
2024-11-10,SKU-0017,0,202,5,26.0
2024-11-17,SKU-0017,125,0,5,26.0
2024-11-24,SKU-0017,100,0,5,26.0
2024-12-01,SKU-0017,60,0,5,26.0
2024-12-08,SKU-0017,30,0,5,26.0
2024-12-15,SKU-0017,3,164,5,26.0
2024-12-22,SKU-0017,158,0,5,26.0
2024-12-29,SKU-0017,113,0,5,26.0
2025-01-05,SKU-0017,91,0,5,26.0
2025-01-12,SKU-0017,67,0,5,26.0
2025-01-19,SKU-0017,40,0,5,26.0
2025-01-26,SKU-0017,8,127,5,26.0
2025-02-02,SKU-0017,113,0,5,26.0
2025-02-09,SKU-0017,83,0,5,26.0
2025-02-16,SKU-0017,44,0,5,26.0
2025-02-23,SKU-0017,26,0,5,26.0
2025-03-02,SKU-0017,117,0,5,26.0
2025-03-09,SKU-0017,83,0,5,26.0
2025-03-16,SKU-0017,60,0,5,26.0
2025-03-23,SKU-0017,151,0,5,26.0
2025-03-30,SKU-0017,125,0,5,26.0
2025-04-06,SKU-0017,101,0,5,26.0
2025-04-13,SKU-0017,64,0,5,26.0
2025-04-20,SKU-0017,29,0,5,26.0
2025-04-27,SKU-0017,0,159,5,26.0
2025-05-04,SKU-0017,93,0,5,26.0
2025-05-11,SKU-0017,65,0,5,26.0
2025-05-18,SKU-0017,33,0,5,26.0
2025-05-25,SKU-0017,9,147,5,26.0
2025-06-01,SKU-0017,70,0,5,26.0
2025-06-08,SKU-0017,51,0,5,26.0
2025-06-15,SKU-0017,31,0,5,26.0
2025-06-22,SKU-0017,107,0,5,26.0
2025-06-29,SKU-0017,66,0,5,26.0
2025-07-06,SKU-0017,46,0,5,26.0
2025-07-13,SKU-0017,178,0,5,26.0
2025-07-20,SKU-0017,158,0,5,26.0
2025-07-27,SKU-0017,139,0,5,26.0
2025-08-03,SKU-0017,120,0,5,26.0
2025-08-10,SKU-0017,92,0,5,26.0
2025-08-17,SKU-0017,73,0,5,26.0
2025-08-24,SKU-0017,50,0,5,26.0
2025-08-31,SKU-0017,131,0,5,26.0
2025-09-07,SKU-0017,115,0,5,26.0
2025-09-14,SKU-0017,94,0,5,26.0
2025-09-21,SKU-0017,68,0,5,26.0
2025-09-28,SKU-0017,43,0,5,26.0
2025-10-05,SKU-0017,130,0,5,26.0
2025-10-12,SKU-0017,95,0,5,26.0
2025-10-19,SKU-0017,54,0,5,26.0
2025-10-26,SKU-0017,16,168,5,26.0
2025-11-02,SKU-0017,182,0,5,26.0
2025-11-09,SKU-0017,146,0,5,26.0
2025-11-16,SKU-0017,120,0,5,26.0
2025-11-23,SKU-0017,96,0,5,26.0
2025-11-30,SKU-0017,79,0,5,26.0
2025-12-07,SKU-0017,63,0,5,26.0
2025-12-14,SKU-0017,43,0,5,26.0
2025-12-21,SKU-0017,1,121,5,26.0
2025-12-28,SKU-0017,142,0,5,26.0
2026-01-04,SKU-0017,113,0,5,26.0
2026-01-11,SKU-0017,101,0,5,26.0
2026-01-18,SKU-0017,71,0,5,26.0
2026-01-25,SKU-0017,47,0,5,26.0
2026-02-01,SKU-0017,137,0,5,26.0
2026-02-08,SKU-0017,118,0,5,26.0
2026-02-15,SKU-0017,84,0,5,26.0
2026-02-22,SKU-0017,51,0,5,26.0
2026-03-01,SKU-0017,22,159,5,26.0
2026-03-08,SKU-0017,148,0,5,26.0
2026-03-15,SKU-0017,115,0,5,26.0
2026-03-22,SKU-0017,88,0,5,26.0
2026-03-29,SKU-0017,66,0,5,26.0
2026-04-05,SKU-0017,38,0,5,26.0
2026-04-12,SKU-0017,89,0,5,26.0
2026-04-19,SKU-0017,68,0,5,26.0
2026-04-26,SKU-0017,44,0,5,26.0
2026-05-03,SKU-0017,99,0,5,26.0
2026-05-10,SKU-0017,79,0,5,26.0
2026-05-17,SKU-0017,56,0,5,26.0
2026-05-24,SKU-0017,40,0,5,26.0
2026-05-31,SKU-0017,132,0,5,26.0
2026-06-07,SKU-0017,110,0,5,26.0
2026-06-14,SKU-0017,80,0,5,26.0
2026-06-21,SKU-0017,42,0,5,26.0
2026-06-28,SKU-0017,4,140,5,26.0
2026-07-05,SKU-0017,144,0,5,26.0
2026-07-12,SKU-0017,126,0,5,26.0
2026-07-19,SKU-0017,102,0,5,26.0
2026-07-26,SKU-0017,79,0,5,26.0
2026-08-02,SKU-0017,62,0,5,26.0
2026-08-09,SKU-0017,35,0,5,26.0
2026-08-16,SKU-0017,76,0,5,26.0
2026-08-23,SKU-0017,62,0,5,26.0
2026-08-30,SKU-0017,42,0,5,26.0
2024-10-13,SKU-0018,97,0,12,23.0
2024-10-20,SKU-0018,66,0,12,23.0
2024-10-27,SKU-0018,28,0,12,23.0
2024-11-03,SKU-0018,0,185,12,23.0
2024-11-10,SKU-0018,176,0,12,23.0
2024-11-17,SKU-0018,141,0,12,23.0
2024-11-24,SKU-0018,114,0,12,23.0
2024-12-01,SKU-0018,92,0,12,23.0
2024-12-08,SKU-0018,62,0,12,23.0
2024-12-15,SKU-0018,29,0,12,23.0
2024-12-22,SKU-0018,78,0,12,23.0
2024-12-29,SKU-0018,35,0,12,23.0
2025-01-05,SKU-0018,161,0,12,23.0
2025-01-12,SKU-0018,133,0,12,23.0
2025-01-19,SKU-0018,119,0,12,23.0
2025-01-26,SKU-0018,98,0,12,23.0
2025-02-02,SKU-0018,77,0,12,23.0
2025-02-09,SKU-0018,49,0,12,23.0
2025-02-16,SKU-0018,25,0,12,23.0
2025-02-23,SKU-0018,92,0,12,23.0
2025-03-02,SKU-0018,56,0,12,23.0
2025-03-09,SKU-0018,33,0,12,23.0
2025-03-16,SKU-0018,87,0,12,23.0
2025-03-23,SKU-0018,65,0,12,23.0
2025-03-30,SKU-0018,46,0,12,23.0
2025-04-06,SKU-0018,71,0,12,23.0
2025-04-13,SKU-0018,39,0,12,23.0
2025-04-20,SKU-0018,95,0,12,23.0
2025-04-27,SKU-0018,52,0,12,23.0
2025-05-04,SKU-0018,33,0,12,23.0
2025-05-11,SKU-0018,6,159,12,23.0
2025-05-18,SKU-0018,115,0,12,23.0
2025-05-25,SKU-0018,89,0,12,23.0
2025-06-01,SKU-0018,59,0,12,
2025-06-08,SKU-0018,37,0,12,23.0
2025-06-15,SKU-0018,0,154,12,23.0
2025-06-22,SKU-0018,0,167,12,23.0
2025-06-29,SKU-0018,105,0,12,23.0
2025-07-06,SKU-0018,72,0,12,23.0
2025-07-13,SKU-0018,33,0,12,23.0
2025-07-20,SKU-0018,180,0,12,23.0
2025-07-27,SKU-0018,133,0,12,23.0
2025-08-03,SKU-0018,104,0,12,23.0
2025-08-10,SKU-0018,74,0,12,23.0
2025-08-17,SKU-0018,45,0,12,23.0
2025-08-24,SKU-0018,22,154,12,23.0
2025-08-31,SKU-0018,131,0,12,23.0
2025-09-07,SKU-0018,109,0,12,23.0
2025-09-14,SKU-0018,86,0,12,23.0
2025-09-21,SKU-0018,55,0,12,23.0
2025-09-28,SKU-0018,25,0,12,23.0
2025-10-05,SKU-0018,119,0,12,23.0
2025-10-12,SKU-0018,68,0,12,23.0
2025-10-19,SKU-0018,28,0,12,23.0
2025-10-26,SKU-0018,0,198,12,23.0
2025-11-02,SKU-0018,0,212,12,23.0
2025-11-09,SKU-0018,203,0,12,23.0
2025-11-16,SKU-0018,166,0,12,23.0
2025-11-23,SKU-0018,154,0,12,23.0
2025-11-30,SKU-0018,126,0,12,23.0
2025-12-07,SKU-0018,106,0,12,23.0
2025-12-14,SKU-0018,91,0,12,23.0
2025-12-21,SKU-0018,62,0,12,23.0
2025-12-28,SKU-0018,30,0,12,23.0
2026-01-04,SKU-0018,0,134,12,23.0
2026-01-11,SKU-0018,109,0,12,23.0
2026-01-18,SKU-0018,82,0,12,23.0
2026-01-25,SKU-0018,52,0,12,23.0
2026-02-01,SKU-0018,29,0,12,23.0
2026-02-08,SKU-0018,95,0,12,23.0
2026-02-15,SKU-0018,78,0,12,23.0
2026-02-22,SKU-0018,48,0,12,23.0
2026-03-01,SKU-0018,32,0,12,23.0
2026-03-08,SKU-0018,67,0,12,23.0
2026-03-15,SKU-0018,46,0,12,23.0
2026-03-22,SKU-0018,108,0,12,23.0
2026-03-29,SKU-0018,73,0,12,23.0
2026-04-05,SKU-0018,49,0,12,23.0
2026-04-12,SKU-0018,31,0,12,23.0
2026-04-19,SKU-0018,3,131,12,23.0
2026-04-26,SKU-0018,0,127,12,23.0
2026-05-03,SKU-0018,0,120,12,23.0
2026-05-10,SKU-0018,0,141,12,23.0
2026-05-17,SKU-0018,118,0,12,23.0
2026-05-24,SKU-0018,84,0,12,23.0
2026-05-31,SKU-0018,59,0,12,23.0
2026-06-07,SKU-0018,34,0,12,23.0
2026-06-14,SKU-0018,8,137,12,23.0
2026-06-21,SKU-0018,94,0,12,23.0
2026-06-28,SKU-0018,35,0,12,23.0
2026-07-05,SKU-0018,196,0,12,23.0
2026-07-12,SKU-0018,168,0,12,23.0
2026-07-19,SKU-0018,141,0,12,23.0
2026-07-26,SKU-0018,107,0,12,23.0
2026-08-02,SKU-0018,71,0,12,23.0
2026-08-09,SKU-0018,49,0,12,23.0
2026-08-16,SKU-0018,118,0,12,23.0
2026-08-23,SKU-0018,79,0,12,23.0
2026-08-30,SKU-0018,54,0,12,23.0
2024-02-11,SKU-0019,95,0,14,70.0
2024-02-18,SKU-0019,174,0,14,70.0
2024-02-25,SKU-0019,150,0,14,70.0
2024-03-03,SKU-0019,123,0,14,70.0
2024-03-10,SKU-0019,85,0,14,70.0
2024-03-17,SKU-0019,199,0,14,70.0
2024-03-24,SKU-0019,164,0,14,70.0
2024-03-31,SKU-0019,121,0,14,70.0
2024-04-07,SKU-0019,88,0,14,70.0
2024-04-14,SKU-0019,160,0,14,70.0
2024-04-21,SKU-0019,129,0,14,70.0
2024-04-28,SKU-0019,95,0,14,70.0
2024-05-05,SKU-0019,62,143,14,70.0
2024-05-12,SKU-0019,175,0,14,70.0
2024-05-19,SKU-0019,138,0,14,70.0
2024-05-26,SKU-0019,91,0,14,70.0
2024-06-02,SKU-0019,189,0,14,70.0
2024-06-09,SKU-0019,160,0,14,70.0
2024-06-16,SKU-0019,127,0,14,70.0
2024-06-23,SKU-0019,78,0,14,70.0
2024-06-30,SKU-0019,25,203,14,70.0
2024-07-07,SKU-0019,0,210,14,70.0
2024-07-14,SKU-0019,143,0,14,70.0
2024-07-21,SKU-0019,119,0,14,70.0
2024-07-28,SKU-0019,97,0,14,70.0
2024-08-04,SKU-0019,82,0,14,70.0
2024-08-11,SKU-0019,55,163,14,70.0
2024-08-18,SKU-0019,152,0,14,70.0
2024-08-25,SKU-0019,124,0,14,70.0
2024-09-01,SKU-0019,106,0,14,70.0
2024-09-08,SKU-0019,86,0,14,70.0
2024-09-15,SKU-0019,59,151,14,70.0
2024-09-22,SKU-0019,42,140,14,70.0
2024-09-29,SKU-0019,103,0,14,70.0
2024-10-06,SKU-0019,74,0,14,70.0
2024-10-13,SKU-0019,39,169,14,70.0
2024-10-20,SKU-0019,132,0,14,70.0
2024-10-27,SKU-0019,97,0,14,70.0
2024-11-03,SKU-0019,154,0,14,70.0
2024-11-10,SKU-0019,122,0,14,70.0
2024-11-17,SKU-0019,83,0,14,70.0
2024-11-24,SKU-0019,50,165,14,70.0
2024-12-01,SKU-0019,143,0,14,70.0
2024-12-08,SKU-0019,122,0,14,70.0
2024-12-15,SKU-0019,100,0,14,70.0
2024-12-22,SKU-0019,198,0,14,70.0
2024-12-29,SKU-0019,164,0,14,70.0
2025-01-05,SKU-0019,133,0,14,70.0
2025-01-12,SKU-0019,104,0,14,70.0
2025-01-19,SKU-0019,75,0,14,70.0
2025-01-26,SKU-0019,191,0,14,70.0
2025-02-02,SKU-0019,170,0,14,70.0
2025-02-09,SKU-0019,142,0,14,70.0
2025-02-16,SKU-0019,116,0,14,70.0
2025-02-23,SKU-0019,82,0,14,70.0
2025-03-02,SKU-0019,50,169,14,70.0
2025-03-09,SKU-0019,16,143,14,70.0
2025-03-16,SKU-0019,139,0,14,70.0
2025-03-23,SKU-0019,110,0,14,70.0
2025-03-30,SKU-0019,209,0,14,70.0
2025-04-06,SKU-0019,166,0,14,70.0
2025-04-13,SKU-0019,143,0,14,70.0
2025-04-20,SKU-0019,107,0,14,70.0
2025-04-27,SKU-0019,80,0,14,70.0
2025-05-04,SKU-0019,141,0,14,70.0
2025-05-11,SKU-0019,115,0,14,70.0
2025-05-18,SKU-0019,82,0,14,70.0
2025-05-25,SKU-0019,55,161,14,70.0
2025-06-01,SKU-0019,127,0,14,70.0
2025-06-08,SKU-0019,96,0,14,70.0
2025-06-15,SKU-0019,52,141,14,70.0
2025-06-22,SKU-0019,93,0,14,70.0
2025-06-29,SKU-0019,31,219,14,70.0
2025-07-06,SKU-0019,3,200,14,70.0
2025-07-13,SKU-0019,137,0,14,70.0
2025-07-20,SKU-0019,116,0,14,70.0
2025-07-27,SKU-0019,90,0,14,70.0
2025-08-03,SKU-0019,67,154,14,70.0
2025-08-10,SKU-0019,51,153,14,70.0
2025-08-17,SKU-0019,28,161,14,70.0
2025-08-24,SKU-0019,117,0,14,70.0
2025-08-31,SKU-0019,100,0,14,70.0
2025-09-07,SKU-0019,80,0,14,70.0
2025-09-14,SKU-0019,150,0,14,70.0
2025-09-21,SKU-0019,130,0,14,70.0
2025-09-28,SKU-0019,110,0,14,70.0
2025-10-05,SKU-0019,82,0,14,70.0
2025-10-12,SKU-0019,37,159,14,70.0
2025-10-19,SKU-0019,153,0,14,70.0
2025-10-26,SKU-0019,108,0,14,70.0
2025-11-02,SKU-0019,74,0,14,70.0
2025-11-09,SKU-0019,128,0,14,70.0
2025-11-16,SKU-0019,96,0,14,70.0
2025-11-23,SKU-0019,195,0,14,70.0
2025-11-30,SKU-0019,168,0,14,70.0
2025-12-07,SKU-0019,148,0,14,70.0
2025-12-14,SKU-0019,129,0,14,70.0
2025-12-21,SKU-0019,85,0,14,70.0
2025-12-28,SKU-0019,198,0,14,70.0
2026-01-04,SKU-0019,170,0,14,70.0
2026-01-11,SKU-0019,153,0,14,70.0
2026-01-18,SKU-0019,113,0,14,70.0
2026-01-25,SKU-0019,82,0,14,70.0
2026-02-01,SKU-0019,150,0,14,70.0
2026-02-08,SKU-0019,125,0,14,70.0
2026-02-15,SKU-0019,94,0,14,70.0
2026-02-22,SKU-0019,67,167,14,70.0
2026-03-01,SKU-0019,43,158,14,70.0
2026-03-08,SKU-0019,169,0,14,70.0
2026-03-15,SKU-0019,142,0,14,70.0
2026-03-22,SKU-0019,108,0,14,70.0
2026-03-29,SKU-0019,79,0,14,70.0
2026-04-05,SKU-0019,52,163,14,70.0
2026-04-12,SKU-0019,167,0,14,70.0
2026-04-19,SKU-0019,145,0,14,70.0
2026-04-26,SKU-0019,122,0,14,70.0
2026-05-03,SKU-0019,91,0,14,70.0
2026-05-10,SKU-0019,56,167,14,70.0
2026-05-17,SKU-0019,26,165,14,70.0
2026-05-24,SKU-0019,89,0,14,70.0
2026-05-31,SKU-0019,168,0,14,70.0
2026-06-07,SKU-0019,129,0,14,70.0
2026-06-14,SKU-0019,100,0,14,70.0
2026-06-21,SKU-0019,183,0,14,70.0
2026-06-28,SKU-0019,139,0,14,70.0
2026-07-05,SKU-0019,113,0,14,70.0
2026-07-12,SKU-0019,82,0,14,70.0
2026-07-19,SKU-0019,57,154,14,70.0
2026-07-26,SKU-0019,170,0,14,70.0
2026-08-02,SKU-0019,146,0,14,70.0
2026-08-09,SKU-0019,124,0,14,70.0
2026-08-16,SKU-0019,99,0,14,70.0
2026-08-23,SKU-0019,74,0,14,70.0
2026-08-30,SKU-0019,187,0,14,70.0
2024-05-12,SKU-0020,44,0,25,25.0
2024-05-19,SKU-0020,319,0,25,25.0
2024-05-26,SKU-0020,254,0,25,25.0
2024-06-02,SKU-0020,181,0,25,25.0
2024-06-09,SKU-0020,109,0,25,25.0
2024-06-16,SKU-0020,265,0,25,25.0
2024-06-23,SKU-0020,166,0,25,25.0
2024-06-30,SKU-0020,57,0,25,25.0
2024-07-07,SKU-0020,0,386,25,25.0
2024-07-14,SKU-0020,331,0,25,25.0
2024-07-21,SKU-0020,274,0,25,25.0
2024-07-28,SKU-0020,199,0,25,25.0
2024-08-04,SKU-0020,128,0,25,25.0
2024-08-11,SKU-0020,58,0,25,25.0
2024-08-18,SKU-0020,155,0,25,25.0
2024-08-25,SKU-0020,91,0,25,25.0
2024-09-01,SKU-0020,40,0,25,25.0
2024-09-08,SKU-0020,232,0,25,25.0
2024-09-15,SKU-0020,179,0,25,25.0
2024-09-22,SKU-0020,113,0,25,25.0
2024-09-29,SKU-0020,55,0,25,25.0
2024-10-06,SKU-0020,0,269,25,25.0
2024-10-13,SKU-0020,175,0,25,25.0
2024-10-20,SKU-0020,92,0,25,25.0
2024-10-27,SKU-0020,279,0,25,25.0
2024-11-03,SKU-0020,179,0,25,25.0
2024-11-10,SKU-0020,101,0,25,25.0
2024-11-17,SKU-0020,33,0,25,25.0
2024-11-24,SKU-0020,311,0,25,25.0
2024-12-01,SKU-0020,256,0,25,25.0
2024-12-08,SKU-0020,203,0,25,25.0
2024-12-15,SKU-0020,137,0,25,25.0
2024-12-22,SKU-0020,40,0,25,25.0
2024-12-29,SKU-0020,0,340,25,25.0
2025-01-05,SKU-0020,0,354,25,25.0
2025-01-12,SKU-0020,0,360,25,25.0
2025-01-19,SKU-0020,196,0,25,25.0
2025-01-26,SKU-0020,130,0,25,25.0
2025-02-02,SKU-0020,58,0,25,25.0
2025-02-09,SKU-0020,210,0,25,25.0
2025-02-16,SKU-0020,143,0,25,25.0
2025-02-23,SKU-0020,58,0,25,25.0
2025-03-02,SKU-0020,0,339,25,25.0
2025-03-09,SKU-0020,0,310,25,25.0
2025-03-16,SKU-0020,0,323,25,25.0
2025-03-23,SKU-0020,289,0,25,25.0
2025-03-30,SKU-0020,213,0,25,25.0
2025-04-06,SKU-0020,139,0,25,25.0
2025-04-13,SKU-0020,60,0,25,25.0
2025-04-20,SKU-0020,249,0,25,25.0
2025-04-27,SKU-0020,174,0,25,25.0
2025-05-04,SKU-0020,104,0,25,25.0
2025-05-11,SKU-0020,27,0,25,25.0
2025-05-18,SKU-0020,0,321,25,25.0
2025-05-25,SKU-0020,235,0,25,25.0
2025-06-01,SKU-0020,178,0,25,25.0
2025-06-08,SKU-0020,111,0,25,25.0
2025-06-15,SKU-0020,45,0,25,25.0
2025-06-22,SKU-0020,0,331,25,25.0
2025-06-29,SKU-0020,213,0,25,25.0
2025-07-06,SKU-0020,159,0,25,25.0
2025-07-13,SKU-0020,101,0,25,25.0
2025-07-20,SKU-0020,42,0,25,25.0
2025-07-27,SKU-0020,0,287,25,25.0
2025-08-03,SKU-0020,145,0,25,25.0
2025-08-10,SKU-0020,81,0,25,25.0
2025-08-17,SKU-0020,29,0,25,25.0
2025-08-24,SKU-0020,185,0,25,25.0
2025-08-31,SKU-0020,117,0,25,25.0
2025-09-07,SKU-0020,70,0,25,25.0
2025-09-14,SKU-0020,194,0,25,25.0
2025-09-21,SKU-0020,153,0,25,25.0
2025-09-28,SKU-0020,114,0,25,25.0
2025-10-05,SKU-0020,60,0,25,25.0
2025-10-12,SKU-0020,0,216,25,25.0
2025-10-19,SKU-0020,0,281,25,25.0
2025-10-26,SKU-0020,237,0,25,25.0
2025-11-02,SKU-0020,174,0,25,25.0
2025-11-09,SKU-0020,96,0,25,25.0
2025-11-16,SKU-0020,273,0,25,25.0
2025-11-23,SKU-0020,231,0,25,25.0
2025-11-30,SKU-0020,189,0,25,25.0
2025-12-07,SKU-0020,149,0,25,25.0
2025-12-14,SKU-0020,100,0,25,25.0
2025-12-21,SKU-0020,230,0,25,25.0
2025-12-28,SKU-0020,140,0,25,25.0
2026-01-04,SKU-0020,65,0,25,25.0
2026-01-11,SKU-0020,0,377,25,25.0
2026-01-18,SKU-0020,157,0,25,25.0
2026-01-25,SKU-0020,85,0,25,25.0
2026-02-01,SKU-0020,45,0,25,25.0
2026-02-08,SKU-0020,123,0,25,25.0
2026-02-15,SKU-0020,67,0,25,25.0
2026-02-22,SKU-0020,1,242,25,25.0
2026-03-01,SKU-0020,0,284,25,25.0
2026-03-08,SKU-0020,169,0,25,25.0
2026-03-15,SKU-0020,111,0,25,25.0
2026-03-22,SKU-0020,33,0,25,25.0
2026-03-29,SKU-0020,190,0,25,25.0
2026-04-05,SKU-0020,128,0,25,25.0
2026-04-12,SKU-0020,54,0,25,25.0
2026-04-19,SKU-0020,1,280,25,25.0
2026-04-26,SKU-0020,0,267,25,25.0
2026-05-03,SKU-0020,264,0,25,25.0
2026-05-10,SKU-0020,201,0,25,25.0
2026-05-17,SKU-0020,140,0,25,25.0
2026-05-24,SKU-0020,66,0,25,25.0
2026-05-31,SKU-0020,170,0,25,25.0
2026-06-07,SKU-0020,111,0,25,25.0
2026-06-14,SKU-0020,55,0,25,25.0
2026-06-21,SKU-0020,196,0,25,25.0
2026-06-28,SKU-0020,110,0,25,25.0
2026-07-05,SKU-0020,60,0,25,25.0
2026-07-12,SKU-0020,288,0,25,25.0
2026-07-19,SKU-0020,246,0,25,25.0
2026-07-26,SKU-0020,195,0,25,25.0
2026-08-02,SKU-0020,150,0,25,25.0
2026-08-09,SKU-0020,109,0,25,25.0
2026-08-16,SKU-0020,55,0,25,25.0
2026-08-23,SKU-0020,144,0,25,25.0
2026-08-30,SKU-0020,97,0,25,25.0
2024-01-21,SKU-0021,64,0,9,22.0
2024-01-28,SKU-0021,39,0,9,22.0
2024-02-04,SKU-0021,105,0,9,22.0
2024-02-11,SKU-0021,78,0,9,22.0
2024-02-18,SKU-0021,48,0,9,22.0
2024-02-25,SKU-0021,97,0,9,22.0
2024-03-03,SKU-0021,63,0,9,22.0
2024-03-10,SKU-0021,24,0,9,22.0
2024-03-17,SKU-0021,0,185,9,22.0
2024-03-24,SKU-0021,100,0,9,22.0
2024-03-31,SKU-0021,69,0,9,22.0
2024-04-07,SKU-0021,32,0,9,22.0
2024-04-14,SKU-0021,0,154,9,22.0
2024-04-21,SKU-0021,153,0,9,22.0
2024-04-28,SKU-0021,118,0,9,22.0
2024-05-05,SKU-0021,84,0,9,22.0
2024-05-12,SKU-0021,48,0,9,22.0
2024-05-19,SKU-0021,142,0,9,22.0
2024-05-26,SKU-0021,126,0,9,22.0
2024-06-02,SKU-0021,94,0,9,22.0
2024-06-09,SKU-0021,68,0,9,22.0
2024-06-16,SKU-0021,40,0,9,22.0
2024-06-23,SKU-0021,155,0,9,22.0
2024-06-30,SKU-0021,113,0,9,22.0
2024-07-07,SKU-0021,90,0,9,22.0
2024-07-14,SKU-0021,63,0,9,22.0
2024-07-21,SKU-0021,39,0,9,22.0
2024-07-28,SKU-0021,132,0,9,22.0
2024-08-04,SKU-0021,103,0,9,22.0
2024-08-11,SKU-0021,76,0,9,22.0
2024-08-18,SKU-0021,49,0,9,22.0
2024-08-25,SKU-0021,31,0,9,22.0
2024-09-01,SKU-0021,8,116,9,22.0
2024-09-08,SKU-0021,99,0,9,22.0
2024-09-15,SKU-0021,65,0,9,22.0
2024-09-22,SKU-0021,52,0,9,22.0
2024-09-29,SKU-0021,25,0,9,22.0
2024-10-06,SKU-0021,102,0,9,22.0
2024-10-13,SKU-0021,76,0,9,22.0
2024-10-20,SKU-0021,55,0,9,22.0
2024-10-27,SKU-0021,121,0,9,22.0
2024-11-03,SKU-0021,82,0,9,22.0
2024-11-10,SKU-0021,61,0,9,22.0
2024-11-17,SKU-0021,30,0,9,22.0
2024-11-24,SKU-0021,133,0,9,22.0
2024-12-01,SKU-0021,122,0,9,22.0
2024-12-08,SKU-0021,101,0,9,22.0
2024-12-15,SKU-0021,75,0,9,22.0
2024-12-22,SKU-0021,34,0,9,22.0
2024-12-29,SKU-0021,0,154,9,22.0
2025-01-05,SKU-0021,89,0,9,22.0
2025-01-12,SKU-0021,73,0,9,22.0
2025-01-19,SKU-0021,48,0,9,22.0
2025-01-26,SKU-0021,37,0,9,22.0
2025-02-02,SKU-0021,9,123,9,22.0
2025-02-09,SKU-0021,0,108,9,22.0
2025-02-16,SKU-0021,108,0,9,22.0
2025-02-23,SKU-0021,79,0,9,22.0
2025-03-02,SKU-0021,53,0,9,22.0
2025-03-09,SKU-0021,37,0,9,22.0
2025-03-16,SKU-0021,97,0,9,22.0
2025-03-23,SKU-0021,63,0,9,22.0
2025-03-30,SKU-0021,32,0,9,22.0
2025-04-06,SKU-0021,69,0,9,22.0
2025-04-13,SKU-0021,50,0,9,22.0
2025-04-20,SKU-0021,100,0,9,22.0
2025-04-27,SKU-0021,89,0,9,22.0
2025-05-04,SKU-0021,50,0,9,22.0
2025-05-11,SKU-0021,24,0,9,22.0
2025-05-18,SKU-0021,10,118,9,22.0
2025-05-25,SKU-0021,0,133,9,22.0
2025-06-01,SKU-0021,111,0,9,22.0
2025-06-08,SKU-0021,88,0,9,22.0
2025-06-15,SKU-0021,59,0,9,22.0
2025-06-22,SKU-0021,26,0,9,22.0
2025-06-29,SKU-0021,0,145,9,22.0
2025-07-06,SKU-0021,0,160,9,22.0
2025-07-13,SKU-0021,112,0,9,22.0
2025-07-20,SKU-0021,95,0,9,22.0
2025-07-27,SKU-0021,77,0,9,22.0
2025-08-03,SKU-0021,56,0,9,22.0
2025-08-10,SKU-0021,38,0,9,22.0
2025-08-17,SKU-0021,22,0,9,22.0
2025-08-24,SKU-0021,81,0,9,22.0
2025-08-31,SKU-0021,59,0,9,22.0
2025-09-07,SKU-0021,45,0,9,22.0
2025-09-14,SKU-0021,22,0,9,22.0
2025-09-21,SKU-0021,73,0,9,22.0
2025-09-28,SKU-0021,65,0,9,22.0
2025-10-05,SKU-0021,45,0,9,22.0
2025-10-12,SKU-0021,11,120,9,22.0
2025-10-19,SKU-0021,0,115,9,22.0
2025-10-26,SKU-0021,0,134,9,22.0
2025-11-02,SKU-0021,80,0,9,22.0
2025-11-09,SKU-0021,46,0,9,22.0
2025-11-16,SKU-0021,25,0,9,22.0
2025-11-23,SKU-0021,130,0,9,22.0
2025-11-30,SKU-0021,109,0,9,22.0
2025-12-07,SKU-0021,76,0,9,22.0
2025-12-14,SKU-0021,62,0,9,22.0
2025-12-21,SKU-0021,22,0,9,22.0
2025-12-28,SKU-0021,0,142,9,22.0
2026-01-04,SKU-0021,112,0,9,22.0
2026-01-11,SKU-0021,82,0,9,22.0
2026-01-18,SKU-0021,64,0,9,22.0
2026-01-25,SKU-0021,40,0,9,22.0
2026-02-01,SKU-0021,20,109,9,22.0
2026-02-08,SKU-0021,0,101,9,22.0
2026-02-15,SKU-0021,0,127,9,22.0
2026-02-22,SKU-0021,0,129,9,22.0
2026-03-01,SKU-0021,0,130,9,22.0
2026-03-08,SKU-0021,59,0,9,22.0
2026-03-15,SKU-0021,37,0,9,22.0
2026-03-22,SKU-0021,107,0,9,22.0
2026-03-29,SKU-0021,89,0,9,22.0
2026-04-05,SKU-0021,70,0,9,22.0
2026-04-12,SKU-0021,51,0,9,22.0
2026-04-19,SKU-0021,32,0,9,22.0
2026-04-26,SKU-0021,15,127,9,22.0
2026-05-03,SKU-0021,0,109,9,22.0
2026-05-10,SKU-0021,75,0,9,22.0
2026-05-17,SKU-0021,57,0,9,22.0
2026-05-24,SKU-0021,25,0,9,22.0
2026-05-31,SKU-0021,9,111,9,22.0
2026-06-07,SKU-0021,81,0,9,22.0
2026-06-14,SKU-0021,66,0,9,22.0
2026-06-21,SKU-0021,30,0,9,22.0
2026-06-28,SKU-0021,129,0,9,22.0
2026-07-05,SKU-0021,115,0,9,22.0
2026-07-12,SKU-0021,105,0,9,22.0
2026-07-19,SKU-0021,95,0,9,22.0
2026-07-26,SKU-0021,80,0,9,22.0
2026-08-02,SKU-0021,60,0,9,22.0
2026-08-09,SKU-0021,54,0,9,22.0
2026-08-16,SKU-0021,43,0,9,22.0
2026-08-23,SKU-0021,38,0,9,22.0
2026-08-30,SKU-0021,29,0,9,22.0
2024-01-28,SKU-0022,160,0,19,24.0
2024-02-04,SKU-0022,118,0,19,24.0
2024-02-11,SKU-0022,98,0,19,24.0
2024-02-18,SKU-0022,62,0,19,24.0
2024-02-25,SKU-0022,45,0,19,24.0
2024-03-03,SKU-0022,78,0,19,24.0
2024-03-10,SKU-0022,47,0,19,24.0
2024-03-17,SKU-0022,136,0,19,24.0
2024-03-24,SKU-0022,108,0,19,24.0
2024-03-31,SKU-0022,69,0,19,24.0
2024-04-07,SKU-0022,40,0,19,24.0
2024-04-14,SKU-0022,1,188,19,24.0
2024-04-21,SKU-0022,186,0,19,24.0
2024-04-28,SKU-0022,145,0,19,24.0
2024-05-05,SKU-0022,109,0,19,24.0
2024-05-12,SKU-0022,69,0,19,24.0
2024-05-19,SKU-0022,41,0,19,24.0
2024-05-26,SKU-0022,87,0,19,24.0
2024-06-02,SKU-0022,51,0,19,24.0
2024-06-09,SKU-0022,146,0,19,24.0
2024-06-16,SKU-0022,92,0,19,24.0
2024-06-23,SKU-0022,47,0,19,24.0
2024-06-30,SKU-0022,124,0,19,24.0
2024-07-07,SKU-0022,86,0,19,24.0
2024-07-14,SKU-0022,43,0,19,24.0
2024-07-21,SKU-0022,8,221,19,24.0
2024-07-28,SKU-0022,0,192,19,24.0
2024-08-04,SKU-0022,0,194,19,24.0
2024-08-11,SKU-0022,0,159,19,24.0
2024-08-18,SKU-0022,117,0,19,24.0
2024-08-25,SKU-0022,80,0,19,24.0
2024-09-01,SKU-0022,57,0,19,24.0
2024-09-08,SKU-0022,143,0,19,24.0
2024-09-15,SKU-0022,109,0,19,24.0
2024-09-22,SKU-0022,78,0,19,24.0
2024-09-29,SKU-0022,47,0,19,24.0
2024-10-06,SKU-0022,140,0,19,24.0
2024-10-13,SKU-0022,98,0,19,24.0
2024-10-20,SKU-0022,58,0,19,24.0
2024-10-27,SKU-0022,26,0,19,24.0
2024-11-03,SKU-0022,0,195,19,24.0
2024-11-10,SKU-0022,0,214,19,24.0
2024-11-17,SKU-0022,163,0,19,24.0
2024-11-24,SKU-0022,135,0,19,24.0
2024-12-01,SKU-0022,100,0,19,24.0
2024-12-08,SKU-0022,68,0,19,24.0
2024-12-15,SKU-0022,44,0,19,24.0
2024-12-22,SKU-0022,0,153,19,24.0
2024-12-29,SKU-0022,80,0,19,24.0
2025-01-05,SKU-0022,43,0,19,24.0
2025-01-12,SKU-0022,17,159,19,24.0
2025-01-19,SKU-0022,0,171,19,24.0
2025-01-26,SKU-0022,110,0,19,24.0
2025-02-02,SKU-0022,84,0,19,24.0
2025-02-09,SKU-0022,39,0,19,24.0
2025-02-16,SKU-0022,2,152,19,24.0
2025-02-23,SKU-0022,0,189,19,24.0
2025-03-02,SKU-0022,0,195,19,24.0
2025-03-09,SKU-0022,198,0,19,24.0
2025-03-16,SKU-0022,171,0,19,24.0
2025-03-23,SKU-0022,130,0,19,24.0
2025-03-30,SKU-0022,86,0,19,24.0
2025-04-06,SKU-0022,45,0,19,24.0
2025-04-13,SKU-0022,143,0,19,24.0
2025-04-20,SKU-0022,94,0,19,24.0
2025-04-27,SKU-0022,39,0,19,24.0
2025-05-04,SKU-0022,147,0,19,24.0
2025-05-11,SKU-0022,103,0,19,24.0
2025-05-18,SKU-0022,70,0,19,24.0
2025-05-25,SKU-0022,20,221,19,24.0
2025-06-01,SKU-0022,122,0,19,24.0
2025-06-08,SKU-0022,88,0,19,24.0
2025-06-15,SKU-0022,50,0,19,24.0
2025-06-22,SKU-0022,0,212,19,24.0
2025-06-29,SKU-0022,166,0,19,24.0
2025-07-06,SKU-0022,117,0,19,24.0
2025-07-13,SKU-0022,71,0,19,24.0
2025-07-20,SKU-0022,32,0,19,24.0
2025-07-27,SKU-0022,123,0,19,24.0
2025-08-03,SKU-0022,85,0,19,24.0
2025-08-10,SKU-0022,41,0,19,24.0
2025-08-17,SKU-0022,127,0,19,24.0
2025-08-24,SKU-0022,91,0,19,24.0
2025-08-31,SKU-0022,63,0,19,24.0
2025-09-07,SKU-0022,31,0,19,24.0
2025-09-14,SKU-0022,151,0,19,24.0
2025-09-21,SKU-0022,124,0,19,24.0
2025-09-28,SKU-0022,80,0,19,24.0
2025-10-05,SKU-0022,39,0,19,24.0
2025-10-12,SKU-0022,0,197,19,24.0
2025-10-19,SKU-0022,158,0,19,24.0
2025-10-26,SKU-0022,103,0,19,24.0
2025-11-02,SKU-0022,59,0,19,24.0
2025-11-09,SKU-0022,184,0,19,24.0
2025-11-16,SKU-0022,143,0,19,24.0
2025-11-23,SKU-0022,117,0,19,24.0
2025-11-30,SKU-0022,81,0,19,24.0
2025-12-07,SKU-0022,56,0,19,24.0
2025-12-14,SKU-0022,22,159,19,24.0
2025-12-21,SKU-0022,105,0,19,24.0
2025-12-28,SKU-0022,60,0,19,24.0
2026-01-04,SKU-0022,24,0,19,24.0
2026-01-11,SKU-0022,0,189,19,24.0
2026-01-18,SKU-0022,0,163,19,24.0
2026-01-25,SKU-0022,0,138,19,24.0
2026-02-01,SKU-0022,124,0,19,24.0
2026-02-08,SKU-0022,92,0,19,24.0
2026-02-15,SKU-0022,46,0,19,24.0
2026-02-22,SKU-0022,8,177,19,24.0
2026-03-01,SKU-0022,115,0,19,24.0
2026-03-08,SKU-0022,67,0,19,24.0
2026-03-15,SKU-0022,35,0,19,24.0
2026-03-22,SKU-0022,4,195,19,24.0
2026-03-29,SKU-0022,106,0,19,24.0
2026-04-05,SKU-0022,76,0,19,24.0
2026-04-12,SKU-0022,155,0,19,24.0
2026-04-19,SKU-0022,105,0,19,24.0
2026-04-26,SKU-0022,61,0,19,24.0
2026-05-03,SKU-0022,210,0,19,24.0
2026-05-10,SKU-0022,172,0,19,24.0
2026-05-17,SKU-0022,134,0,19,24.0
2026-05-24,SKU-0022,90,0,19,24.0
2026-05-31,SKU-0022,42,0,19,24.0
2026-06-07,SKU-0022,0,198,19,24.0
2026-06-14,SKU-0022,0,204,19,24.0
2026-06-21,SKU-0022,189,0,19,24.0
2026-06-28,SKU-0022,128,0,19,24.0
2026-07-05,SKU-0022,71,0,19,24.0
2026-07-12,SKU-0022,31,0,19,24.0
2026-07-19,SKU-0022,206,0,19,24.0
2026-07-26,SKU-0022,176,0,19,24.0
2026-08-02,SKU-0022,136,0,19,24.0
2026-08-09,SKU-0022,112,0,19,24.0
2026-08-16,SKU-0022,74,0,19,24.0
2026-08-23,SKU-0022,45,0,19,24.0
2026-08-30,SKU-0022,8,181,19,24.0
2025-02-23,SKU-0023,86,0,5,18.0
2025-03-02,SKU-0023,37,0,5,18.0
2025-03-09,SKU-0023,0,223,5,18.0
2025-03-16,SKU-0023,245,0,5,18.0
2025-03-23,SKU-0023,176,0,5,18.0
2025-03-30,SKU-0023,99,0,5,18.0
2025-04-06,SKU-0023,255,0,5,18.0
2025-04-13,SKU-0023,171,0,5,18.0
2025-04-20,SKU-0023,89,0,5,18.0
2025-04-27,SKU-0023,301,0,5,18.0
2025-05-04,SKU-0023,203,0,5,18.0
2025-05-11,SKU-0023,106,0,5,18.0
2025-05-18,SKU-0023,20,0,5,18.0
2025-05-25,SKU-0023,0,400,5,18.0
2025-06-01,SKU-0023,0,384,5,18.0
2025-06-08,SKU-0023,0,392,5,18.0
2025-06-15,SKU-0023,0,407,5,18.0
2025-06-22,SKU-0023,328,0,5,18.0
2025-06-29,SKU-0023,201,0,5,18.0
2025-07-06,SKU-0023,109,0,5,18.0
2025-07-13,SKU-0023,22,0,5,18.0
2025-07-20,SKU-0023,0,406,5,18.0
2025-07-27,SKU-0023,0,385,5,18.0
2025-08-03,SKU-0023,0,363,5,18.0
2025-08-10,SKU-0023,0,360,5,18.0
2025-08-17,SKU-0023,0,345,5,18.0
2025-08-24,SKU-0023,312,0,5,18.0
2025-08-31,SKU-0023,237,0,5,18.0
2025-09-07,SKU-0023,170,0,5,18.0
2025-09-14,SKU-0023,104,0,5,18.0
2025-09-21,SKU-0023,33,0,5,18.0
2025-09-28,SKU-0023,0,293,5,18.0
2025-10-05,SKU-0023,0,308,5,18.0
2025-10-12,SKU-0023,231,0,5,18.0
2025-10-19,SKU-0023,137,0,5,18.0
2025-10-26,SKU-0023,59,0,5,18.0
2025-11-02,SKU-0023,363,0,5,18.0
2025-11-09,SKU-0023,255,0,5,18.0
2025-11-16,SKU-0023,150,0,5,18.0
2025-11-23,SKU-0023,86,0,5,18.0
2025-11-30,SKU-0023,22,0,5,18.0
2025-12-07,SKU-0023,332,0,5,18.0
2025-12-14,SKU-0023,255,0,5,18.0
2025-12-21,SKU-0023,157,0,5,18.0
2025-12-28,SKU-0023,52,0,5,18.0
2026-01-04,SKU-0023,331,0,5,18.0
2026-01-11,SKU-0023,268,0,5,18.0
2026-01-18,SKU-0023,185,0,5,18.0
2026-01-25,SKU-0023,104,0,5,18.0
2026-02-01,SKU-0023,24,0,5,18.0
2026-02-08,SKU-0023,0,343,5,18.0
2026-02-15,SKU-0023,0,363,5,18.0
2026-02-22,SKU-0023,331,0,5,18.0
2026-03-01,SKU-0023,246,0,5,18.0
2026-03-08,SKU-0023,170,0,5,18.0
2026-03-15,SKU-0023,94,0,5,18.0
2026-03-22,SKU-0023,3,350,5,18.0
2026-03-29,SKU-0023,0,363,5,18.0
2026-04-05,SKU-0023,0,375,5,18.0
2026-04-12,SKU-0023,263,0,5,18.0
2026-04-19,SKU-0023,167,0,5,18.0
2026-04-26,SKU-0023,62,0,5,18.0
2026-05-03,SKU-0023,410,0,5,18.0
2026-05-10,SKU-0023,311,0,5,18.0
2026-05-17,SKU-0023,212,0,5,18.0
2026-05-24,SKU-0023,123,0,5,18.0
2026-05-31,SKU-0023,17,438,5,18.0
2026-06-07,SKU-0023,0,415,5,18.0
2026-06-14,SKU-0023,0,425,5,18.0
2026-06-21,SKU-0023,414,0,5,18.0
2026-06-28,SKU-0023,271,0,5,18.0
2026-07-05,SKU-0023,169,0,5,18.0
2026-07-12,SKU-0023,86,0,5,18.0
2026-07-19,SKU-0023,394,0,5,18.0
2026-07-26,SKU-0023,300,0,5,18.0
2026-08-02,SKU-0023,219,0,5,18.0
2026-08-09,SKU-0023,127,0,5,18.0
2026-08-16,SKU-0023,46,0,5,18.0
2026-08-23,SKU-0023,328,0,5,18.0
2026-08-30,SKU-0023,252,0,5,18.0
2024-06-23,SKU-0024,66,0,7,34.0
2024-06-30,SKU-0024,289,0,7,34.0
2024-07-07,SKU-0024,240,0,7,34.0
2024-07-14,SKU-0024,176,0,7,34.0
2024-07-21,SKU-0024,117,0,7,34.0
2024-07-28,SKU-0024,52,0,7,34.0
2024-08-04,SKU-0024,14,245,7,34.0
2024-08-11,SKU-0024,154,0,7,34.0
2024-08-18,SKU-0024,95,0,7,34.0
2024-08-25,SKU-0024,44,0,7,34.0
2024-09-01,SKU-0024,0,269,7,34.0
2024-09-08,SKU-0024,158,0,7,34.0
2024-09-15,SKU-0024,106,0,7,34.0
2024-09-22,SKU-0024,51,0,7,34.0
2024-09-29,SKU-0024,5,233,7,34.0
2024-10-06,SKU-0024,243,0,7,34.0
2024-10-13,SKU-0024,175,0,7,34.0
2024-10-20,SKU-0024,108,0,7,34.0
2024-10-27,SKU-0024,37,0,7,34.0
2024-11-03,SKU-0024,217,0,7,34.0
2024-11-10,SKU-0024,150,0,7,34.0
2024-11-17,SKU-0024,98,0,7,34.0
2024-11-24,SKU-0024,46,0,7,34.0
2024-12-01,SKU-0024,194,0,7,34.0
2024-12-08,SKU-0024,143,0,7,34.0
2024-12-15,SKU-0024,98,0,7,34.0
2024-12-22,SKU-0024,28,251,7,34.0
2024-12-29,SKU-0024,0,266,7,34.0
2025-01-05,SKU-0024,211,0,7,34.0
2025-01-12,SKU-0024,159,0,7,34.0
2025-01-19,SKU-0024,110,0,7,34.0
2025-01-26,SKU-0024,64,0,7,34.0
2025-02-02,SKU-0024,12,241,7,34.0
2025-02-09,SKU-0024,160,0,7,34.0
2025-02-16,SKU-0024,111,0,7,34.0
2025-02-23,SKU-0024,56,0,7,34.0
2025-03-02,SKU-0024,179,0,7,34.0
2025-03-09,SKU-0024,120,0,7,34.0
2025-03-16,SKU-0024,50,0,7,34.0
2025-03-23,SKU-0024,247,0,7,34.0
2025-03-30,SKU-0024,196,0,7,34.0
2025-04-06,SKU-0024,135,0,7,34.0
2025-04-13,SKU-0024,77,0,7,34.0
2025-04-20,SKU-0024,202,0,7,34.0
2025-04-27,SKU-0024,145,0,7,34.0
2025-05-04,SKU-0024,86,0,7,34.0
2025-05-11,SKU-0024,19,292,7,34.0
2025-05-18,SKU-0024,0,273,7,
2025-05-25,SKU-0024,0,266,7,34.0
2025-06-01,SKU-0024,269,0,7,34.0
2025-06-08,SKU-0024,203,0,7,34.0
2025-06-15,SKU-0024,131,0,7,34.0
2025-06-22,SKU-0024,35,0,7,34.0
2025-06-29,SKU-0024,179,0,7,34.0
2025-07-06,SKU-0024,125,0,7,34.0
2025-07-13,SKU-0024,69,0,7,34.0
2025-07-20,SKU-0024,18,275,7,34.0
2025-07-27,SKU-0024,0,247,7,34.0
2025-08-03,SKU-0024,237,0,7,34.0
2025-08-10,SKU-0024,179,0,7,34.0
2025-08-17,SKU-0024,124,0,7,34.0
2025-08-24,SKU-0024,69,0,7,34.0
2025-08-31,SKU-0024,20,254,7,34.0
2025-09-07,SKU-0024,179,0,7,34.0
2025-09-14,SKU-0024,132,0,7,34.0
2025-09-21,SKU-0024,72,0,7,34.0
2025-09-28,SKU-0024,254,0,7,34.0
2025-10-05,SKU-0024,169,0,7,34.0
2025-10-12,SKU-0024,76,0,7,34.0
2025-10-19,SKU-0024,0,347,7,34.0
2025-10-26,SKU-0024,0,378,7,34.0
2025-11-02,SKU-0024,210,0,7,34.0
2025-11-09,SKU-0024,118,0,7,34.0
2025-11-16,SKU-0024,45,0,7,34.0
2025-11-23,SKU-0024,261,0,7,34.0
2025-11-30,SKU-0024,229,0,7,34.0
2025-12-07,SKU-0024,190,0,7,34.0
2025-12-14,SKU-0024,137,0,7,34.0
2025-12-21,SKU-0024,60,0,7,34.0
2025-12-28,SKU-0024,171,0,7,34.0
2026-01-04,SKU-0024,100,0,7,34.0
2026-01-11,SKU-0024,54,0,7,34.0
2026-01-18,SKU-0024,279,0,7,34.0
2026-01-25,SKU-0024,225,0,7,34.0
2026-02-01,SKU-0024,170,0,7,34.0
2026-02-08,SKU-0024,125,0,7,34.0
2026-02-15,SKU-0024,65,0,7,34.0
2026-02-22,SKU-0024,214,0,7,34.0
2026-03-01,SKU-0024,158,0,7,34.0
2026-03-08,SKU-0024,90,0,7,34.0
2026-03-15,SKU-0024,19,290,7,34.0
2026-03-22,SKU-0024,248,0,7,34.0
2026-03-29,SKU-0024,190,0,7,34.0
2026-04-05,SKU-0024,147,0,7,34.0
2026-04-12,SKU-0024,62,0,7,34.0
2026-04-19,SKU-0024,173,0,7,34.0
2026-04-26,SKU-0024,106,0,7,34.0
2026-05-03,SKU-0024,54,0,7,34.0
2026-05-10,SKU-0024,186,0,7,34.0
2026-05-17,SKU-0024,110,0,7,34.0
2026-05-24,SKU-0024,45,0,7,34.0
2026-05-31,SKU-0024,0,336,7,34.0
2026-06-07,SKU-0024,271,0,7,34.0
2026-06-14,SKU-0024,198,0,7,34.0
2026-06-21,SKU-0024,93,0,7,34.0
2026-06-28,SKU-0024,0,386,7,34.0
2026-07-05,SKU-0024,0,372,7,34.0
2026-07-12,SKU-0024,320,0,7,34.0
2026-07-19,SKU-0024,255,0,7,34.0
2026-07-26,SKU-0024,194,0,7,34.0
2026-08-02,SKU-0024,135,0,7,34.0
2026-08-09,SKU-0024,68,0,7,34.0
2026-08-16,SKU-0024,16,267,7,34.0
2026-08-23,SKU-0024,216,0,7,34.0
2026-08-30,SKU-0024,159,0,7,34.0
2024-10-20,SKU-0025,121,0,20,32.0
2024-10-27,SKU-0025,95,0,20,32.0
2024-11-03,SKU-0025,64,0,20,32.0
2024-11-10,SKU-0025,124,0,20,32.0
2024-11-17,SKU-0025,99,0,20,32.0
2024-11-24,SKU-0025,73,0,20,32.0
2024-12-01,SKU-0025,64,0,20,32.0
2024-12-08,SKU-0025,55,0,20,32.0
2024-12-15,SKU-0025,46,0,20,32.0
2024-12-22,SKU-0025,9,109,20,32.0
2024-12-29,SKU-0025,0,122,20,32.0
2025-01-05,SKU-0025,81,0,20,32.0
2025-01-12,SKU-0025,69,0,20,32.0
2025-01-19,SKU-0025,59,0,20,32.0
2025-01-26,SKU-0025,53,0,20,32.0
2025-02-02,SKU-0025,47,0,20,32.0
2025-02-09,SKU-0025,40,0,20,32.0
2025-02-16,SKU-0025,31,84,20,32.0
2025-02-23,SKU-0025,17,84,20,32.0
2025-03-02,SKU-0025,100,0,20,32.0
2025-03-09,SKU-0025,90,0,20,32.0
2025-03-16,SKU-0025,68,0,20,32.0
2025-03-23,SKU-0025,58,0,20,32.0
2025-03-30,SKU-0025,48,0,20,32.0
2025-04-06,SKU-0025,42,0,20,32.0
2025-04-13,SKU-0025,97,0,20,32.0
2025-04-20,SKU-0025,81,0,20,32.0
2025-04-27,SKU-0025,64,0,20,32.0
2025-05-04,SKU-0025,52,0,20,32.0
2025-05-11,SKU-0025,36,0,20,32.0
2025-05-18,SKU-0025,24,86,20,32.0
2025-05-25,SKU-0025,80,0,20,32.0
2025-06-01,SKU-0025,70,0,20,32.0
2025-06-08,SKU-0025,62,0,20,32.0
2025-06-15,SKU-0025,51,0,20,32.0
2025-06-22,SKU-0025,75,0,20,32.0
2025-06-29,SKU-0025,47,0,20,32.0
2025-07-06,SKU-0025,86,0,20,32.0
2025-07-13,SKU-0025,65,0,20,32.0
2025-07-20,SKU-0025,52,0,20,32.0
2025-07-27,SKU-0025,38,0,20,32.0
2025-08-03,SKU-0025,86,0,20,32.0
2025-08-10,SKU-0025,74,0,20,32.0
2025-08-17,SKU-0025,56,0,20,32.0
2025-08-24,SKU-0025,46,0,20,32.0
2025-08-31,SKU-0025,36,0,20,32.0
2025-09-07,SKU-0025,87,0,20,32.0
2025-09-14,SKU-0025,67,0,20,32.0
2025-09-21,SKU-0025,40,0,20,32.0
2025-09-28,SKU-0025,126,0,20,32.0
2025-10-05,SKU-0025,91,0,20,32.0
2025-10-12,SKU-0025,73,0,20,32.0
2025-10-19,SKU-0025,41,0,20,32.0
2025-10-26,SKU-0025,82,0,20,32.0
2025-11-02,SKU-0025,58,0,20,32.0
2025-11-09,SKU-0025,30,158,20,32.0
2025-11-16,SKU-0025,130,0,20,32.0
2025-11-23,SKU-0025,115,0,20,32.0
2025-11-30,SKU-0025,105,0,20,32.0
2025-12-07,SKU-0025,90,0,20,32.0
2025-12-14,SKU-0025,79,0,20,32.0
2025-12-21,SKU-0025,63,0,20,32.0
2025-12-28,SKU-0025,53,0,20,32.0
2026-01-04,SKU-0025,38,0,20,32.0
2026-01-11,SKU-0025,25,98,20,32.0
2026-01-18,SKU-0025,20,68,20,32.0
2026-01-25,SKU-0025,6,68,20,32.0
2026-02-01,SKU-0025,61,0,20,32.0
2026-02-08,SKU-0025,46,0,20,32.0
2026-02-15,SKU-0025,36,0,20,32.0
2026-02-22,SKU-0025,24,89,20,32.0
2026-03-01,SKU-0025,20,75,20,32.0
2026-03-08,SKU-0025,13,91,20,32.0
2026-03-15,SKU-0025,3,69,20,32.0
2026-03-22,SKU-0025,77,0,20,32.0
2026-03-29,SKU-0025,67,0,20,32.0
2026-04-05,SKU-0025,58,0,20,32.0
2026-04-12,SKU-0025,56,0,20,32.0
2026-04-19,SKU-0025,46,0,20,32.0
2026-04-26,SKU-0025,36,0,20,32.0
2026-05-03,SKU-0025,67,0,20,32.0
2026-05-10,SKU-0025,56,0,20,32.0
2026-05-17,SKU-0025,40,0,20,32.0
2026-05-24,SKU-0025,33,0,20,32.0
2026-05-31,SKU-0025,28,65,20,32.0
2026-06-07,SKU-0025,12,92,20,32.0
2026-06-14,SKU-0025,6,82,20,32.0
2026-06-21,SKU-0025,0,88,20,32.0
2026-06-28,SKU-0025,56,0,20,32.0
2026-07-05,SKU-0025,40,0,20,32.0
2026-07-12,SKU-0025,72,0,20,32.0
2026-07-19,SKU-0025,54,0,20,32.0
2026-07-26,SKU-0025,37,0,20,32.0
2026-08-02,SKU-0025,22,83,20,32.0
2026-08-09,SKU-0025,7,83,20,32.0
2026-08-16,SKU-0025,0,88,20,32.0
2026-08-23,SKU-0025,0,81,20,32.0
2026-08-30,SKU-0025,0,84,20,32.0
2024-03-10,SKU-0026,94,0,6,37.0
2024-03-17,SKU-0026,83,0,6,37.0
2024-03-24,SKU-0026,72,0,6,37.0
2024-03-31,SKU-0026,64,0,6,37.0
2024-04-07,SKU-0026,51,0,6,37.0
2024-04-14,SKU-0026,28,78,6,37.0
2024-04-21,SKU-0026,85,0,6,
2024-04-28,SKU-0026,80,0,6,37.0
2024-05-05,SKU-0026,59,0,6,37.0
2024-05-12,SKU-0026,51,0,6,37.0
2024-05-19,SKU-0026,37,0,6,37.0
2024-05-26,SKU-0026,81,0,6,37.0
2024-06-02,SKU-0026,71,0,6,37.0
2024-06-09,SKU-0026,48,0,6,37.0
2024-06-16,SKU-0026,30,95,6,37.0
2024-06-23,SKU-0026,7,93,6,37.0
2024-06-30,SKU-0026,0,113,6,37.0
2024-07-07,SKU-0026,59,0,6,37.0
2024-07-14,SKU-0026,38,0,6,37.0
2024-07-21,SKU-0026,25,115,6,37.0
2024-07-28,SKU-0026,86,0,6,37.0
2024-08-04,SKU-0026,71,0,6,37.0
2024-08-11,SKU-0026,64,0,6,37.0
2024-08-18,SKU-0026,46,0,6,37.0
2024-08-25,SKU-0026,33,103,6,37.0
2024-09-01,SKU-0026,5,105,6,37.0
2024-09-08,SKU-0026,0,109,6,37.0
2024-09-15,SKU-0026,93,0,6,37.0
2024-09-22,SKU-0026,83,0,6,37.0
2024-09-29,SKU-0026,60,0,6,37.0
2024-10-06,SKU-0026,38,0,6,37.0
2024-10-13,SKU-0026,80,0,6,37.0
2024-10-20,SKU-0026,56,0,6,37.0
2024-10-27,SKU-0026,90,0,6,37.0
2024-11-03,SKU-0026,71,0,6,37.0
2024-11-10,SKU-0026,39,0,6,37.0
2024-11-17,SKU-0026,89,0,6,37.0
2024-11-24,SKU-0026,80,0,6,37.0
2024-12-01,SKU-0026,58,0,6,37.0
2024-12-08,SKU-0026,38,0,6,37.0
2024-12-15,SKU-0026,84,0,6,37.0
2024-12-22,SKU-0026,73,0,6,37.0
2024-12-29,SKU-0026,57,0,6,37.0
2025-01-05,SKU-0026,108,0,6,37.0
2025-01-12,SKU-0026,89,0,6,37.0
2025-01-19,SKU-0026,74,0,6,37.0
2025-01-26,SKU-0026,54,0,6,37.0
2025-02-02,SKU-0026,44,0,6,37.0
2025-02-09,SKU-0026,88,0,6,37.0
2025-02-16,SKU-0026,73,0,6,37.0
2025-02-23,SKU-0026,64,0,6,37.0
2025-03-02,SKU-0026,52,0,6,37.0
2025-03-09,SKU-0026,45,0,6,37.0
2025-03-16,SKU-0026,32,93,6,37.0
2025-03-23,SKU-0026,59,0,6,37.0
2025-03-30,SKU-0026,51,0,6,37.0
2025-04-06,SKU-0026,39,0,6,37.0
2025-04-13,SKU-0026,70,0,6,37.0
2025-04-20,SKU-0026,56,0,6,37.0
2025-04-27,SKU-0026,41,0,6,37.0
2025-05-04,SKU-0026,100,0,6,37.0
2025-05-11,SKU-0026,80,0,6,37.0
2025-05-18,SKU-0026,61,0,6,37.0
2025-05-25,SKU-0026,37,0,6,37.0
2025-06-01,SKU-0026,113,0,6,37.0
2025-06-08,SKU-0026,98,0,6,37.0
2025-06-15,SKU-0026,85,0,6,37.0
2025-06-22,SKU-0026,62,0,6,37.0
2025-06-29,SKU-0026,119,0,6,37.0
2025-07-06,SKU-0026,109,0,6,37.0
2025-07-13,SKU-0026,91,0,6,37.0
2025-07-20,SKU-0026,68,0,6,37.0
2025-07-27,SKU-0026,45,0,6,37.0
2025-08-03,SKU-0026,26,122,6,37.0
2025-08-10,SKU-0026,67,0,6,37.0
2025-08-17,SKU-0026,52,0,6,37.0
2025-08-24,SKU-0026,141,0,6,37.0
2025-08-31,SKU-0026,117,0,6,37.0
2025-09-07,SKU-0026,93,0,6,37.0
2025-09-14,SKU-0026,60,0,6,37.0
2025-09-21,SKU-0026,40,0,6,37.0
2025-09-28,SKU-0026,139,0,6,37.0
2025-10-05,SKU-0026,96,0,6,37.0
2025-10-12,SKU-0026,66,0,6,37.0
2025-10-19,SKU-0026,38,0,6,37.0
2025-10-26,SKU-0026,10,163,6,37.0
2025-11-02,SKU-0026,0,139,6,37.0
2025-11-09,SKU-0026,159,0,6,37.0
2025-11-16,SKU-0026,133,0,6,37.0
2025-11-23,SKU-0026,116,0,6,37.0
2025-11-30,SKU-0026,98,0,6,37.0
2025-12-07,SKU-0026,76,0,6,37.0
2025-12-14,SKU-0026,68,0,6,37.0
2025-12-21,SKU-0026,41,0,6,37.0
2025-12-28,SKU-0026,98,0,6,37.0
2026-01-04,SKU-0026,76,0,6,37.0
2026-01-11,SKU-0026,58,0,6,37.0
2026-01-18,SKU-0026,91,0,6,37.0
2026-01-25,SKU-0026,71,0,6,37.0
2026-02-01,SKU-0026,48,0,6,37.0
2026-02-08,SKU-0026,29,126,6,37.0
2026-02-15,SKU-0026,94,0,6,37.0
2026-02-22,SKU-0026,90,0,6,37.0
2026-03-01,SKU-0026,79,0,6,37.0
2026-03-08,SKU-0026,67,0,6,37.0
2026-03-15,SKU-0026,49,0,6,37.0
2026-03-22,SKU-0026,88,0,6,37.0
2026-03-29,SKU-0026,69,0,6,37.0
2026-04-05,SKU-0026,45,0,6,37.0
2026-04-12,SKU-0026,91,0,6,37.0
2026-04-19,SKU-0026,68,0,6,37.0
2026-04-26,SKU-0026,62,0,6,37.0
2026-05-03,SKU-0026,46,0,6,37.0
2026-05-10,SKU-0026,32,102,6,37.0
2026-05-17,SKU-0026,14,85,6,37.0
2026-05-24,SKU-0026,60,0,6,37.0
2026-05-31,SKU-0026,124,0,6,37.0
2026-06-07,SKU-0026,102,0,6,37.0
2026-06-14,SKU-0026,70,0,6,37.0
2026-06-21,SKU-0026,173,0,6,37.0
2026-06-28,SKU-0026,141,0,6,37.0
2026-07-05,SKU-0026,113,0,6,37.0
2026-07-12,SKU-0026,94,0,6,37.0
2026-07-19,SKU-0026,69,0,6,37.0
2026-07-26,SKU-0026,44,0,6,37.0
2026-08-02,SKU-0026,86,0,6,37.0
2026-08-09,SKU-0026,61,0,6,37.0
2026-08-16,SKU-0026,122,0,6,37.0
2026-08-23,SKU-0026,99,0,6,37.0
2026-08-30,SKU-0026,70,0,6,37.0
2024-04-14,SKU-0027,80,0,5,42.0
2024-04-21,SKU-0027,59,0,5,42.0
2024-04-28,SKU-0027,34,113,5,42.0
2024-05-05,SKU-0027,91,0,5,42.0
2024-05-12,SKU-0027,65,0,5,42.0
2024-05-19,SKU-0027,152,0,5,42.0
2024-05-26,SKU-0027,118,0,5,42.0
2024-06-02,SKU-0027,87,0,5,42.0
2024-06-09,SKU-0027,57,0,5,42.0
2024-06-16,SKU-0027,135,0,5,42.0
2024-06-23,SKU-0027,93,0,5,42.0
2024-06-30,SKU-0027,48,0,5,42.0
2024-07-07,SKU-0027,31,188,5,42.0
2024-07-14,SKU-0027,117,0,5,42.0
2024-07-21,SKU-0027,91,0,5,42.0
2024-07-28,SKU-0027,66,0,5,42.0
2024-08-04,SKU-0027,45,0,5,42.0
2024-08-11,SKU-0027,154,0,5,42.0
2024-08-18,SKU-0027,134,0,5,42.0
2024-08-25,SKU-0027,110,0,5,42.0
2024-09-01,SKU-0027,87,0,5,42.0
2024-09-08,SKU-0027,59,0,5,42.0
2024-09-15,SKU-0027,27,147,5,42.0
2024-09-22,SKU-0027,0,135,5,42.0
2024-09-29,SKU-0027,118,0,5,42.0
2024-10-06,SKU-0027,76,0,5,42.0
2024-10-13,SKU-0027,28,169,5,42.0
2024-10-20,SKU-0027,0,194,5,42.0
2024-10-27,SKU-0027,105,0,5,42.0
2024-11-03,SKU-0027,56,0,5,42.0
2024-11-10,SKU-0027,159,0,5,42.0
2024-11-17,SKU-0027,132,0,5,42.0
2024-11-24,SKU-0027,115,0,5,42.0
2024-12-01,SKU-0027,102,0,5,42.0
2024-12-08,SKU-0027,78,0,5,42.0
2024-12-15,SKU-0027,49,0,5,42.0
2024-12-22,SKU-0027,103,0,5,42.0
2024-12-29,SKU-0027,69,0,5,42.0
2025-01-05,SKU-0027,42,0,5,42.0
2025-01-12,SKU-0027,92,0,5,42.0
2025-01-19,SKU-0027,80,0,5,42.0
2025-01-26,SKU-0027,59,0,5,42.0
2025-02-02,SKU-0027,48,0,5,42.0
2025-02-09,SKU-0027,34,105,5,42.0
2025-02-16,SKU-0027,72,0,5,42.0
2025-02-23,SKU-0027,47,0,5,42.0
2025-03-02,SKU-0027,24,119,5,42.0
2025-03-09,SKU-0027,111,0,5,42.0
2025-03-16,SKU-0027,90,0,5,42.0
2025-03-23,SKU-0027,66,0,5,42.0
2025-03-30,SKU-0027,49,0,5,42.0
2025-04-06,SKU-0027,36,94,5,42.0
2025-04-13,SKU-0027,14,109,5,42.0
2025-04-20,SKU-0027,0,109,5,42.0
2025-04-27,SKU-0027,51,0,5,42.0
2025-05-04,SKU-0027,98,0,5,42.0
2025-05-11,SKU-0027,77,0,5,42.0
2025-05-18,SKU-0027,54,0,5,42.0
2025-05-25,SKU-0027,132,0,5,42.0
2025-06-01,SKU-0027,91,0,5,42.0
2025-06-08,SKU-0027,62,0,5,42.0
2025-06-15,SKU-0027,29,176,5,42.0
2025-06-22,SKU-0027,118,0,5,42.0
2025-06-29,SKU-0027,71,0,5,42.0
2025-07-06,SKU-0027,252,0,5,42.0
2025-07-13,SKU-0027,219,0,5,42.0
2025-07-20,SKU-0027,193,0,5,42.0
2025-07-27,SKU-0027,164,0,5,42.0
2025-08-03,SKU-0027,132,0,5,42.0
2025-08-10,SKU-0027,113,0,5,42.0
2025-08-17,SKU-0027,91,0,5,42.0
2025-08-24,SKU-0027,66,0,5,42.0
2025-08-31,SKU-0027,42,0,5,42.0
2025-09-07,SKU-0027,18,120,5,42.0
2025-09-14,SKU-0027,2,108,5,42.0
2025-09-21,SKU-0027,80,0,5,42.0
2025-09-28,SKU-0027,56,0,5,42.0
2025-10-05,SKU-0027,8,140,5,42.0
2025-10-12,SKU-0027,129,0,5,42.0
2025-10-19,SKU-0027,93,0,5,42.0
2025-10-26,SKU-0027,53,0,5,42.0
2025-11-02,SKU-0027,150,0,5,42.0
2025-11-09,SKU-0027,97,0,5,42.0
2025-11-16,SKU-0027,68,0,5,42.0
2025-11-23,SKU-0027,47,0,5,42.0
2025-11-30,SKU-0027,98,0,5,42.0
2025-12-07,SKU-0027,82,0,5,42.0
2025-12-14,SKU-0027,68,0,5,42.0
2025-12-21,SKU-0027,46,0,5,42.0
2025-12-28,SKU-0027,83,0,5,42.0
2026-01-04,SKU-0027,61,0,5,42.0
2026-01-11,SKU-0027,45,0,5,42.0
2026-01-18,SKU-0027,82,0,5,42.0
2026-01-25,SKU-0027,52,0,5,42.0
2026-02-01,SKU-0027,117,0,5,42.0
2026-02-08,SKU-0027,93,0,5,42.0
2026-02-15,SKU-0027,69,0,5,42.0
2026-02-22,SKU-0027,52,0,5,42.0
2026-03-01,SKU-0027,99,0,5,42.0
2026-03-08,SKU-0027,84,0,5,42.0
2026-03-15,SKU-0027,58,0,5,42.0
2026-03-22,SKU-0027,41,110,5,42.0
2026-03-29,SKU-0027,13,108,5,42.0
2026-04-05,SKU-0027,88,0,5,42.0
2026-04-12,SKU-0027,63,0,5,42.0
2026-04-19,SKU-0027,105,0,5,42.0
2026-04-26,SKU-0027,73,0,5,42.0
2026-05-03,SKU-0027,48,0,5,42.0
2026-05-10,SKU-0027,142,0,5,42.0
2026-05-17,SKU-0027,120,0,5,42.0
2026-05-24,SKU-0027,99,0,5,42.0
2026-05-31,SKU-0027,80,0,5,42.0
2026-06-07,SKU-0027,55,0,5,42.0
2026-06-14,SKU-0027,108,0,5,42.0
2026-06-21,SKU-0027,66,0,5,42.0
2026-06-28,SKU-0027,21,165,5,42.0
2026-07-05,SKU-0027,0,186,5,42.0
2026-07-12,SKU-0027,96,0,5,42.0
2026-07-19,SKU-0027,75,0,5,42.0
2026-07-26,SKU-0027,47,0,5,42.0
2026-08-02,SKU-0027,24,119,5,42.0
2026-08-09,SKU-0027,117,0,5,42.0
2026-08-16,SKU-0027,85,0,5,42.0
2026-08-23,SKU-0027,57,0,5,42.0
2026-08-30,SKU-0027,152,0,5,42.0
2024-09-22,SKU-0028,171,0,27,28.0
2024-09-29,SKU-0028,164,0,27,28.0
2024-10-06,SKU-0028,157,0,27,28.0
2024-10-13,SKU-0028,142,0,27,28.0
2024-10-20,SKU-0028,130,0,27,28.0
2024-10-27,SKU-0028,118,0,27,28.0
2024-11-03,SKU-0028,102,0,27,28.0
2024-11-10,SKU-0028,83,0,27,28.0
2024-11-17,SKU-0028,71,0,27,28.0
2024-11-24,SKU-0028,58,0,27,28.0
2024-12-01,SKU-0028,44,0,27,28.0
2024-12-08,SKU-0028,38,0,27,28.0
2024-12-15,SKU-0028,27,73,27,28.0
2024-12-22,SKU-0028,62,0,27,28.0
2024-12-29,SKU-0028,40,0,27,28.0
2025-01-05,SKU-0028,30,0,27,28.0
2025-01-12,SKU-0028,81,0,27,28.0
2025-01-19,SKU-0028,71,0,27,28.0
2025-01-26,SKU-0028,66,0,27,28.0
2025-02-02,SKU-0028,57,0,27,28.0
2025-02-09,SKU-0028,44,0,27,28.0
2025-02-16,SKU-0028,29,0,27,28.0
2025-02-23,SKU-0028,80,0,27,28.0
2025-03-02,SKU-0028,65,0,27,28.0
2025-03-09,SKU-0028,55,0,27,28.0
2025-03-16,SKU-0028,45,0,27,28.0
2025-03-23,SKU-0028,31,0,27,28.0
2025-03-30,SKU-0028,23,85,27,28.0
2025-04-06,SKU-0028,7,71,27,28.0
2025-04-13,SKU-0028,0,66,27,28.0
2025-04-20,SKU-0028,0,96,27,28.0
2025-04-27,SKU-0028,0,78,27,28.0
2025-05-04,SKU-0028,0,73,27,28.0
2025-05-11,SKU-0028,48,0,27,28.0
2025-05-18,SKU-0028,37,0,27,28.0
2025-05-25,SKU-0028,82,0,27,28.0
2025-06-01,SKU-0028,70,0,27,28.0
2025-06-08,SKU-0028,62,0,27,28.0
2025-06-15,SKU-0028,41,0,27,28.0
2025-06-22,SKU-0028,96,0,27,28.0
2025-06-29,SKU-0028,71,0,27,28.0
2025-07-06,SKU-0028,56,0,27,28.0
2025-07-13,SKU-0028,37,0,27,28.0
2025-07-20,SKU-0028,34,0,27,28.0
2025-07-27,SKU-0028,79,0,27,28.0
2025-08-03,SKU-0028,65,0,27,28.0
2025-08-10,SKU-0028,59,0,27,28.0
2025-08-17,SKU-0028,48,0,27,28.0
2025-08-24,SKU-0028,43,0,27,28.0
2025-08-31,SKU-0028,27,60,27,28.0
2025-09-07,SKU-0028,16,64,27,28.0
2025-09-14,SKU-0028,7,80,27,28.0
2025-09-21,SKU-0028,67,0,27,28.0
2025-09-28,SKU-0028,58,0,27,28.0
2025-10-05,SKU-0028,41,0,27,28.0
2025-10-12,SKU-0028,73,0,27,28.0
2025-10-19,SKU-0028,44,0,27,28.0
2025-10-26,SKU-0028,100,0,27,28.0
2025-11-02,SKU-0028,91,0,27,28.0
2025-11-09,SKU-0028,75,0,27,28.0
2025-11-16,SKU-0028,53,0,27,28.0
2025-11-23,SKU-0028,48,0,27,28.0
2025-11-30,SKU-0028,39,0,27,28.0
2025-12-07,SKU-0028,27,86,27,28.0
2025-12-14,SKU-0028,11,75,27,28.0
2025-12-21,SKU-0028,0,90,27,28.0
2025-12-28,SKU-0028,50,0,27,28.0
2026-01-04,SKU-0028,33,0,27,28.0
2026-01-11,SKU-0028,93,0,27,28.0
2026-01-18,SKU-0028,77,0,27,28.0
2026-01-25,SKU-0028,66,0,27,28.0
2026-02-01,SKU-0028,59,0,27,28.0
2026-02-08,SKU-0028,46,0,27,28.0
2026-02-15,SKU-0028,33,0,27,28.0
2026-02-22,SKU-0028,99,0,27,28.0
2026-03-01,SKU-0028,87,0,27,28.0
2026-03-08,SKU-0028,66,0,27,28.0
2026-03-15,SKU-0028,43,0,27,28.0
2026-03-22,SKU-0028,30,0,27,28.0
2026-03-29,SKU-0028,21,90,27,28.0
2026-04-05,SKU-0028,6,90,27,28.0
2026-04-12,SKU-0028,66,0,27,28.0
2026-04-19,SKU-0028,49,0,27,28.0
2026-04-26,SKU-0028,41,0,27,28.0
2026-05-03,SKU-0028,95,0,27,28.0
2026-05-10,SKU-0028,87,0,27,28.0
2026-05-17,SKU-0028,72,0,27,28.0
2026-05-24,SKU-0028,61,0,27,28.0
2026-05-31,SKU-0028,52,0,27,28.0
2026-06-07,SKU-0028,39,0,27,28.0
2026-06-14,SKU-0028,25,70,27,28.0
2026-06-21,SKU-0028,5,83,27,28.0
2026-06-28,SKU-0028,51,0,27,28.0
2026-07-05,SKU-0028,34,0,27,28.0
2026-07-12,SKU-0028,30,0,27,28.0
2026-07-19,SKU-0028,23,98,27,28.0
2026-07-26,SKU-0028,48,0,27,28.0
2026-08-02,SKU-0028,39,0,27,28.0
2026-08-09,SKU-0028,30,0,27,28.0
2026-08-16,SKU-0028,19,82,27,28.0
2026-08-23,SKU-0028,7,81,27,28.0
2026-08-30,SKU-0028,49,0,27,28.0
2024-07-28,SKU-0029,117,0,10,39.0
2024-08-04,SKU-0029,100,0,10,39.0
2024-08-11,SKU-0029,87,0,10,39.0
2024-08-18,SKU-0029,75,0,10,39.0
2024-08-25,SKU-0029,59,0,10,39.0
2024-09-01,SKU-0029,61,0,10,39.0
2024-09-08,SKU-0029,50,0,10,39.0
2024-09-15,SKU-0029,46,0,10,39.0
2024-09-22,SKU-0029,36,79,10,39.0
2024-09-29,SKU-0029,25,84,10,39.0
2024-10-06,SKU-0029,58,0,10,39.0
2024-10-13,SKU-0029,47,0,10,39.0
2024-10-20,SKU-0029,114,0,10,39.0
2024-10-27,SKU-0029,94,0,10,39.0
2024-11-03,SKU-0029,76,0,10,39.0
2024-11-10,SKU-0029,57,0,10,39.0
2024-11-17,SKU-0029,129,0,10,39.0
2024-11-24,SKU-0029,110,0,10,39.0
2024-12-01,SKU-0029,97,0,10,39.0
2024-12-08,SKU-0029,81,0,10,39.0
2024-12-15,SKU-0029,66,0,10,39.0
2024-12-22,SKU-0029,39,0,10,39.0
2024-12-29,SKU-0029,21,102,10,39.0
2025-01-05,SKU-0029,4,106,10,39.0
2025-01-12,SKU-0029,89,0,10,39.0
2025-01-19,SKU-0029,77,0,10,39.0
2025-01-26,SKU-0029,69,0,10,39.0
2025-02-02,SKU-0029,58,0,10,39.0
2025-02-09,SKU-0029,115,0,10,39.0
2025-02-16,SKU-0029,96,0,10,39.0
2025-02-23,SKU-0029,82,0,10,39.0
2025-03-02,SKU-0029,61,0,10,39.0
2025-03-09,SKU-0029,46,0,10,39.0
2025-03-16,SKU-0029,24,114,10,39.0
2025-03-23,SKU-0029,8,99,10,39.0
2025-03-30,SKU-0029,72,0,10,39.0
2025-04-06,SKU-0029,62,0,10,39.0
2025-04-13,SKU-0029,44,0,10,39.0
2025-04-20,SKU-0029,31,94,10,39.0
2025-04-27,SKU-0029,101,0,10,39.0
2025-05-04,SKU-0029,82,0,10,39.0
2025-05-11,SKU-0029,56,0,10,39.0
2025-05-18,SKU-0029,44,0,10,39.0
2025-05-25,SKU-0029,87,0,10,39.0
2025-06-01,SKU-0029,70,0,10,39.0
2025-06-08,SKU-0029,56,0,10,39.0
2025-06-15,SKU-0029,43,0,10,39.0
2025-06-22,SKU-0029,19,105,10,39.0
2025-06-29,SKU-0029,51,0,10,39.0
2025-07-06,SKU-0029,45,0,10,39.0
2025-07-13,SKU-0029,120,0,10,39.0
2025-07-20,SKU-0029,104,0,10,39.0
2025-07-27,SKU-0029,89,0,10,39.0
2025-08-03,SKU-0029,78,0,10,39.0
2025-08-10,SKU-0029,60,0,10,39.0
2025-08-17,SKU-0029,48,0,10,39.0
2025-08-24,SKU-0029,36,104,10,39.0
2025-08-31,SKU-0029,110,0,10,39.0
2025-09-07,SKU-0029,101,0,10,39.0
2025-09-14,SKU-0029,90,0,10,39.0
2025-09-21,SKU-0029,72,0,10,39.0
2025-09-28,SKU-0029,54,0,10,39.0
2025-10-05,SKU-0029,101,0,10,39.0
2025-10-12,SKU-0029,71,0,10,39.0
2025-10-19,SKU-0029,52,0,10,39.0
2025-10-26,SKU-0029,38,117,10,39.0
2025-11-02,SKU-0029,25,113,10,39.0
2025-11-09,SKU-0029,79,0,10,39.0
2025-11-16,SKU-0029,58,0,10,39.0
2025-11-23,SKU-0029,43,0,10,39.0
2025-11-30,SKU-0029,87,0,10,39.0
2025-12-07,SKU-0029,74,0,10,39.0
2025-12-14,SKU-0029,63,0,10,39.0
2025-12-21,SKU-0029,42,0,10,39.0
2025-12-28,SKU-0029,18,79,10,39.0
2026-01-04,SKU-0029,73,0,10,39.0
2026-01-11,SKU-0029,64,0,10,39.0
2026-01-18,SKU-0029,49,0,10,39.0
2026-01-25,SKU-0029,39,0,10,39.0
2026-02-01,SKU-0029,19,95,10,39.0
2026-02-08,SKU-0029,8,83,10,39.0
2026-02-15,SKU-0029,88,0,10,39.0
2026-02-22,SKU-0029,64,0,10,39.0
2026-03-01,SKU-0029,53,0,10,39.0
2026-03-08,SKU-0029,41,0,10,39.0
2026-03-15,SKU-0029,78,0,10,39.0
2026-03-22,SKU-0029,63,0,10,39.0
2026-03-29,SKU-0029,42,0,10,39.0
2026-04-05,SKU-0029,99,0,10,39.0
2026-04-12,SKU-0029,89,0,10,39.0
2026-04-19,SKU-0029,75,0,10,39.0
2026-04-26,SKU-0029,62,0,10,39.0
2026-05-03,SKU-0029,54,0,10,39.0
2026-05-10,SKU-0029,96,0,10,39.0
2026-05-17,SKU-0029,76,0,10,39.0
2026-05-24,SKU-0029,70,0,10,39.0
2026-05-31,SKU-0029,63,0,10,39.0
2026-06-07,SKU-0029,54,0,10,39.0
2026-06-14,SKU-0029,50,0,10,39.0
2026-06-21,SKU-0029,90,0,10,39.0
2026-06-28,SKU-0029,58,0,10,39.0
2026-07-05,SKU-0029,109,0,10,39.0
2026-07-12,SKU-0029,100,0,10,39.0
2026-07-19,SKU-0029,92,0,10,39.0
2026-07-26,SKU-0029,77,0,10,39.0
2026-08-02,SKU-0029,62,0,10,39.0
2026-08-09,SKU-0029,54,0,10,39.0
2026-08-16,SKU-0029,49,0,10,39.0
2026-08-23,SKU-0029,43,0,10,39.0
2026-08-30,SKU-0029,102,0,10,39.0
2024-04-21,SKU-0030,160,0,9,51.0
2024-04-28,SKU-0030,106,0,9,51.0
2024-05-05,SKU-0030,72,0,9,51.0
2024-05-12,SKU-0030,26,160,9,51.0
2024-05-19,SKU-0030,163,0,9,51.0
2024-05-26,SKU-0030,117,0,9,51.0
2024-06-02,SKU-0030,80,0,9,51.0
2024-06-09,SKU-0030,151,0,9,51.0
2024-06-16,SKU-0030,112,0,9,51.0
2024-06-23,SKU-0030,52,0,9,51.0
2024-06-30,SKU-0030,210,0,9,51.0
2024-07-07,SKU-0030,174,0,9,51.0
2024-07-14,SKU-0030,134,0,9,51.0
2024-07-21,SKU-0030,105,0,9,51.0
2024-07-28,SKU-0030,72,0,9,51.0
2024-08-04,SKU-0030,41,148,9,51.0
2024-08-11,SKU-0030,114,0,9,51.0
2024-08-18,SKU-0030,78,0,9,51.0
2024-08-25,SKU-0030,47,180,9,51.0
2024-09-01,SKU-0030,163,0,9,51.0
2024-09-08,SKU-0030,137,0,9,51.0
2024-09-15,SKU-0030,104,0,9,51.0
2024-09-22,SKU-0030,60,0,9,51.0
2024-09-29,SKU-0030,131,0,9,51.0
2024-10-06,SKU-0030,95,0,9,51.0
2024-10-13,SKU-0030,48,199,9,51.0
2024-10-20,SKU-0030,165,0,9,51.0
2024-10-27,SKU-0030,114,0,9,51.0
2024-11-03,SKU-0030,216,0,9,51.0
2024-11-10,SKU-0030,158,0,9,51.0
2024-11-17,SKU-0030,100,0,9,51.0
2024-11-24,SKU-0030,266,0,9,51.0
2024-12-01,SKU-0030,226,0,9,51.0
2024-12-08,SKU-0030,181,0,9,51.0
2024-12-15,SKU-0030,133,0,9,51.0
2024-12-22,SKU-0030,63,0,9,51.0
2024-12-29,SKU-0030,268,0,9,51.0
2025-01-05,SKU-0030,218,0,9,51.0
2025-01-12,SKU-0030,157,0,9,51.0
2025-01-19,SKU-0030,108,0,9,51.0
2025-01-26,SKU-0030,65,0,9,51.0
2025-02-02,SKU-0030,34,200,9,51.0
2025-02-09,SKU-0030,103,0,9,51.0
2025-02-16,SKU-0030,58,0,9,51.0
2025-02-23,SKU-0030,10,217,9,51.0
2025-03-02,SKU-0030,204,0,9,51.0
2025-03-09,SKU-0030,156,0,9,51.0
2025-03-16,SKU-0030,116,0,9,51.0
2025-03-23,SKU-0030,72,0,9,51.0
2025-03-30,SKU-0030,11,240,9,51.0
2025-04-06,SKU-0030,230,0,9,51.0
2025-04-13,SKU-0030,177,0,9,51.0
2025-04-20,SKU-0030,126,0,9,51.0
2025-04-27,SKU-0030,77,0,9,51.0
2025-05-04,SKU-0030,171,0,9,51.0
2025-05-11,SKU-0030,137,0,9,51.0
2025-05-18,SKU-0030,80,0,9,51.0
2025-05-25,SKU-0030,52,0,9,51.0
2025-06-01,SKU-0030,190,0,9,51.0
2025-06-08,SKU-0030,149,0,9,51.0
2025-06-15,SKU-0030,101,0,9,51.0
2025-06-22,SKU-0030,135,0,9,51.0
2025-06-29,SKU-0030,80,0,9,51.0
2025-07-06,SKU-0030,229,0,9,51.0
2025-07-13,SKU-0030,190,0,9,51.0
2025-07-20,SKU-0030,143,0,9,51.0
2025-07-27,SKU-0030,116,0,9,51.0
2025-08-03,SKU-0030,88,0,9,51.0
2025-08-10,SKU-0030,51,0,9,51.0
2025-08-17,SKU-0030,158,0,9,51.0
2025-08-24,SKU-0030,128,0,9,51.0
2025-08-31,SKU-0030,100,0,9,51.0
2025-09-07,SKU-0030,61,0,9,51.0
2025-09-14,SKU-0030,127,0,9,51.0
2025-09-21,SKU-0030,94,0,9,51.0
2025-09-28,SKU-0030,56,0,9,51.0
2025-10-05,SKU-0030,176,0,9,51.0
2025-10-12,SKU-0030,114,0,9,51.0
2025-10-19,SKU-0030,262,0,9,51.0
2025-10-26,SKU-0030,209,0,9,51.0
2025-11-02,SKU-0030,166,0,9,51.0
2025-11-09,SKU-0030,105,0,9,51.0
2025-11-16,SKU-0030,172,0,9,51.0
2025-11-23,SKU-0030,114,0,9,51.0
2025-11-30,SKU-0030,72,0,9,51.0
2025-12-07,SKU-0030,226,0,9,51.0
2025-12-14,SKU-0030,180,0,9,51.0
2025-12-21,SKU-0030,104,0,9,51.0
2025-12-28,SKU-0030,153,0,9,51.0
2026-01-04,SKU-0030,103,0,9,51.0
2026-01-11,SKU-0030,48,285,9,51.0
2026-01-18,SKU-0030,6,250,9,51.0
2026-01-25,SKU-0030,0,222,9,51.0
2026-02-01,SKU-0030,181,0,9,51.0
2026-02-08,SKU-0030,135,0,9,51.0
2026-02-15,SKU-0030,81,0,9,51.0
2026-02-22,SKU-0030,175,0,9,51.0
2026-03-01,SKU-0030,113,0,9,51.0
2026-03-08,SKU-0030,66,0,9,51.0
2026-03-15,SKU-0030,15,237,9,51.0
2026-03-22,SKU-0030,0,237,9,51.0
2026-03-29,SKU-0030,169,0,9,51.0
2026-04-05,SKU-0030,119,0,9,51.0
2026-04-12,SKU-0030,67,0,9,51.0
2026-04-19,SKU-0030,179,0,9,51.0
2026-04-26,SKU-0030,135,0,9,51.0
2026-05-03,SKU-0030,88,0,9,51.0
2026-05-10,SKU-0030,46,189,9,51.0
2026-05-17,SKU-0030,0,203,9,51.0
2026-05-24,SKU-0030,179,0,9,51.0
2026-05-31,SKU-0030,130,0,9,51.0
2026-06-07,SKU-0030,86,0,9,51.0
2026-06-14,SKU-0030,40,188,9,51.0
2026-06-21,SKU-0030,0,232,9,51.0
2026-06-28,SKU-0030,0,235,9,51.0
2026-07-05,SKU-0030,0,234,9,51.0
2026-07-12,SKU-0030,0,239,9,51.0
2026-07-19,SKU-0030,0,228,9,51.0
2026-07-26,SKU-0030,172,0,9,51.0
2026-08-02,SKU-0030,132,0,9,51.0
2026-08-09,SKU-0030,106,0,9,51.0
2026-08-16,SKU-0030,76,0,9,51.0
2026-08-23,SKU-0030,125,0,9,51.0
2026-08-30,SKU-0030,102,0,9,51.0
2024-02-04,SKU-0031,78,0,23,39.0
2024-02-11,SKU-0031,44,0,23,39.0
2024-02-18,SKU-0031,9,139,23,39.0
2024-02-25,SKU-0031,105,0,23,39.0
2024-03-03,SKU-0031,65,0,23,39.0
2024-03-10,SKU-0031,10,201,23,39.0
2024-03-17,SKU-0031,179,0,23,39.0
2024-03-24,SKU-0031,141,0,23,39.0
2024-03-31,SKU-0031,96,0,23,39.0
2024-04-07,SKU-0031,48,0,23,39.0
2024-04-14,SKU-0031,148,0,23,39.0
2024-04-21,SKU-0031,108,0,23,39.0
2024-04-28,SKU-0031,51,0,23,39.0
2024-05-05,SKU-0031,12,214,23,39.0
2024-05-12,SKU-0031,0,228,23,39.0
2024-05-19,SKU-0031,138,0,23,39.0
2024-05-26,SKU-0031,93,0,23,39.0
2024-06-02,SKU-0031,40,0,23,39.0
2024-06-09,SKU-0031,130,0,23,39.0
2024-06-16,SKU-0031,65,0,23,39.0
2024-06-23,SKU-0031,0,289,23,39.0
2024-06-30,SKU-0031,174,0,23,39.0
2024-07-07,SKU-0031,124,0,23,39.0
2024-07-14,SKU-0031,73,0,23,39.0
2024-07-21,SKU-0031,211,0,23,39.0
2024-07-28,SKU-0031,147,0,23,39.0
2024-08-04,SKU-0031,99,0,23,39.0
2024-08-11,SKU-0031,39,0,23,39.0
2024-08-18,SKU-0031,230,0,23,39.0
2024-08-25,SKU-0031,177,0,23,39.0
2024-09-01,SKU-0031,127,0,23,39.0
2024-09-08,SKU-0031,78,0,23,39.0
2024-09-15,SKU-0031,32,233,23,39.0
2024-09-22,SKU-0031,199,0,23,39.0
2024-09-29,SKU-0031,152,0,23,39.0
2024-10-06,SKU-0031,85,0,23,39.0
2024-10-13,SKU-0031,30,256,23,39.0
2024-10-20,SKU-0031,205,0,23,39.0
2024-10-27,SKU-0031,124,0,23,39.0
2024-11-03,SKU-0031,59,0,23,39.0
2024-11-10,SKU-0031,239,0,23,39.0
2024-11-17,SKU-0031,180,0,23,39.0
2024-11-24,SKU-0031,138,0,23,39.0
2024-12-01,SKU-0031,100,0,23,39.0
2024-12-08,SKU-0031,59,0,23,39.0
2024-12-15,SKU-0031,187,0,23,39.0
2024-12-22,SKU-0031,130,0,23,39.0
2024-12-29,SKU-0031,72,0,23,39.0
2025-01-05,SKU-0031,22,246,23,39.0
2025-01-12,SKU-0031,0,217,23,39.0
2025-01-19,SKU-0031,114,0,23,39.0
2025-01-26,SKU-0031,72,0,23,39.0
2025-02-02,SKU-0031,138,0,23,39.0
2025-02-09,SKU-0031,108,0,23,39.0
2025-02-16,SKU-0031,55,0,23,39.0
2025-02-23,SKU-0031,7,202,23,39.0
2025-03-02,SKU-0031,158,0,23,39.0
2025-03-09,SKU-0031,108,0,23,39.0
2025-03-16,SKU-0031,67,0,23,39.0
2025-03-23,SKU-0031,150,0,23,39.0
2025-03-30,SKU-0031,102,0,23,39.0
2025-04-06,SKU-0031,48,0,23,39.0
2025-04-13,SKU-0031,143,0,23,39.0
2025-04-20,SKU-0031,88,0,23,39.0
2025-04-27,SKU-0031,245,0,23,39.0
2025-05-04,SKU-0031,205,0,23,39.0
2025-05-11,SKU-0031,154,0,23,39.0
2025-05-18,SKU-0031,106,0,23,39.0
2025-05-25,SKU-0031,51,0,23,39.0
2025-06-01,SKU-0031,0,239,23,39.0
2025-06-08,SKU-0031,0,246,23,39.0
2025-06-15,SKU-0031,172,0,23,39.0
2025-06-22,SKU-0031,90,0,23,39.0
2025-06-29,SKU-0031,283,0,23,39.0
2025-07-06,SKU-0031,226,0,23,39.0
2025-07-13,SKU-0031,175,0,23,39.0
2025-07-20,SKU-0031,126,0,23,39.0
2025-07-27,SKU-0031,63,0,23,39.0
2025-08-03,SKU-0031,168,0,23,39.0
2025-08-10,SKU-0031,109,0,23,39.0
2025-08-17,SKU-0031,58,0,23,39.0
2025-08-24,SKU-0031,224,0,23,39.0
2025-08-31,SKU-0031,174,0,23,39.0
2025-09-07,SKU-0031,114,0,23,39.0
2025-09-14,SKU-0031,68,0,23,39.0
2025-09-21,SKU-0031,250,0,23,39.0
2025-09-28,SKU-0031,206,0,23,39.0
2025-10-05,SKU-0031,126,0,23,39.0
2025-10-12,SKU-0031,26,303,23,39.0
2025-10-19,SKU-0031,296,0,23,39.0
2025-10-26,SKU-0031,219,0,23,39.0
2025-11-02,SKU-0031,147,0,23,39.0
2025-11-09,SKU-0031,66,0,23,39.0
2025-11-16,SKU-0031,0,327,23,39.0
2025-11-23,SKU-0031,0,308,23,39.0
2025-11-30,SKU-0031,0,281,23,39.0
2025-12-07,SKU-0031,183,0,23,39.0
2025-12-14,SKU-0031,133,0,23,39.0
2025-12-21,SKU-0031,53,0,23,39.0
2025-12-28,SKU-0031,211,0,23,39.0
2026-01-04,SKU-0031,162,0,23,39.0
2026-01-11,SKU-0031,135,0,23,39.0
2026-01-18,SKU-0031,90,0,23,39.0
2026-01-25,SKU-0031,44,0,23,39.0
2026-02-01,SKU-0031,113,0,23,39.0
2026-02-08,SKU-0031,70,0,23,39.0
2026-02-15,SKU-0031,43,0,23,39.0
2026-02-22,SKU-0031,2,173,23,39.0
2026-03-01,SKU-0031,0,198,23,39.0
2026-03-08,SKU-0031,0,191,23,39.0
2026-03-15,SKU-0031,196,0,23,39.0
2026-03-22,SKU-0031,147,0,23,39.0
2026-03-29,SKU-0031,96,0,23,39.0
2026-04-05,SKU-0031,47,0,23,39.0
2026-04-12,SKU-0031,221,0,23,39.0
2026-04-19,SKU-0031,169,0,23,39.0
2026-04-26,SKU-0031,130,0,23,39.0
2026-05-03,SKU-0031,81,0,23,
2026-05-10,SKU-0031,195,0,23,39.0
2026-05-17,SKU-0031,149,0,23,39.0
2026-05-24,SKU-0031,97,0,23,39.0
2026-05-31,SKU-0031,43,0,23,39.0
2026-06-07,SKU-0031,3,224,23,39.0
2026-06-14,SKU-0031,114,0,23,39.0
2026-06-21,SKU-0031,12,278,23,39.0
2026-06-28,SKU-0031,226,0,23,39.0
2026-07-05,SKU-0031,150,0,23,39.0
2026-07-12,SKU-0031,86,0,23,39.0
2026-07-19,SKU-0031,302,0,23,39.0
2026-07-26,SKU-0031,252,0,23,39.0
2026-08-02,SKU-0031,191,0,23,39.0
2026-08-09,SKU-0031,143,0,23,39.0
2026-08-16,SKU-0031,79,0,23,39.0
2026-08-23,SKU-0031,24,271,23,39.0
2026-08-30,SKU-0031,187,0,23,39.0
2025-01-19,SKU-0032,108,0,15,45.0
2025-01-26,SKU-0032,69,0,15,45.0
2025-02-02,SKU-0032,139,0,15,45.0
2025-02-09,SKU-0032,94,0,15,45.0
2025-02-16,SKU-0032,219,0,15,45.0
2025-02-23,SKU-0032,176,0,15,45.0
2025-03-02,SKU-0032,124,0,15,45.0
2025-03-09,SKU-0032,83,0,15,45.0
2025-03-16,SKU-0032,53,0,15,45.0
2025-03-23,SKU-0032,180,0,15,45.0
2025-03-30,SKU-0032,151,0,15,45.0
2025-04-06,SKU-0032,110,0,15,45.0
2025-04-13,SKU-0032,82,0,15,45.0
2025-04-20,SKU-0032,60,0,15,45.0
2025-04-27,SKU-0032,118,0,15,45.0
2025-05-04,SKU-0032,93,0,15,45.0
2025-05-11,SKU-0032,70,0,15,45.0
2025-05-18,SKU-0032,129,0,15,45.0
2025-05-25,SKU-0032,98,0,15,45.0
2025-06-01,SKU-0032,63,0,15,45.0
2025-06-08,SKU-0032,186,0,15,45.0
2025-06-15,SKU-0032,151,0,15,45.0
2025-06-22,SKU-0032,93,0,15,45.0
2025-06-29,SKU-0032,35,224,15,45.0
2025-07-06,SKU-0032,0,216,15,45.0
2025-07-13,SKU-0032,0,211,15,45.0
2025-07-20,SKU-0032,123,0,15,45.0
2025-07-27,SKU-0032,82,0,15,45.0
2025-08-03,SKU-0032,137,0,15,45.0
2025-08-10,SKU-0032,106,0,15,45.0
2025-08-17,SKU-0032,82,0,15,45.0
2025-08-24,SKU-0032,46,0,15,45.0
2025-08-31,SKU-0032,153,0,15,45.0
2025-09-07,SKU-0032,122,0,15,45.0
2025-09-14,SKU-0032,85,0,15,45.0
2025-09-21,SKU-0032,46,0,15,45.0
2025-09-28,SKU-0032,106,0,15,45.0
2025-10-05,SKU-0032,50,0,15,45.0
2025-10-12,SKU-0032,122,0,15,45.0
2025-10-19,SKU-0032,63,0,15,45.0
2025-10-26,SKU-0032,215,0,15,45.0
2025-11-02,SKU-0032,137,0,15,45.0
2025-11-09,SKU-0032,55,0,15,45.0
2025-11-16,SKU-0032,248,0,15,45.0
2025-11-23,SKU-0032,197,0,15,45.0
2025-11-30,SKU-0032,138,0,15,45.0
2025-12-07,SKU-0032,96,0,15,45.0
2025-12-14,SKU-0032,57,0,15,45.0
2025-12-21,SKU-0032,221,0,15,45.0
2025-12-28,SKU-0032,154,0,15,45.0
2026-01-04,SKU-0032,86,0,15,45.0
2026-01-11,SKU-0032,231,0,15,45.0
2026-01-18,SKU-0032,169,0,15,45.0
2026-01-25,SKU-0032,128,0,15,45.0
2026-02-01,SKU-0032,83,0,15,45.0
2026-02-08,SKU-0032,24,222,15,45.0
2026-02-15,SKU-0032,127,0,15,45.0
2026-02-22,SKU-0032,80,0,15,45.0
2026-03-01,SKU-0032,208,0,15,45.0
2026-03-08,SKU-0032,160,0,15,45.0
2026-03-15,SKU-0032,124,0,15,45.0
2026-03-22,SKU-0032,81,0,15,45.0
2026-03-29,SKU-0032,41,196,15,45.0
2026-04-05,SKU-0032,177,0,15,45.0
2026-04-12,SKU-0032,140,0,15,45.0
2026-04-19,SKU-0032,98,0,15,45.0
2026-04-26,SKU-0032,72,0,15,45.0
2026-05-03,SKU-0032,192,0,15,45.0
2026-05-10,SKU-0032,153,0,15,45.0
2026-05-17,SKU-0032,115,0,15,45.0
2026-05-24,SKU-0032,85,0,15,45.0
2026-05-31,SKU-0032,187,0,15,45.0
2026-06-07,SKU-0032,151,0,15,45.0
2026-06-14,SKU-0032,129,0,15,45.0
2026-06-21,SKU-0032,47,0,15,45.0
2026-06-28,SKU-0032,208,0,15,45.0
2026-07-05,SKU-0032,171,0,15,45.0
2026-07-12,SKU-0032,136,0,15,45.0
2026-07-19,SKU-0032,111,0,15,45.0
2026-07-26,SKU-0032,79,0,15,45.0
2026-08-02,SKU-0032,46,0,15,45.0
2026-08-09,SKU-0032,122,0,15,45.0
2026-08-16,SKU-0032,72,0,15,45.0
2026-08-23,SKU-0032,196,0,15,45.0
2026-08-30,SKU-0032,159,0,15,45.0
2024-07-14,SKU-0033,158,0,14,61.0
2024-07-21,SKU-0033,149,0,14,61.0
2024-07-28,SKU-0033,138,0,14,61.0
2024-08-04,SKU-0033,117,0,14,61.0
2024-08-11,SKU-0033,105,0,14,61.0
2024-08-18,SKU-0033,89,0,14,61.0
2024-08-25,SKU-0033,81,0,14,61.0
2024-09-01,SKU-0033,79,0,14,61.0
2024-09-08,SKU-0033,64,0,14,61.0
2024-09-15,SKU-0033,165,0,14,61.0
2024-09-22,SKU-0033,147,0,14,61.0
2024-09-29,SKU-0033,137,0,14,61.0
2024-10-06,SKU-0033,107,0,14,61.0
2024-10-13,SKU-0033,89,0,14,61.0
2024-10-20,SKU-0033,65,0,14,61.0
2024-10-27,SKU-0033,44,141,14,61.0
2024-11-03,SKU-0033,20,147,14,61.0
2024-11-10,SKU-0033,138,0,14,61.0
2024-11-17,SKU-0033,128,0,14,61.0
2024-11-24,SKU-0033,118,0,14,61.0
2024-12-01,SKU-0033,107,0,14,61.0
2024-12-08,SKU-0033,83,0,14,61.0
2024-12-15,SKU-0033,69,0,14,61.0
2024-12-22,SKU-0033,153,0,14,61.0
2024-12-29,SKU-0033,121,0,14,61.0
2025-01-05,SKU-0033,115,0,14,61.0
2025-01-12,SKU-0033,97,0,14,61.0
2025-01-19,SKU-0033,83,0,14,61.0
2025-01-26,SKU-0033,72,0,14,61.0
2025-02-02,SKU-0033,155,0,14,61.0
2025-02-09,SKU-0033,138,0,14,61.0
2025-02-16,SKU-0033,125,0,14,61.0
2025-02-23,SKU-0033,95,0,14,61.0
2025-03-02,SKU-0033,74,0,14,61.0
2025-03-09,SKU-0033,59,138,14,61.0
2025-03-16,SKU-0033,170,0,14,61.0
2025-03-23,SKU-0033,152,0,14,61.0
2025-03-30,SKU-0033,130,0,14,61.0
2025-04-06,SKU-0033,111,0,14,61.0
2025-04-13,SKU-0033,97,0,14,61.0
2025-04-20,SKU-0033,81,0,14,61.0
2025-04-27,SKU-0033,70,0,14,61.0
2025-05-04,SKU-0033,62,0,14,61.0
2025-05-11,SKU-0033,174,0,14,61.0
2025-05-18,SKU-0033,154,0,14,61.0
2025-05-25,SKU-0033,133,0,14,61.0
2025-06-01,SKU-0033,122,0,14,61.0
2025-06-08,SKU-0033,110,0,14,61.0
2025-06-15,SKU-0033,94,0,14,61.0
2025-06-22,SKU-0033,74,0,14,61.0
2025-06-29,SKU-0033,162,0,14,61.0
2025-07-06,SKU-0033,141,0,14,61.0
2025-07-13,SKU-0033,130,0,14,61.0
2025-07-20,SKU-0033,121,0,14,61.0
2025-07-27,SKU-0033,114,0,14,61.0
2025-08-03,SKU-0033,110,0,14,61.0
2025-08-10,SKU-0033,92,0,14,61.0
2025-08-17,SKU-0033,73,0,14,61.0
2025-08-24,SKU-0033,60,136,14,61.0
2025-08-31,SKU-0033,151,0,14,61.0
2025-09-07,SKU-0033,144,0,14,61.0
2025-09-14,SKU-0033,137,0,14,61.0
2025-09-21,SKU-0033,129,0,14,61.0
2025-09-28,SKU-0033,121,0,14,61.0
2025-10-05,SKU-0033,97,0,14,61.0
2025-10-12,SKU-0033,76,0,14,61.0
2025-10-19,SKU-0033,64,0,14,61.0
2025-10-26,SKU-0033,47,129,14,61.0
2025-11-02,SKU-0033,130,0,14,61.0
2025-11-09,SKU-0033,120,0,14,61.0
2025-11-16,SKU-0033,103,0,14,61.0
2025-11-23,SKU-0033,100,0,14,61.0
2025-11-30,SKU-0033,82,0,14,61.0
2025-12-07,SKU-0033,75,0,14,61.0
2025-12-14,SKU-0033,124,0,14,61.0
2025-12-21,SKU-0033,101,0,14,61.0
2025-12-28,SKU-0033,82,0,14,61.0
2026-01-04,SKU-0033,57,123,14,61.0
2026-01-11,SKU-0033,41,128,14,61.0
2026-01-18,SKU-0033,33,126,14,61.0
2026-01-25,SKU-0033,110,0,14,61.0
2026-02-01,SKU-0033,101,0,14,61.0
2026-02-08,SKU-0033,86,0,14,61.0
2026-02-15,SKU-0033,84,0,14,61.0
2026-02-22,SKU-0033,70,0,14,61.0
2026-03-01,SKU-0033,62,0,14,61.0
2026-03-08,SKU-0033,37,132,14,61.0
2026-03-15,SKU-0033,115,0,14,61.0
2026-03-22,SKU-0033,100,0,14,61.0
2026-03-29,SKU-0033,85,0,14,61.0
2026-04-05,SKU-0033,72,0,14,61.0
2026-04-12,SKU-0033,61,0,14,61.0
2026-04-19,SKU-0033,172,0,14,61.0
2026-04-26,SKU-0033,157,0,14,61.0
2026-05-03,SKU-0033,134,0,14,61.0
2026-05-10,SKU-0033,120,0,14,61.0
2026-05-17,SKU-0033,107,0,14,61.0
2026-05-24,SKU-0033,78,0,14,61.0
2026-05-31,SKU-0033,61,0,14,61.0
2026-06-07,SKU-0033,52,146,14,61.0
2026-06-14,SKU-0033,49,136,14,61.0
2026-06-21,SKU-0033,148,0,14,61.0
2026-06-28,SKU-0033,127,0,14,61.0
2026-07-05,SKU-0033,109,0,14,61.0
2026-07-12,SKU-0033,98,0,14,61.0
2026-07-19,SKU-0033,86,0,14,61.0
2026-07-26,SKU-0033,79,0,14,61.0
2026-08-02,SKU-0033,66,0,14,61.0
2026-08-09,SKU-0033,170,0,14,61.0
2026-08-16,SKU-0033,160,0,14,61.0
2026-08-23,SKU-0033,148,0,14,61.0
2026-08-30,SKU-0033,140,0,14,61.0
2024-11-17,SKU-0034,105,0,25,60.0
2024-11-24,SKU-0034,66,0,25,60.0
2024-12-01,SKU-0034,29,129,25,60.0
2024-12-08,SKU-0034,114,0,25,60.0
2024-12-15,SKU-0034,91,0,25,60.0
2024-12-22,SKU-0034,45,152,25,60.0
2024-12-29,SKU-0034,180,0,25,60.0
2025-01-05,SKU-0034,147,0,25,60.0
2025-01-12,SKU-0034,110,0,25,60.0
2025-01-19,SKU-0034,87,0,25,60.0
2025-01-26,SKU-0034,56,153,25,60.0
2025-02-02,SKU-0034,133,0,25,60.0
2025-02-09,SKU-0034,97,0,25,60.0
2025-02-16,SKU-0034,79,0,25,60.0
2025-02-23,SKU-0034,66,0,25,60.0
2025-03-02,SKU-0034,128,0,25,60.0
2025-03-09,SKU-0034,97,0,25,60.0
2025-03-16,SKU-0034,75,0,25,60.0
2025-03-23,SKU-0034,125,0,25,60.0
2025-03-30,SKU-0034,104,0,25,60.0
2025-04-06,SKU-0034,80,0,25,60.0
2025-04-13,SKU-0034,70,0,25,60.0
2025-04-20,SKU-0034,47,135,25,60.0
2025-04-27,SKU-0034,112,0,25,60.0
2025-05-04,SKU-0034,90,0,25,60.0
2025-05-11,SKU-0034,67,0,25,60.0
2025-05-18,SKU-0034,143,0,25,60.0
2025-05-25,SKU-0034,121,0,25,60.0
2025-06-01,SKU-0034,101,0,25,60.0
2025-06-08,SKU-0034,70,0,25,60.0
2025-06-15,SKU-0034,133,0,25,60.0
2025-06-22,SKU-0034,90,0,25,60.0
2025-06-29,SKU-0034,149,0,25,60.0
2025-07-06,SKU-0034,111,0,25,60.0
2025-07-13,SKU-0034,77,0,25,60.0
2025-07-20,SKU-0034,150,0,25,60.0
2025-07-27,SKU-0034,129,0,25,60.0
2025-08-03,SKU-0034,94,0,25,60.0
2025-08-10,SKU-0034,71,0,25,60.0
2025-08-17,SKU-0034,139,0,25,60.0
2025-08-24,SKU-0034,105,0,25,60.0
2025-08-31,SKU-0034,63,0,25,60.0
2025-09-07,SKU-0034,34,170,25,60.0
2025-09-14,SKU-0034,106,0,25,60.0
2025-09-21,SKU-0034,75,0,25,60.0
2025-09-28,SKU-0034,160,0,25,60.0
2025-10-05,SKU-0034,118,0,25,60.0
2025-10-12,SKU-0034,68,0,25,60.0
2025-10-19,SKU-0034,153,0,25,60.0
2025-10-26,SKU-0034,102,0,25,60.0
2025-11-02,SKU-0034,67,0,25,60.0
2025-11-09,SKU-0034,73,0,25,60.0
2025-11-16,SKU-0034,72,0,25,60.0
2025-11-23,SKU-0034,74,0,25,60.0
2025-11-30,SKU-0034,77,0,25,60.0
2025-12-07,SKU-0034,83,0,25,60.0
2025-12-14,SKU-0034,83,0,25,60.0
2025-12-21,SKU-0034,82,0,25,60.0
2025-12-28,SKU-0034,83,0,25,60.0
2026-01-04,SKU-0034,87,0,25,60.0
2026-01-11,SKU-0034,93,0,25,60.0
2026-01-18,SKU-0034,100,0,25,60.0
2026-01-25,SKU-0034,101,0,25,60.0
2026-02-01,SKU-0034,103,0,25,60.0
2026-02-08,SKU-0034,110,0,25,60.0
2026-02-15,SKU-0034,112,0,25,60.0
2026-02-22,SKU-0034,113,0,25,60.0
2026-03-01,SKU-0034,119,0,25,60.0
2026-03-08,SKU-0034,119,0,25,60.0
2026-03-15,SKU-0034,121,0,25,60.0
2026-03-22,SKU-0034,124,0,25,60.0
2026-03-29,SKU-0034,127,0,25,60.0
2026-04-05,SKU-0034,126,0,25,60.0
2026-04-12,SKU-0034,130,0,25,60.0
2026-04-19,SKU-0034,131,0,25,60.0
2026-04-26,SKU-0034,136,0,25,60.0
2026-05-03,SKU-0034,140,0,25,60.0
2026-05-10,SKU-0034,141,0,25,60.0
2026-05-17,SKU-0034,141,0,25,60.0
2026-05-24,SKU-0034,142,0,25,60.0
2026-05-31,SKU-0034,144,0,25,60.0
2026-06-07,SKU-0034,149,0,25,60.0
2026-06-14,SKU-0034,152,0,25,60.0
2026-06-21,SKU-0034,155,0,25,60.0
2026-06-28,SKU-0034,156,0,25,60.0
2026-07-05,SKU-0034,163,0,25,60.0
2026-07-12,SKU-0034,169,0,25,60.0
2026-07-19,SKU-0034,169,0,25,60.0
2026-07-26,SKU-0034,170,0,25,60.0
2026-08-02,SKU-0034,178,0,25,60.0
2026-08-09,SKU-0034,177,0,25,60.0
2026-08-16,SKU-0034,184,0,25,60.0
2026-08-23,SKU-0034,185,0,25,60.0
2026-08-30,SKU-0034,183,0,25,60.0
2024-09-22,SKU-0035,132,0,12,51.0
2024-09-29,SKU-0035,96,0,12,51.0
2024-10-06,SKU-0035,193,0,12,51.0
2024-10-13,SKU-0035,119,0,12,51.0
2024-10-20,SKU-0035,41,287,12,51.0
2024-10-27,SKU-0035,0,318,12,51.0
2024-11-03,SKU-0035,0,307,12,51.0
2024-11-10,SKU-0035,154,0,12,51.0
2024-11-17,SKU-0035,99,0,12,51.0
2024-11-24,SKU-0035,70,0,12,51.0
2024-12-01,SKU-0035,240,0,12,51.0
2024-12-08,SKU-0035,186,0,12,
2024-12-15,SKU-0035,153,0,12,51.0
2024-12-22,SKU-0035,91,0,12,51.0
2024-12-29,SKU-0035,45,219,12,51.0
2025-01-05,SKU-0035,197,0,12,51.0
2025-01-12,SKU-0035,162,0,12,51.0
2025-01-19,SKU-0035,119,0,12,51.0
2025-01-26,SKU-0035,82,0,12,51.0
2025-02-02,SKU-0035,159,0,12,51.0
2025-02-09,SKU-0035,123,0,12,51.0
2025-02-16,SKU-0035,91,0,12,51.0
2025-02-23,SKU-0035,52,0,12,51.0
2025-03-02,SKU-0035,23,154,12,51.0
2025-03-09,SKU-0035,140,0,12,51.0
2025-03-16,SKU-0035,107,0,12,51.0
2025-03-23,SKU-0035,73,0,12,51.0
2025-03-30,SKU-0035,42,167,12,51.0
2025-04-06,SKU-0035,95,0,12,51.0
2025-04-13,SKU-0035,61,0,12,51.0
2025-04-20,SKU-0035,21,185,12,51.0
2025-04-27,SKU-0035,162,0,12,51.0
2025-05-04,SKU-0035,119,0,12,51.0
2025-05-11,SKU-0035,90,0,12,51.0
2025-05-18,SKU-0035,54,0,12,51.0
2025-05-25,SKU-0035,147,0,12,51.0
2025-06-01,SKU-0035,102,0,12,51.0
2025-06-08,SKU-0035,249,0,12,51.0
2025-06-15,SKU-0035,194,0,12,51.0
2025-06-22,SKU-0035,127,0,12,51.0
2025-06-29,SKU-0035,209,0,12,51.0
2025-07-06,SKU-0035,158,0,12,51.0
2025-07-13,SKU-0035,106,0,12,51.0
2025-07-20,SKU-0035,57,0,12,51.0
2025-07-27,SKU-0035,233,0,12,51.0
2025-08-03,SKU-0035,185,0,12,51.0
2025-08-10,SKU-0035,133,0,12,51.0
2025-08-17,SKU-0035,75,0,12,51.0
2025-08-24,SKU-0035,38,235,12,51.0
2025-08-31,SKU-0035,212,0,12,51.0
2025-09-07,SKU-0035,172,0,12,51.0
2025-09-14,SKU-0035,143,0,12,51.0
2025-09-21,SKU-0035,104,0,12,51.0
2025-09-28,SKU-0035,53,0,12,51.0
2025-10-05,SKU-0035,0,216,12,51.0
2025-10-12,SKU-0035,168,0,12,51.0
2025-10-19,SKU-0035,96,0,12,51.0
2025-10-26,SKU-0035,36,298,12,51.0
2025-11-02,SKU-0035,193,0,12,51.0
2025-11-09,SKU-0035,125,0,12,51.0
2025-11-16,SKU-0035,68,0,12,51.0
2025-11-23,SKU-0035,224,0,12,51.0
2025-11-30,SKU-0035,190,0,12,51.0
2025-12-07,SKU-0035,149,0,12,51.0
2025-12-14,SKU-0035,120,0,12,51.0
2025-12-21,SKU-0035,58,0,12,51.0
2025-12-28,SKU-0035,0,239,12,51.0
2026-01-04,SKU-0035,0,238,12,51.0
2026-01-11,SKU-0035,0,228,12,51.0
2026-01-18,SKU-0035,0,197,12,51.0
2026-01-25,SKU-0035,0,148,12,51.0
2026-02-01,SKU-0035,140,0,12,51.0
2026-02-08,SKU-0035,107,0,12,51.0
2026-02-15,SKU-0035,89,0,12,51.0
2026-02-22,SKU-0035,151,0,12,51.0
2026-03-01,SKU-0035,120,0,12,51.0
2026-03-08,SKU-0035,100,0,12,51.0
2026-03-15,SKU-0035,71,0,12,51.0
2026-03-22,SKU-0035,165,0,12,51.0
2026-03-29,SKU-0035,124,0,12,51.0
2026-04-05,SKU-0035,87,0,12,51.0
2026-04-12,SKU-0035,215,0,12,51.0
2026-04-19,SKU-0035,173,0,12,51.0
2026-04-26,SKU-0035,136,0,12,51.0
2026-05-03,SKU-0035,101,0,12,51.0
2026-05-10,SKU-0035,71,0,12,51.0
2026-05-17,SKU-0035,127,0,12,51.0
2026-05-24,SKU-0035,86,0,12,51.0
2026-05-31,SKU-0035,215,0,12,51.0
2026-06-07,SKU-0035,171,0,12,51.0
2026-06-14,SKU-0035,125,0,12,51.0
2026-06-21,SKU-0035,53,0,12,51.0
2026-06-28,SKU-0035,0,281,12,51.0
2026-07-05,SKU-0035,279,0,12,51.0
2026-07-12,SKU-0035,232,0,12,51.0
2026-07-19,SKU-0035,183,0,12,51.0
2026-07-26,SKU-0035,134,0,12,51.0
2026-08-02,SKU-0035,75,0,12,51.0
2026-08-09,SKU-0035,224,0,12,51.0
2026-08-16,SKU-0035,166,0,12,51.0
2026-08-23,SKU-0035,125,0,12,51.0
2026-08-30,SKU-0035,72,0,12,51.0
2024-06-23,SKU-0036,106,0,24,73.0
2024-06-30,SKU-0036,187,0,24,73.0
2024-07-07,SKU-0036,128,0,24,73.0
2024-07-14,SKU-0036,50,281,24,73.0
2024-07-21,SKU-0036,0,330,24,73.0
2024-07-28,SKU-0036,0,293,24,73.0
2024-08-04,SKU-0036,224,0,24,73.0
2024-08-11,SKU-0036,175,0,24,73.0
2024-08-18,SKU-0036,111,0,24,73.0
2024-08-25,SKU-0036,45,301,24,73.0
2024-09-01,SKU-0036,0,276,24,73.0
2024-09-08,SKU-0036,208,0,24,73.0
2024-09-15,SKU-0036,158,0,24,73.0
2024-09-22,SKU-0036,112,0,24,73.0
2024-09-29,SKU-0036,61,241,24,73.0
2024-10-06,SKU-0036,215,0,24,73.0
2024-10-13,SKU-0036,146,0,24,73.0
2024-10-20,SKU-0036,78,0,24,73.0
2024-10-27,SKU-0036,0,358,24,73.0
2024-11-03,SKU-0036,0,339,24,73.0
2024-11-10,SKU-0036,0,355,24,73.0
2024-11-17,SKU-0036,216,0,24,73.0
2024-11-24,SKU-0036,177,0,24,73.0
2024-12-01,SKU-0036,122,0,24,73.0
2024-12-08,SKU-0036,74,0,24,73.0
2024-12-15,SKU-0036,24,230,24,73.0
2024-12-22,SKU-0036,0,248,24,73.0
2024-12-29,SKU-0036,0,256,24,73.0
2025-01-05,SKU-0036,221,0,24,73.0
2025-01-12,SKU-0036,168,0,24,73.0
2025-01-19,SKU-0036,102,0,24,73.0
2025-01-26,SKU-0036,182,0,24,73.0
2025-02-02,SKU-0036,109,0,24,73.0
2025-02-09,SKU-0036,57,266,24,73.0
2025-02-16,SKU-0036,160,0,24,73.0
2025-02-23,SKU-0036,121,0,24,73.0
2025-03-02,SKU-0036,262,0,24,73.0
2025-03-09,SKU-0036,212,0,24,73.0
2025-03-16,SKU-0036,146,0,24,73.0
2025-03-23,SKU-0036,92,0,24,73.0
2025-03-30,SKU-0036,32,253,24,73.0
2025-04-06,SKU-0036,218,0,24,73.0
2025-04-13,SKU-0036,163,0,24,73.0
2025-04-20,SKU-0036,110,0,24,73.0
2025-04-27,SKU-0036,289,0,24,73.0
2025-05-04,SKU-0036,228,0,24,73.0
2025-05-11,SKU-0036,160,0,24,73.0
2025-05-18,SKU-0036,81,0,24,73.0
2025-05-25,SKU-0036,9,298,24,73.0
2025-06-01,SKU-0036,280,0,24,73.0
2025-06-08,SKU-0036,200,0,24,73.0
2025-06-15,SKU-0036,131,0,24,73.0
2025-06-22,SKU-0036,12,367,24,73.0
2025-06-29,SKU-0036,0,417,24,73.0
2025-07-06,SKU-0036,343,0,24,73.0
2025-07-13,SKU-0036,285,0,24,73.0
2025-07-20,SKU-0036,223,0,24,73.0
2025-07-27,SKU-0036,153,0,24,73.0
2025-08-03,SKU-0036,99,0,24,73.0
2025-08-10,SKU-0036,282,0,24,73.0
2025-08-17,SKU-0036,219,0,24,73.0
2025-08-24,SKU-0036,141,0,24,73.0
2025-08-31,SKU-0036,82,0,24,73.0
2025-09-07,SKU-0036,274,0,24,73.0
2025-09-14,SKU-0036,202,0,24,73.0
2025-09-21,SKU-0036,139,0,24,73.0
2025-09-28,SKU-0036,77,0,24,73.0
2025-10-05,SKU-0036,279,0,24,73.0
2025-10-12,SKU-0036,189,0,24,73.0
2025-10-19,SKU-0036,108,0,24,73.0
2025-10-26,SKU-0036,18,347,24,73.0
2025-11-02,SKU-0036,0,386,24,73.0
2025-11-09,SKU-0036,0,386,24,73.0
2025-11-16,SKU-0036,0,365,24,73.0
2025-11-23,SKU-0036,167,0,24,73.0
2025-11-30,SKU-0036,114,0,24,73.0
2025-12-07,SKU-0036,206,0,24,73.0
2025-12-14,SKU-0036,137,0,24,73.0
2025-12-21,SKU-0036,68,268,24,73.0
2025-12-28,SKU-0036,260,0,24,73.0
2026-01-04,SKU-0036,188,0,24,73.0
2026-01-11,SKU-0036,134,0,24,73.0
2026-01-18,SKU-0036,95,0,24,73.0
2026-01-25,SKU-0036,44,251,24,73.0
2026-02-01,SKU-0036,162,0,24,73.0
2026-02-08,SKU-0036,107,0,24,73.0
2026-02-15,SKU-0036,210,0,24,73.0
2026-02-22,SKU-0036,164,0,24,73.0
2026-03-01,SKU-0036,109,0,24,73.0
2026-03-08,SKU-0036,211,0,24,73.0
2026-03-15,SKU-0036,152,0,24,73.0
2026-03-22,SKU-0036,78,0,24,73.0
2026-03-29,SKU-0036,14,287,24,73.0
2026-04-05,SKU-0036,0,289,24,73.0
2026-04-12,SKU-0036,279,0,24,73.0
2026-04-19,SKU-0036,221,0,24,73.0
2026-04-26,SKU-0036,157,0,24,73.0
2026-05-03,SKU-0036,90,0,24,73.0
2026-05-10,SKU-0036,171,0,24,73.0
2026-05-17,SKU-0036,98,0,24,73.0
2026-05-24,SKU-0036,224,0,24,73.0
2026-05-31,SKU-0036,149,0,24,73.0
2026-06-07,SKU-0036,83,0,24,73.0
2026-06-14,SKU-0036,11,303,24,73.0
2026-06-21,SKU-0036,216,0,24,73.0
2026-06-28,SKU-0036,109,0,24,73.0
2026-07-05,SKU-0036,36,384,24,73.0
2026-07-12,SKU-0036,212,0,24,73.0
2026-07-19,SKU-0036,116,0,24,73.0
2026-07-26,SKU-0036,41,336,24,73.0
2026-08-02,SKU-0036,339,0,24,73.0
2026-08-09,SKU-0036,276,0,24,73.0
2026-08-16,SKU-0036,219,0,24,73.0
2026-08-23,SKU-0036,157,0,24,73.0
2026-08-30,SKU-0036,92,0,24,73.0
2024-03-17,SKU-0037,85,0,7,20.0
2024-03-24,SKU-0037,70,0,7,20.0
2024-03-31,SKU-0037,63,0,7,20.0
2024-04-07,SKU-0037,50,0,7,20.0
2024-04-14,SKU-0037,32,0,7,20.0
2024-04-21,SKU-0037,103,0,7,20.0
2024-04-28,SKU-0037,88,0,7,20.0
2024-05-05,SKU-0037,83,0,7,20.0
2024-05-12,SKU-0037,70,0,7,20.0
2024-05-19,SKU-0037,55,0,7,20.0
2024-05-26,SKU-0037,37,0,7,20.0
2024-06-02,SKU-0037,20,0,7,20.0
2024-06-09,SKU-0037,79,0,7,20.0
2024-06-16,SKU-0037,55,0,7,20.0
2024-06-23,SKU-0037,35,0,7,20.0
2024-06-30,SKU-0037,97,0,7,20.0
2024-07-07,SKU-0037,84,0,7,20.0
2024-07-14,SKU-0037,68,0,7,20.0
2024-07-21,SKU-0037,44,0,7,20.0
2024-07-28,SKU-0037,25,0,7,20.0
2024-08-04,SKU-0037,88,0,7,20.0
2024-08-11,SKU-0037,58,0,7,20.0
2024-08-18,SKU-0037,35,0,7,20.0
2024-08-25,SKU-0037,14,111,7,20.0
2024-09-01,SKU-0037,0,135,7,20.0
2024-09-08,SKU-0037,121,0,7,20.0
2024-09-15,SKU-0037,105,0,7,20.0
2024-09-22,SKU-0037,85,0,7,20.0
2024-09-29,SKU-0037,65,0,7,20.0
2024-10-06,SKU-0037,39,0,7,20.0
2024-10-13,SKU-0037,126,0,7,20.0
2024-10-20,SKU-0037,102,0,7,20.0
2024-10-27,SKU-0037,67,0,7,20.0
2024-11-03,SKU-0037,37,0,7,20.0
2024-11-10,SKU-0037,22,0,7,20.0
2024-11-17,SKU-0037,7,143,7,20.0
2024-11-24,SKU-0037,94,0,7,20.0
2024-12-01,SKU-0037,79,0,7,20.0
2024-12-08,SKU-0037,67,0,7,20.0
2024-12-15,SKU-0037,55,0,7,20.0
2024-12-22,SKU-0037,35,0,7,20.0
2024-12-29,SKU-0037,20,0,7,20.0
2025-01-05,SKU-0037,6,108,7,20.0
2025-01-12,SKU-0037,0,96,7,20.0
2025-01-19,SKU-0037,0,89,7,20.0
2025-01-26,SKU-0037,0,80,7,20.0
2025-02-02,SKU-0037,65,0,7,20.0
2025-02-09,SKU-0037,59,0,7,20.0
2025-02-16,SKU-0037,53,0,7,20.0
2025-02-23,SKU-0037,41,0,7,20.0
2025-03-02,SKU-0037,23,0,7,20.0
2025-03-09,SKU-0037,5,88,7,20.0
2025-03-16,SKU-0037,76,0,7,20.0
2025-03-23,SKU-0037,60,0,7,20.0
2025-03-30,SKU-0037,40,0,7,20.0
2025-04-06,SKU-0037,23,0,7,20.0
2025-04-13,SKU-0037,12,90,7,20.0
2025-04-20,SKU-0037,3,98,7,20.0
2025-04-27,SKU-0037,67,0,7,20.0
2025-05-04,SKU-0037,50,0,7,20.0
2025-05-11,SKU-0037,41,0,7,20.0
2025-05-18,SKU-0037,18,78,7,20.0
2025-05-25,SKU-0037,0,100,7,20.0
2025-06-01,SKU-0037,71,0,7,20.0
2025-06-08,SKU-0037,51,0,7,20.0
2025-06-15,SKU-0037,28,0,7,20.0
2025-06-22,SKU-0037,110,0,7,20.0
2025-06-29,SKU-0037,71,0,7,20.0
2025-07-06,SKU-0037,54,0,7,20.0
2025-07-13,SKU-0037,42,0,7,20.0
2025-07-20,SKU-0037,25,0,7,20.0
2025-07-27,SKU-0037,11,92,7,20.0
2025-08-03,SKU-0037,0,99,7,20.0
2025-08-10,SKU-0037,68,0,7,20.0
2025-08-17,SKU-0037,37,0,7,20.0
2025-08-24,SKU-0037,21,0,7,20.0
2025-08-31,SKU-0037,12,130,7,20.0
2025-09-07,SKU-0037,0,105,7,20.0
2025-09-14,SKU-0037,62,0,7,20.0
2025-09-21,SKU-0037,42,0,7,20.0
2025-09-28,SKU-0037,77,0,7,20.0
2025-10-05,SKU-0037,52,0,7,20.0
2025-10-12,SKU-0037,33,0,7,20.0
2025-10-19,SKU-0037,74,0,7,20.0
2025-10-26,SKU-0037,58,0,7,20.0
2025-11-02,SKU-0037,38,0,7,20.0
2025-11-09,SKU-0037,116,0,7,20.0
2025-11-16,SKU-0037,99,0,7,20.0
2025-11-23,SKU-0037,84,0,7,20.0
2025-11-30,SKU-0037,67,0,7,20.0
2025-12-07,SKU-0037,59,0,7,20.0
2025-12-14,SKU-0037,53,0,7,20.0
2025-12-21,SKU-0037,33,0,7,20.0
2025-12-28,SKU-0037,18,72,7,20.0
2026-01-04,SKU-0037,2,94,7,20.0
2026-01-11,SKU-0037,82,0,7,20.0
2026-01-18,SKU-0037,80,0,7,20.0
2026-01-25,SKU-0037,68,0,7,20.0
2026-02-01,SKU-0037,61,0,7,20.0
2026-02-08,SKU-0037,52,0,7,20.0
2026-02-15,SKU-0037,41,0,7,20.0
2026-02-22,SKU-0037,33,0,7,20.0
2026-03-01,SKU-0037,20,0,7,20.0
2026-03-08,SKU-0037,4,67,7,20.0
2026-03-15,SKU-0037,52,0,7,20.0
2026-03-22,SKU-0037,46,0,7,20.0
2026-03-29,SKU-0037,33,0,7,20.0
2026-04-05,SKU-0037,26,0,7,20.0
2026-04-12,SKU-0037,21,0,7,20.0
2026-04-19,SKU-0037,7,83,7,20.0
2026-04-26,SKU-0037,0,83,7,20.0
2026-05-03,SKU-0037,61,0,7,20.0
2026-05-10,SKU-0037,46,0,7,20.0
2026-05-17,SKU-0037,24,0,7,20.0
2026-05-24,SKU-0037,7,106,7,20.0
2026-05-31,SKU-0037,54,0,7,20.0
2026-06-07,SKU-0037,37,0,7,20.0
2026-06-14,SKU-0037,106,0,7,20.0
2026-06-21,SKU-0037,73,0,7,20.0
2026-06-28,SKU-0037,33,0,7,20.0
2026-07-05,SKU-0037,87,0,7,20.0
2026-07-12,SKU-0037,69,0,7,20.0
2026-07-19,SKU-0037,44,0,7,20.0
2026-07-26,SKU-0037,21,0,7,20.0
2026-08-02,SKU-0037,114,0,7,20.0
2026-08-09,SKU-0037,97,0,7,20.0
2026-08-16,SKU-0037,79,0,7,20.0
2026-08-23,SKU-0037,62,0,7,20.0
2026-08-30,SKU-0037,44,0,7,20.0
2024-03-17,SKU-0038,129,0,6,23.0
2024-03-24,SKU-0038,109,0,6,23.0
2024-03-31,SKU-0038,73,0,6,23.0
2024-04-07,SKU-0038,37,0,6,23.0
2024-04-14,SKU-0038,149,0,6,23.0
2024-04-21,SKU-0038,120,0,6,23.0
2024-04-28,SKU-0038,90,0,6,23.0
2024-05-05,SKU-0038,68,0,6,23.0
2024-05-12,SKU-0038,42,0,6,23.0
2024-05-19,SKU-0038,19,122,6,23.0
2024-05-26,SKU-0038,101,0,6,23.0
2024-06-02,SKU-0038,76,0,6,23.0
2024-06-09,SKU-0038,58,0,6,23.0
2024-06-16,SKU-0038,38,0,6,23.0
2024-06-23,SKU-0038,0,137,6,23.0
2024-06-30,SKU-0038,77,0,6,23.0
2024-07-07,SKU-0038,63,0,6,23.0
2024-07-14,SKU-0038,31,0,6,23.0
2024-07-21,SKU-0038,105,0,6,23.0
2024-07-28,SKU-0038,87,0,6,23.0
2024-08-04,SKU-0038,70,0,6,23.0
2024-08-11,SKU-0038,51,0,6,23.0
2024-08-18,SKU-0038,24,0,6,23.0
2024-08-25,SKU-0038,3,121,6,23.0
2024-09-01,SKU-0038,104,0,6,23.0
2024-09-08,SKU-0038,90,0,6,23.0
2024-09-15,SKU-0038,80,0,6,23.0
2024-09-22,SKU-0038,67,0,6,23.0
2024-09-29,SKU-0038,45,0,6,23.0
2024-10-06,SKU-0038,14,109,6,23.0
2024-10-13,SKU-0038,0,139,6,23.0
2024-10-20,SKU-0038,150,0,6,23.0
2024-10-27,SKU-0038,108,0,6,23.0
2024-11-03,SKU-0038,69,0,6,23.0
2024-11-10,SKU-0038,36,0,6,23.0
2024-11-17,SKU-0038,2,188,6,23.0
2024-11-24,SKU-0038,91,0,6,23.0
2024-12-01,SKU-0038,60,0,6,23.0
2024-12-08,SKU-0038,42,0,6,23.0
2024-12-15,SKU-0038,91,0,6,23.0
2024-12-22,SKU-0038,47,0,6,23.0
2024-12-29,SKU-0038,168,0,6,23.0
2025-01-05,SKU-0038,138,0,6,23.0
2025-01-12,SKU-0038,111,0,6,23.0
2025-01-19,SKU-0038,76,0,6,23.0
2025-01-26,SKU-0038,41,0,6,23.0
2025-02-02,SKU-0038,18,157,6,23.0
2025-02-09,SKU-0038,0,130,6,23.0
2025-02-16,SKU-0038,117,0,6,23.0
2025-02-23,SKU-0038,99,0,6,23.0
2025-03-02,SKU-0038,68,0,6,23.0
2025-03-09,SKU-0038,41,0,6,23.0
2025-03-16,SKU-0038,5,135,6,23.0
2025-03-23,SKU-0038,0,147,6,23.0
2025-03-30,SKU-0038,164,0,6,23.0
2025-04-06,SKU-0038,131,0,6,23.0
2025-04-13,SKU-0038,109,0,6,23.0
2025-04-20,SKU-0038,86,0,6,23.0
2025-04-27,SKU-0038,59,0,6,23.0
2025-05-04,SKU-0038,31,0,6,23.0
2025-05-11,SKU-0038,98,0,6,23.0
2025-05-18,SKU-0038,76,0,6,23.0
2025-05-25,SKU-0038,59,0,6,23.0
2025-06-01,SKU-0038,33,0,6,23.0
2025-06-08,SKU-0038,118,0,6,23.0
2025-06-15,SKU-0038,96,0,6,23.0
2025-06-22,SKU-0038,65,0,6,23.0
2025-06-29,SKU-0038,33,0,6,23.0
2025-07-06,SKU-0038,140,0,6,23.0
2025-07-13,SKU-0038,130,0,6,23.0
2025-07-20,SKU-0038,113,0,6,23.0
2025-07-27,SKU-0038,94,0,6,23.0
2025-08-03,SKU-0038,77,0,6,23.0
2025-08-10,SKU-0038,65,0,6,23.0
2025-08-17,SKU-0038,61,0,6,23.0
2025-08-24,SKU-0038,41,0,6,23.0
2025-08-31,SKU-0038,77,0,6,23.0
2025-09-07,SKU-0038,62,0,6,23.0
2025-09-14,SKU-0038,39,0,6,23.0
2025-09-21,SKU-0038,26,0,6,23.0
2025-09-28,SKU-0038,18,88,6,23.0
2025-10-05,SKU-0038,62,0,6,23.0
2025-10-12,SKU-0038,31,0,6,23.0
2025-10-19,SKU-0038,3,123,6,23.0
2025-10-26,SKU-0038,121,0,6,23.0
2025-11-02,SKU-0038,88,0,6,23.0
2025-11-09,SKU-0038,65,0,6,23.0
2025-11-16,SKU-0038,27,0,6,23.0
2025-11-23,SKU-0038,107,0,6,23.0
2025-11-30,SKU-0038,80,0,6,23.0
2025-12-07,SKU-0038,55,0,6,23.0
2025-12-14,SKU-0038,32,0,6,23.0
2025-12-21,SKU-0038,0,139,6,23.0
2025-12-28,SKU-0038,116,0,6,23.0
2026-01-04,SKU-0038,87,0,6,23.0
2026-01-11,SKU-0038,53,0,6,23.0
2026-01-18,SKU-0038,38,0,6,23.0
2026-01-25,SKU-0038,25,0,6,23.0
2026-02-01,SKU-0038,97,0,6,23.0
2026-02-08,SKU-0038,69,0,6,23.0
2026-02-15,SKU-0038,43,0,6,23.0
2026-02-22,SKU-0038,16,133,6,23.0
2026-03-01,SKU-0038,116,0,6,23.0
2026-03-08,SKU-0038,97,0,6,23.0
2026-03-15,SKU-0038,68,0,6,23.0
2026-03-22,SKU-0038,49,0,6,23.0
2026-03-29,SKU-0038,27,0,6,23.0
2026-04-05,SKU-0038,113,0,6,23.0
2026-04-12,SKU-0038,93,0,6,23.0
2026-04-19,SKU-0038,73,0,6,23.0
2026-04-26,SKU-0038,60,0,6,23.0
2026-05-03,SKU-0038,44,0,6,23.0
2026-05-10,SKU-0038,23,0,6,23.0
2026-05-17,SKU-0038,7,85,6,23.0
2026-05-24,SKU-0038,68,0,6,23.0
2026-05-31,SKU-0038,52,0,6,23.0
2026-06-07,SKU-0038,24,0,6,23.0
2026-06-14,SKU-0038,0,130,6,23.0
2026-06-21,SKU-0038,89,0,6,23.0
2026-06-28,SKU-0038,66,0,6,23.0
2026-07-05,SKU-0038,42,0,6,23.0
2026-07-12,SKU-0038,27,0,6,23.0
2026-07-19,SKU-0038,13,104,6,23.0
2026-07-26,SKU-0038,4,87,6,23.0
2026-08-02,SKU-0038,64,0,6,23.0
2026-08-09,SKU-0038,53,0,6,23.0
2026-08-16,SKU-0038,42,0,6,23.0
2026-08-23,SKU-0038,30,0,6,23.0
2026-08-30,SKU-0038,17,65,6,23.0
2024-03-10,SKU-0039,33,234,18,36.0
2024-03-17,SKU-0039,190,0,18,36.0
2024-03-24,SKU-0039,155,0,18,36.0
2024-03-31,SKU-0039,115,0,18,36.0
2024-04-07,SKU-0039,65,0,18,36.0
2024-04-14,SKU-0039,154,0,18,36.0
2024-04-21,SKU-0039,88,0,18,36.0
2024-04-28,SKU-0039,41,0,18,36.0
2024-05-05,SKU-0039,0,251,18,36.0
2024-05-12,SKU-0039,0,225,18,36.0
2024-05-19,SKU-0039,0,203,18,36.0
2024-05-26,SKU-0039,0,216,18,36.0
2024-06-02,SKU-0039,190,0,18,36.0
2024-06-09,SKU-0039,146,0,18,36.0
2024-06-16,SKU-0039,86,0,18,36.0
2024-06-23,SKU-0039,148,0,18,36.0
2024-06-30,SKU-0039,81,0,18,36.0
2024-07-07,SKU-0039,48,0,18,36.0
2024-07-14,SKU-0039,190,0,18,36.0
2024-07-21,SKU-0039,154,0,18,36.0
2024-07-28,SKU-0039,127,0,18,36.0
2024-08-04,SKU-0039,88,0,18,36.0
2024-08-11,SKU-0039,46,0,18,36.0
2024-08-18,SKU-0039,97,0,18,36.0
2024-08-25,SKU-0039,69,0,18,36.0
2024-09-01,SKU-0039,22,200,18,36.0
2024-09-08,SKU-0039,173,0,18,36.0
2024-09-15,SKU-0039,131,0,18,36.0
2024-09-22,SKU-0039,96,0,18,36.0
2024-09-29,SKU-0039,53,0,18,36.0
2024-10-06,SKU-0039,13,199,18,36.0
2024-10-13,SKU-0039,0,226,18,36.0
2024-10-20,SKU-0039,193,0,18,36.0
2024-10-27,SKU-0039,128,0,18,36.0
2024-11-03,SKU-0039,66,0,18,36.0
2024-11-10,SKU-0039,239,0,18,36.0
2024-11-17,SKU-0039,168,0,18,36.0
2024-11-24,SKU-0039,131,0,18,36.0
2024-12-01,SKU-0039,79,0,18,36.0
2024-12-08,SKU-0039,38,0,18,36.0
2024-12-15,SKU-0039,0,190,18,36.0
2024-12-22,SKU-0039,141,0,18,36.0
2024-12-29,SKU-0039,72,0,18,36.0
2025-01-05,SKU-0039,7,291,18,36.0
2025-01-12,SKU-0039,0,294,18,36.0
2025-01-19,SKU-0039,0,255,18,36.0
2025-01-26,SKU-0039,123,0,18,36.0
2025-02-02,SKU-0039,76,0,18,36.0
2025-02-09,SKU-0039,199,0,18,36.0
2025-02-16,SKU-0039,148,0,18,36.0
2025-02-23,SKU-0039,110,0,18,36.0
2025-03-02,SKU-0039,62,0,18,36.0
2025-03-09,SKU-0039,19,200,18,36.0
2025-03-16,SKU-0039,138,0,18,36.0
2025-03-23,SKU-0039,92,0,18,36.0
2025-03-30,SKU-0039,48,0,18,36.0
2025-04-06,SKU-0039,0,236,18,36.0
2025-04-13,SKU-0039,127,0,18,36.0
2025-04-20,SKU-0039,80,0,18,36.0
2025-04-27,SKU-0039,30,223,18,36.0
2025-05-04,SKU-0039,0,232,18,36.0
2025-05-11,SKU-0039,168,0,18,36.0
2025-05-18,SKU-0039,110,0,18,36.0
2025-05-25,SKU-0039,73,0,18,36.0
2025-06-01,SKU-0039,35,219,18,36.0
2025-06-08,SKU-0039,170,0,18,36.0
2025-06-15,SKU-0039,111,0,18,36.0
2025-06-22,SKU-0039,61,0,18,36.0
2025-06-29,SKU-0039,6,240,18,36.0
2025-07-06,SKU-0039,0,244,18,36.0
2025-07-13,SKU-0039,117,0,18,36.0
2025-07-20,SKU-0039,76,0,18,36.0
2025-07-27,SKU-0039,36,0,18,36.0
2025-08-03,SKU-0039,140,0,18,36.0
2025-08-10,SKU-0039,94,0,18,36.0
2025-08-17,SKU-0039,48,0,18,36.0
2025-08-24,SKU-0039,130,0,18,36.0
2025-08-31,SKU-0039,85,0,18,36.0
2025-09-07,SKU-0039,56,0,18,36.0
2025-09-14,SKU-0039,158,0,18,36.0
2025-09-21,SKU-0039,126,0,18,36.0
2025-09-28,SKU-0039,91,0,18,36.0
2025-10-05,SKU-0039,41,0,18,36.0
2025-10-12,SKU-0039,0,196,18,36.0
2025-10-19,SKU-0039,122,0,18,36.0
2025-10-26,SKU-0039,65,0,18,36.0
2025-11-02,SKU-0039,1,274,18,36.0
2025-11-09,SKU-0039,0,288,18,36.0
2025-11-16,SKU-0039,270,0,18,36.0
2025-11-23,SKU-0039,226,0,18,36.0
2025-11-30,SKU-0039,187,0,18,36.0
2025-12-07,SKU-0039,146,0,18,36.0
2025-12-14,SKU-0039,98,0,18,36.0
2025-12-21,SKU-0039,240,0,18,36.0
2025-12-28,SKU-0039,177,0,18,36.0
2026-01-04,SKU-0039,122,0,18,36.0
2026-01-11,SKU-0039,64,0,18,36.0
2026-01-18,SKU-0039,227,0,18,36.0
2026-01-25,SKU-0039,170,0,18,36.0
2026-02-01,SKU-0039,108,0,18,36.0
2026-02-08,SKU-0039,55,0,18,36.0
2026-02-15,SKU-0039,142,0,18,36.0
2026-02-22,SKU-0039,91,0,18,36.0
2026-03-01,SKU-0039,35,215,18,36.0
2026-03-08,SKU-0039,0,236,18,36.0
2026-03-15,SKU-0039,219,0,18,36.0
2026-03-22,SKU-0039,161,0,18,36.0
2026-03-29,SKU-0039,110,0,18,36.0
2026-04-05,SKU-0039,68,0,18,36.0
2026-04-12,SKU-0039,208,0,18,36.0
2026-04-19,SKU-0039,139,0,18,36.0
2026-04-26,SKU-0039,91,0,18,36.0
2026-05-03,SKU-0039,33,251,18,36.0
2026-05-10,SKU-0039,217,0,18,36.0
2026-05-17,SKU-0039,173,0,18,36.0
2026-05-24,SKU-0039,127,0,18,36.0
2026-05-31,SKU-0039,79,0,18,36.0
2026-06-07,SKU-0039,39,0,18,36.0
2026-06-14,SKU-0039,0,221,18,36.0
2026-06-21,SKU-0039,0,255,18,36.0
2026-06-28,SKU-0039,0,253,18,36.0
2026-07-05,SKU-0039,0,277,18,36.0
2026-07-12,SKU-0039,0,267,18,36.0
2026-07-19,SKU-0039,213,0,18,36.0
2026-07-26,SKU-0039,170,0,18,36.0
2026-08-02,SKU-0039,133,0,18,36.0
2026-08-09,SKU-0039,95,0,18,36.0
2026-08-16,SKU-0039,60,0,18,36.0
2026-08-23,SKU-0039,187,0,18,36.0
2026-08-30,SKU-0039,145,0,18,36.0
2024-07-21,SKU-0040,43,0,24,37.0
2024-07-28,SKU-0040,26,85,24,37.0
2024-08-04,SKU-0040,10,74,24,37.0
2024-08-11,SKU-0040,82,0,24,37.0
2024-08-18,SKU-0040,72,0,24,37.0
2024-08-25,SKU-0040,61,0,24,37.0
2024-09-01,SKU-0040,42,0,24,37.0
2024-09-08,SKU-0040,18,77,24,37.0
2024-09-15,SKU-0040,2,97,24,37.0
2024-09-22,SKU-0040,119,0,24,37.0
2024-09-29,SKU-0040,117,0,24,37.0
2024-10-06,SKU-0040,86,0,24,37.0
2024-10-13,SKU-0040,63,0,24,37.0
2024-10-20,SKU-0040,50,0,24,37.0
2024-10-27,SKU-0040,107,0,24,37.0
2024-11-03,SKU-0040,93,0,24,37.0
2024-11-10,SKU-0040,65,0,24,37.0
2024-11-17,SKU-0040,38,0,24,37.0
2024-11-24,SKU-0040,112,0,24,37.0
2024-12-01,SKU-0040,101,0,24,37.0
2024-12-08,SKU-0040,96,0,24,37.0
2024-12-15,SKU-0040,86,0,24,37.0
2024-12-22,SKU-0040,74,0,24,37.0
2024-12-29,SKU-0040,54,0,24,37.0
2025-01-05,SKU-0040,41,0,24,37.0
2025-01-12,SKU-0040,111,0,24,37.0
2025-01-19,SKU-0040,104,0,24,37.0
2025-01-26,SKU-0040,90,0,24,37.0
2025-02-02,SKU-0040,79,0,24,37.0
2025-02-09,SKU-0040,68,0,24,37.0
2025-02-16,SKU-0040,61,0,24,37.0
2025-02-23,SKU-0040,51,0,24,37.0
2025-03-02,SKU-0040,37,0,24,37.0
2025-03-09,SKU-0040,32,80,24,37.0
2025-03-16,SKU-0040,73,0,24,37.0
2025-03-23,SKU-0040,56,0,24,37.0
2025-03-30,SKU-0040,48,0,24,37.0
2025-04-06,SKU-0040,116,0,24,37.0
2025-04-13,SKU-0040,98,0,24,37.0
2025-04-20,SKU-0040,87,0,24,37.0
2025-04-27,SKU-0040,73,0,24,37.0
2025-05-04,SKU-0040,59,0,24,37.0
2025-05-11,SKU-0040,45,0,24,37.0
2025-05-18,SKU-0040,16,116,24,37.0
2025-05-25,SKU-0040,97,0,24,37.0
2025-06-01,SKU-0040,78,0,24,37.0
2025-06-08,SKU-0040,74,0,24,37.0
2025-06-15,SKU-0040,53,0,24,37.0
2025-06-22,SKU-0040,18,102,24,37.0
2025-06-29,SKU-0040,117,0,24,37.0
2025-07-06,SKU-0040,99,0,24,37.0
2025-07-13,SKU-0040,81,0,24,37.0
2025-07-20,SKU-0040,58,0,24,37.0
2025-07-27,SKU-0040,136,0,24,37.0
2025-08-03,SKU-0040,125,0,24,37.0
2025-08-10,SKU-0040,115,0,24,37.0
2025-08-17,SKU-0040,103,0,24,37.0
2025-08-24,SKU-0040,85,0,24,37.0
2025-08-31,SKU-0040,71,0,24,37.0
2025-09-07,SKU-0040,58,0,24,37.0
2025-09-14,SKU-0040,53,0,24,37.0
2025-09-21,SKU-0040,45,0,24,37.0
2025-09-28,SKU-0040,35,80,24,37.0
2025-10-05,SKU-0040,13,78,24,37.0
2025-10-12,SKU-0040,51,0,24,37.0
2025-10-19,SKU-0040,33,109,24,37.0
2025-10-26,SKU-0040,11,114,24,37.0
2025-11-02,SKU-0040,60,0,24,37.0
2025-11-09,SKU-0040,60,0,24,37.0
2025-11-16,SKU-0040,65,0,24,37.0
2025-11-23,SKU-0040,70,0,24,37.0
2025-11-30,SKU-0040,76,0,24,37.0
2025-12-07,SKU-0040,83,0,24,37.0
2025-12-14,SKU-0040,84,0,24,37.0
2025-12-21,SKU-0040,87,0,24,37.0
2025-12-28,SKU-0040,93,0,24,37.0
2026-01-04,SKU-0040,94,0,24,37.0
2026-01-11,SKU-0040,95,0,24,37.0
2026-01-18,SKU-0040,98,0,24,37.0
2026-01-25,SKU-0040,101,0,24,37.0
2026-02-01,SKU-0040,106,0,24,37.0
2026-02-08,SKU-0040,107,0,24,37.0
2026-02-15,SKU-0040,111,0,24,37.0
2026-02-22,SKU-0040,112,0,24,37.0
2026-03-01,SKU-0040,120,0,24,37.0
2026-03-08,SKU-0040,125,0,24,37.0
2026-03-15,SKU-0040,131,0,24,37.0
2026-03-22,SKU-0040,134,0,24,37.0
2026-03-29,SKU-0040,135,0,24,37.0
2026-04-05,SKU-0040,140,0,24,37.0
2026-04-12,SKU-0040,144,0,24,37.0
2026-04-19,SKU-0040,146,0,24,37.0
2026-04-26,SKU-0040,145,0,24,37.0
2026-05-03,SKU-0040,147,0,24,37.0
2026-05-10,SKU-0040,147,0,24,37.0
2026-05-17,SKU-0040,149,0,24,37.0
2026-05-24,SKU-0040,153,0,24,37.0
2026-05-31,SKU-0040,153,0,24,37.0
2026-06-07,SKU-0040,155,0,24,37.0
2026-06-14,SKU-0040,162,0,24,37.0
2026-06-21,SKU-0040,164,0,24,37.0
2026-06-28,SKU-0040,165,0,24,37.0
2026-07-05,SKU-0040,165,0,24,37.0
2026-07-12,SKU-0040,166,0,24,37.0
2026-07-19,SKU-0040,170,0,24,37.0
2026-07-26,SKU-0040,177,0,24,37.0
2026-08-02,SKU-0040,181,0,24,37.0
2026-08-09,SKU-0040,183,0,24,37.0
2026-08-16,SKU-0040,190,0,24,37.0
2026-08-23,SKU-0040,190,0,24,37.0
2026-08-30,SKU-0040,195,0,24,37.0
2024-03-10,SKU-0041,121,0,20,32.0
2024-03-17,SKU-0041,69,0,20,32.0
2024-03-24,SKU-0041,32,0,20,32.0
2024-03-31,SKU-0041,145,0,20,32.0
2024-04-07,SKU-0041,104,0,20,32.0
2024-04-14,SKU-0041,71,0,20,32.0
2024-04-21,SKU-0041,191,0,20,32.0
2024-04-28,SKU-0041,136,0,20,32.0
2024-05-05,SKU-0041,89,0,20,32.0
2024-05-12,SKU-0041,48,0,20,32.0
2024-05-19,SKU-0041,0,237,20,32.0
2024-05-26,SKU-0041,138,0,20,32.0
2024-06-02,SKU-0041,81,0,20,32.0
2024-06-09,SKU-0041,30,251,20,32.0
2024-06-16,SKU-0041,0,239,20,32.0
2024-06-23,SKU-0041,0,305,20,32.0
2024-06-30,SKU-0041,0,329,20,32.0
2024-07-07,SKU-0041,332,0,20,32.0
2024-07-14,SKU-0041,282,0,20,32.0
2024-07-21,SKU-0041,229,0,20,32.0
2024-07-28,SKU-0041,166,0,20,32.0
2024-08-04,SKU-0041,85,0,20,32.0
2024-08-11,SKU-0041,247,0,20,32.0
2024-08-18,SKU-0041,168,0,20,32.0
2024-08-25,SKU-0041,93,0,20,32.0
2024-09-01,SKU-0041,45,0,20,32.0
2024-09-08,SKU-0041,140,0,20,32.0
2024-09-15,SKU-0041,80,0,20,32.0
2024-09-22,SKU-0041,187,0,20,32.0
2024-09-29,SKU-0041,146,0,20,32.0
2024-10-06,SKU-0041,41,0,20,32.0
2024-10-13,SKU-0041,277,0,20,32.0
2024-10-20,SKU-0041,175,0,20,32.0
2024-10-27,SKU-0041,71,0,20,32.0
2024-11-03,SKU-0041,0,436,20,32.0
2024-11-10,SKU-0041,329,0,20,32.0
2024-11-17,SKU-0041,257,0,20,32.0
2024-11-24,SKU-0041,204,0,20,32.0
2024-12-01,SKU-0041,149,0,20,32.0
2024-12-08,SKU-0041,100,0,20,32.0
2024-12-15,SKU-0041,28,253,20,32.0
2024-12-22,SKU-0041,0,280,20,32.0
2024-12-29,SKU-0041,228,0,20,32.0
2025-01-05,SKU-0041,163,0,20,32.0
2025-01-12,SKU-0041,113,0,20,32.0
2025-01-19,SKU-0041,61,0,20,32.0
2025-01-26,SKU-0041,157,0,20,32.0
2025-02-02,SKU-0041,113,0,20,32.0
2025-02-09,SKU-0041,84,0,20,32.0
2025-02-16,SKU-0041,217,0,20,32.0
2025-02-23,SKU-0041,180,0,20,32.0
2025-03-02,SKU-0041,128,0,20,32.0
2025-03-09,SKU-0041,80,0,20,32.0
2025-03-16,SKU-0041,35,0,20,32.0
2025-03-23,SKU-0041,217,0,20,32.0
2025-03-30,SKU-0041,158,0,20,32.0
2025-04-06,SKU-0041,110,0,20,32.0
2025-04-13,SKU-0041,58,0,20,32.0
2025-04-20,SKU-0041,189,0,20,32.0
2025-04-27,SKU-0041,128,0,20,32.0
2025-05-04,SKU-0041,59,0,20,32.0
2025-05-11,SKU-0041,257,0,20,32.0
2025-05-18,SKU-0041,192,0,20,32.0
2025-05-25,SKU-0041,124,0,20,32.0
2025-06-01,SKU-0041,78,0,20,32.0
2025-06-08,SKU-0041,265,0,20,32.0
2025-06-15,SKU-0041,196,0,20,32.0
2025-06-22,SKU-0041,80,0,20,32.0
2025-06-29,SKU-0041,390,0,20,32.0
2025-07-06,SKU-0041,327,0,20,32.0
2025-07-13,SKU-0041,251,0,20,32.0
2025-07-20,SKU-0041,180,0,20,32.0
2025-07-27,SKU-0041,98,0,20,32.0
2025-08-03,SKU-0041,23,342,20,32.0
2025-08-10,SKU-0041,0,313,20,32.0
2025-08-17,SKU-0041,227,0,20,32.0
2025-08-24,SKU-0041,173,0,20,32.0
2025-08-31,SKU-0041,104,0,20,32.0
2025-09-07,SKU-0041,16,307,20,32.0
2025-09-14,SKU-0041,0,320,20,32.0
2025-09-21,SKU-0041,204,0,20,32.0
2025-09-28,SKU-0041,140,0,20,32.0
2025-10-05,SKU-0041,40,0,20,32.0
2025-10-12,SKU-0041,0,395,20,32.0
2025-10-19,SKU-0041,295,0,20,32.0
2025-10-26,SKU-0041,190,0,20,32.0
2025-11-02,SKU-0041,99,0,20,32.0
2025-11-09,SKU-0041,289,0,20,32.0
2025-11-16,SKU-0041,175,0,20,32.0
2025-11-23,SKU-0041,107,0,20,32.0
2025-11-30,SKU-0041,58,0,20,32.0
2025-12-07,SKU-0041,0,307,20,32.0
2025-12-14,SKU-0041,243,0,20,32.0
2025-12-21,SKU-0041,142,0,20,32.0
2025-12-28,SKU-0041,57,0,20,32.0
2026-01-04,SKU-0041,261,0,20,32.0
2026-01-11,SKU-0041,196,0,20,
2026-01-18,SKU-0041,133,0,20,32.0
2026-01-25,SKU-0041,66,0,20,32.0
2026-02-01,SKU-0041,12,286,20,32.0
2026-02-08,SKU-0041,0,255,20,32.0
2026-02-15,SKU-0041,145,0,20,32.0
2026-02-22,SKU-0041,106,0,20,32.0
2026-03-01,SKU-0041,47,0,20,32.0
2026-03-08,SKU-0041,199,0,20,32.0
2026-03-15,SKU-0041,149,0,20,32.0
2026-03-22,SKU-0041,79,0,20,32.0
2026-03-29,SKU-0041,178,0,20,32.0
2026-04-05,SKU-0041,122,0,20,32.0
2026-04-12,SKU-0041,74,0,20,32.0
2026-04-19,SKU-0041,34,0,20,32.0
2026-04-26,SKU-0041,155,0,20,32.0
2026-05-03,SKU-0041,95,0,20,32.0
2026-05-10,SKU-0041,227,0,20,32.0
2026-05-17,SKU-0041,149,0,20,32.0
2026-05-24,SKU-0041,66,0,20,32.0
2026-05-31,SKU-0041,9,316,20,32.0
2026-06-07,SKU-0041,0,318,20,32.0
2026-06-14,SKU-0041,225,0,20,32.0
2026-06-21,SKU-0041,109,0,20,32.0
2026-06-28,SKU-0041,0,387,20,32.0
2026-07-05,SKU-0041,0,435,20,32.0
2026-07-12,SKU-0041,0,450,20,32.0
2026-07-19,SKU-0041,277,0,20,32.0
2026-07-26,SKU-0041,189,0,20,32.0
2026-08-02,SKU-0041,94,0,20,32.0
2026-08-09,SKU-0041,5,372,20,32.0
2026-08-16,SKU-0041,230,0,20,32.0
2026-08-23,SKU-0041,164,0,20,32.0
2026-08-30,SKU-0041,74,0,20,32.0
2024-07-21,SKU-0042,138,0,25,72.0
2024-07-28,SKU-0042,111,0,25,72.0
2024-08-04,SKU-0042,75,0,25,72.0
2024-08-11,SKU-0042,58,170,25,72.0
2024-08-18,SKU-0042,35,152,25,72.0
2024-08-25,SKU-0042,127,0,25,72.0
2024-09-01,SKU-0042,93,0,25,72.0
2024-09-08,SKU-0042,203,0,25,72.0
2024-09-15,SKU-0042,166,0,25,72.0
2024-09-22,SKU-0042,139,0,25,72.0
2024-09-29,SKU-0042,107,0,25,72.0
2024-10-06,SKU-0042,56,173,25,72.0
2024-10-13,SKU-0042,192,0,25,72.0
2024-10-20,SKU-0042,149,0,25,72.0
2024-10-27,SKU-0042,95,0,25,72.0
2024-11-03,SKU-0042,279,0,25,72.0
2024-11-10,SKU-0042,222,0,25,72.0
2024-11-17,SKU-0042,189,0,25,72.0
2024-11-24,SKU-0042,167,0,25,72.0
2024-12-01,SKU-0042,140,0,25,72.0
2024-12-08,SKU-0042,117,0,25,72.0
2024-12-15,SKU-0042,88,0,25,72.0
2024-12-22,SKU-0042,134,0,25,72.0
2024-12-29,SKU-0042,95,0,25,72.0
2025-01-05,SKU-0042,194,0,25,72.0
2025-01-12,SKU-0042,170,0,25,72.0
2025-01-19,SKU-0042,152,0,25,72.0
2025-01-26,SKU-0042,118,0,25,72.0
2025-02-02,SKU-0042,103,0,25,72.0
2025-02-09,SKU-0042,84,0,25,72.0
2025-02-16,SKU-0042,171,0,25,72.0
2025-02-23,SKU-0042,153,0,25,72.0
2025-03-02,SKU-0042,128,0,25,72.0
2025-03-09,SKU-0042,101,0,25,72.0
2025-03-16,SKU-0042,177,0,25,72.0
2025-03-23,SKU-0042,144,0,25,72.0
2025-03-30,SKU-0042,117,0,25,72.0
2025-04-06,SKU-0042,94,0,25,72.0
2025-04-13,SKU-0042,139,0,25,72.0
2025-04-20,SKU-0042,112,0,25,72.0
2025-04-27,SKU-0042,80,0,25,72.0
2025-05-04,SKU-0042,149,0,25,72.0
2025-05-11,SKU-0042,120,0,25,72.0
2025-05-18,SKU-0042,93,0,25,72.0
2025-05-25,SKU-0042,55,144,25,72.0
2025-06-01,SKU-0042,126,0,25,72.0
2025-06-08,SKU-0042,98,0,25,72.0
2025-06-15,SKU-0042,210,0,25,72.0
2025-06-22,SKU-0042,157,0,25,72.0
2025-06-29,SKU-0042,98,0,25,72.0
2025-07-06,SKU-0042,80,0,25,72.0
2025-07-13,SKU-0042,215,0,25,72.0
2025-07-20,SKU-0042,173,0,25,72.0
2025-07-27,SKU-0042,141,0,25,72.0
2025-08-03,SKU-0042,104,0,25,72.0
2025-08-10,SKU-0042,241,0,25,72.0
2025-08-17,SKU-0042,203,0,25,72.0
2025-08-24,SKU-0042,176,0,25,72.0
2025-08-31,SKU-0042,136,0,25,72.0
2025-09-07,SKU-0042,108,0,25,72.0
2025-09-14,SKU-0042,74,0,25,72.0
2025-09-21,SKU-0042,171,0,25,72.0
2025-09-28,SKU-0042,140,0,25,72.0
2025-10-05,SKU-0042,93,0,25,72.0
2025-10-12,SKU-0042,134,0,25,72.0
2025-10-19,SKU-0042,67,257,25,72.0
2025-10-26,SKU-0042,206,0,25,72.0
2025-11-02,SKU-0042,159,0,25,72.0
2025-11-09,SKU-0042,97,0,25,72.0
2025-11-16,SKU-0042,178,0,25,72.0
2025-11-23,SKU-0042,162,0,25,72.0
2025-11-30,SKU-0042,133,0,25,72.0
2025-12-07,SKU-0042,113,0,25,72.0
2025-12-14,SKU-0042,78,0,25,72.0
2025-12-21,SKU-0042,182,0,25,72.0
2025-12-28,SKU-0042,145,0,25,72.0
2026-01-04,SKU-0042,120,0,25,72.0
2026-01-11,SKU-0042,104,0,25,72.0
2026-01-18,SKU-0042,69,155,25,72.0
2026-01-25,SKU-0042,179,0,25,72.0
2026-02-01,SKU-0042,158,0,25,72.0
2026-02-08,SKU-0042,127,0,25,72.0
2026-02-15,SKU-0042,103,0,25,72.0
2026-02-22,SKU-0042,73,0,25,72.0
2026-03-01,SKU-0042,183,0,25,72.0
2026-03-08,SKU-0042,155,0,25,72.0
2026-03-15,SKU-0042,133,0,25,72.0
2026-03-22,SKU-0042,118,0,25,72.0
2026-03-29,SKU-0042,86,0,25,72.0
2026-04-05,SKU-0042,61,168,25,72.0
2026-04-12,SKU-0042,152,0,25,72.0
2026-04-19,SKU-0042,122,0,25,72.0
2026-04-26,SKU-0042,93,0,25,72.0
2026-05-03,SKU-0042,202,0,25,72.0
2026-05-10,SKU-0042,179,0,25,72.0
2026-05-17,SKU-0042,147,0,25,72.0
2026-05-24,SKU-0042,119,0,25,72.0
2026-05-31,SKU-0042,81,0,25,72.0
2026-06-07,SKU-0042,51,169,25,72.0
2026-06-14,SKU-0042,131,0,25,72.0
2026-06-21,SKU-0042,87,0,25,72.0
2026-06-28,SKU-0042,166,0,25,72.0
2026-07-05,SKU-0042,131,0,25,72.0
2026-07-12,SKU-0042,85,0,25,72.0
2026-07-19,SKU-0042,212,0,25,72.0
2026-07-26,SKU-0042,168,0,25,72.0
2026-08-02,SKU-0042,122,0,25,72.0
2026-08-09,SKU-0042,63,230,25,72.0
2026-08-16,SKU-0042,204,0,25,72.0
2026-08-23,SKU-0042,160,0,25,72.0
2026-08-30,SKU-0042,123,0,25,72.0
2024-06-02,SKU-0043,101,0,10,62.0
2024-06-09,SKU-0043,87,0,10,62.0
2024-06-16,SKU-0043,76,0,10,62.0
2024-06-23,SKU-0043,196,0,10,62.0
2024-06-30,SKU-0043,184,0,10,62.0
2024-07-07,SKU-0043,175,0,10,62.0
2024-07-14,SKU-0043,165,0,10,62.0
2024-07-21,SKU-0043,155,0,10,62.0
2024-07-28,SKU-0043,149,0,10,62.0
2024-08-04,SKU-0043,136,0,10,62.0
2024-08-11,SKU-0043,127,0,10,62.0
2024-08-18,SKU-0043,115,0,10,62.0
2024-08-25,SKU-0043,106,0,10,62.0
2024-09-01,SKU-0043,93,0,10,62.0
2024-09-08,SKU-0043,81,0,10,62.0
2024-09-15,SKU-0043,80,0,10,62.0
2024-09-22,SKU-0043,77,0,10,62.0
2024-09-29,SKU-0043,69,0,10,62.0
2024-10-06,SKU-0043,154,0,10,62.0
2024-10-13,SKU-0043,126,0,10,62.0
2024-10-20,SKU-0043,101,0,10,62.0
2024-10-27,SKU-0043,77,0,10,62.0
2024-11-03,SKU-0043,145,0,10,62.0
2024-11-10,SKU-0043,111,0,10,62.0
2024-11-17,SKU-0043,94,0,10,62.0
2024-11-24,SKU-0043,68,0,10,62.0
2024-12-01,SKU-0043,188,0,10,62.0
2024-12-08,SKU-0043,175,0,10,62.0
2024-12-15,SKU-0043,160,0,10,62.0
2024-12-22,SKU-0043,136,0,10,62.0
2024-12-29,SKU-0043,115,0,10,62.0
2025-01-05,SKU-0043,98,0,10,62.0
2025-01-12,SKU-0043,83,0,10,62.0
2025-01-19,SKU-0043,62,0,10,62.0
2025-01-26,SKU-0043,43,148,10,62.0
2025-02-02,SKU-0043,29,140,10,62.0
2025-02-09,SKU-0043,10,124,10,62.0
2025-02-16,SKU-0043,128,0,10,62.0
2025-02-23,SKU-0043,113,0,10,62.0
2025-03-02,SKU-0043,91,0,10,62.0
2025-03-09,SKU-0043,77,0,10,62.0
2025-03-16,SKU-0043,65,0,10,62.0
2025-03-23,SKU-0043,46,124,10,62.0
2025-03-30,SKU-0043,97,0,10,62.0
2025-04-06,SKU-0043,82,0,10,62.0
2025-04-13,SKU-0043,72,0,10,62.0
2025-04-20,SKU-0043,62,0,10,62.0
2025-04-27,SKU-0043,121,0,10,62.0
2025-05-04,SKU-0043,110,0,10,62.0
2025-05-11,SKU-0043,93,0,10,62.0
2025-05-18,SKU-0043,82,0,10,62.0
2025-05-25,SKU-0043,71,0,10,62.0
2025-06-01,SKU-0043,182,0,10,62.0
2025-06-08,SKU-0043,172,0,10,62.0
2025-06-15,SKU-0043,155,0,10,62.0
2025-06-22,SKU-0043,147,0,10,62.0
2025-06-29,SKU-0043,119,0,10,62.0
2025-07-06,SKU-0043,108,0,10,62.0
2025-07-13,SKU-0043,96,0,10,62.0
2025-07-20,SKU-0043,78,0,10,62.0
2025-07-27,SKU-0043,64,0,10,62.0
2025-08-03,SKU-0043,164,0,10,62.0
2025-08-10,SKU-0043,152,0,10,62.0
2025-08-17,SKU-0043,135,0,10,62.0
2025-08-24,SKU-0043,119,0,10,62.0
2025-08-31,SKU-0043,114,0,10,62.0
2025-09-07,SKU-0043,103,0,10,62.0
2025-09-14,SKU-0043,94,0,10,62.0
2025-09-21,SKU-0043,75,0,10,62.0
2025-09-28,SKU-0043,177,0,10,62.0
2025-10-05,SKU-0043,157,0,10,62.0
2025-10-12,SKU-0043,135,0,10,62.0
2025-10-19,SKU-0043,100,0,10,62.0
2025-10-26,SKU-0043,65,0,10,62.0
2025-11-02,SKU-0043,43,140,10,62.0
2025-11-09,SKU-0043,125,0,10,62.0
2025-11-16,SKU-0043,92,0,10,62.0
2025-11-23,SKU-0043,63,0,10,62.0
2025-11-30,SKU-0043,38,130,10,62.0
2025-12-07,SKU-0043,150,0,10,62.0
2025-12-14,SKU-0043,131,0,10,62.0
2025-12-21,SKU-0043,97,0,10,62.0
2025-12-28,SKU-0043,60,143,10,62.0
2026-01-04,SKU-0043,37,149,10,62.0
2026-01-11,SKU-0043,113,0,10,62.0
2026-01-18,SKU-0043,95,0,10,62.0
2026-01-25,SKU-0043,79,0,10,62.0
2026-02-01,SKU-0043,156,0,10,62.0
2026-02-08,SKU-0043,141,0,10,62.0
2026-02-15,SKU-0043,119,0,10,62.0
2026-02-22,SKU-0043,108,0,10,62.0
2026-03-01,SKU-0043,90,0,10,62.0
2026-03-08,SKU-0043,82,0,10,62.0
2026-03-15,SKU-0043,56,151,10,62.0
2026-03-22,SKU-0043,34,148,10,62.0
2026-03-29,SKU-0043,16,134,10,62.0
2026-04-05,SKU-0043,1,138,10,62.0
2026-04-12,SKU-0043,132,0,10,62.0
2026-04-19,SKU-0043,115,0,10,62.0
2026-04-26,SKU-0043,97,0,10,62.0
2026-05-03,SKU-0043,81,0,10,62.0
2026-05-10,SKU-0043,63,0,10,62.0
2026-05-17,SKU-0043,156,0,10,62.0
2026-05-24,SKU-0043,135,0,10,62.0
2026-05-31,SKU-0043,127,0,10,62.0
2026-06-07,SKU-0043,114,0,10,62.0
2026-06-14,SKU-0043,101,0,10,62.0
2026-06-21,SKU-0043,71,0,10,62.0
2026-06-28,SKU-0043,54,148,10,
2026-07-05,SKU-0043,39,126,10,62.0
2026-07-12,SKU-0043,15,128,10,62.0
2026-07-19,SKU-0043,132,0,10,62.0
2026-07-26,SKU-0043,115,0,10,62.0
2026-08-02,SKU-0043,111,0,10,62.0
2026-08-09,SKU-0043,95,0,10,62.0
2026-08-16,SKU-0043,91,0,10,62.0
2026-08-23,SKU-0043,73,0,10,62.0
2026-08-30,SKU-0043,203,0,10,62.0
2025-01-12,SKU-0044,168,0,26,39.0
2025-01-19,SKU-0044,134,0,26,39.0
2025-01-26,SKU-0044,96,0,26,39.0
2025-02-02,SKU-0044,49,0,26,39.0
2025-02-09,SKU-0044,0,191,26,39.0
2025-02-16,SKU-0044,167,0,26,39.0
2025-02-23,SKU-0044,141,0,26,39.0
2025-03-02,SKU-0044,106,0,26,39.0
2025-03-09,SKU-0044,70,0,26,39.0
2025-03-16,SKU-0044,195,0,26,39.0
2025-03-23,SKU-0044,153,0,26,39.0
2025-03-30,SKU-0044,113,0,26,39.0
2025-04-06,SKU-0044,90,0,26,39.0
2025-04-13,SKU-0044,63,0,26,39.0
2025-04-20,SKU-0044,33,139,26,39.0
2025-04-27,SKU-0044,79,0,26,39.0
2025-05-04,SKU-0044,35,180,26,39.0
2025-05-11,SKU-0044,151,0,26,39.0
2025-05-18,SKU-0044,117,0,26,39.0
2025-05-25,SKU-0044,78,0,26,39.0
2025-06-01,SKU-0044,46,0,26,39.0
2025-06-08,SKU-0044,95,0,26,39.0
2025-06-15,SKU-0044,55,0,26,39.0
2025-06-22,SKU-0044,9,197,26,39.0
2025-06-29,SKU-0044,0,226,26,39.0
2025-07-06,SKU-0044,199,0,26,39.0
2025-07-13,SKU-0044,177,0,26,39.0
2025-07-20,SKU-0044,149,0,26,39.0
2025-07-27,SKU-0044,122,0,26,39.0
2025-08-03,SKU-0044,95,0,26,39.0
2025-08-10,SKU-0044,63,0,26,39.0
2025-08-17,SKU-0044,39,0,26,39.0
2025-08-24,SKU-0044,160,0,26,39.0
2025-08-31,SKU-0044,144,0,26,39.0
2025-09-07,SKU-0044,124,0,26,39.0
2025-09-14,SKU-0044,98,0,26,39.0
2025-09-21,SKU-0044,79,0,26,39.0
2025-09-28,SKU-0044,51,0,26,39.0
2025-10-05,SKU-0044,14,151,26,39.0
2025-10-12,SKU-0044,0,163,26,39.0
2025-10-19,SKU-0044,0,167,26,39.0
2025-10-26,SKU-0044,178,0,26,39.0
2025-11-02,SKU-0044,136,0,26,39.0
2025-11-09,SKU-0044,86,0,26,39.0
2025-11-16,SKU-0044,173,0,26,39.0
2025-11-23,SKU-0044,147,0,26,39.0
2025-11-30,SKU-0044,116,0,26,39.0
2025-12-07,SKU-0044,92,0,26,39.0
2025-12-14,SKU-0044,57,0,26,39.0
2025-12-21,SKU-0044,18,157,26,39.0
2025-12-28,SKU-0044,0,144,26,39.0
2026-01-04,SKU-0044,159,0,26,39.0
2026-01-11,SKU-0044,132,0,26,39.0
2026-01-18,SKU-0044,113,0,26,39.0
2026-01-25,SKU-0044,89,0,26,39.0
2026-02-01,SKU-0044,65,0,26,39.0
2026-02-08,SKU-0044,143,0,26,39.0
2026-02-15,SKU-0044,124,0,26,39.0
2026-02-22,SKU-0044,92,0,26,39.0
2026-03-01,SKU-0044,73,0,26,39.0
2026-03-08,SKU-0044,51,0,26,39.0
2026-03-15,SKU-0044,128,0,26,39.0
2026-03-22,SKU-0044,91,0,26,39.0
2026-03-29,SKU-0044,61,0,26,39.0
2026-04-05,SKU-0044,39,0,26,39.0
2026-04-12,SKU-0044,6,164,26,39.0
2026-04-19,SKU-0044,0,135,26,39.0
2026-04-26,SKU-0044,0,136,26,39.0
2026-05-03,SKU-0044,117,0,26,39.0
2026-05-10,SKU-0044,99,0,26,39.0
2026-05-17,SKU-0044,69,0,26,39.0
2026-05-24,SKU-0044,45,0,26,39.0
2026-05-31,SKU-0044,16,153,26,39.0
2026-06-07,SKU-0044,0,136,26,39.0
2026-06-14,SKU-0044,85,0,26,39.0
2026-06-21,SKU-0044,98,0,26,39.0
2026-06-28,SKU-0044,58,0,26,39.0
2026-07-05,SKU-0044,195,0,26,39.0
2026-07-12,SKU-0044,163,0,26,39.0
2026-07-19,SKU-0044,146,0,26,39.0
2026-07-26,SKU-0044,132,0,26,39.0
2026-08-02,SKU-0044,120,0,26,39.0
2026-08-09,SKU-0044,96,0,26,39.0
2026-08-16,SKU-0044,86,0,26,39.0
2026-08-23,SKU-0044,64,0,26,39.0
2026-08-30,SKU-0044,113,0,26,39.0
2024-04-14,SKU-0045,113,0,9,70.0
2024-04-21,SKU-0045,84,0,9,70.0
2024-04-28,SKU-0045,61,154,9,70.0
2024-05-05,SKU-0045,35,166,9,70.0
2024-05-12,SKU-0045,125,0,9,70.0
2024-05-19,SKU-0045,98,0,9,70.0
2024-05-26,SKU-0045,60,142,9,70.0
2024-06-02,SKU-0045,128,0,9,70.0
2024-06-09,SKU-0045,92,0,9,70.0
2024-06-16,SKU-0045,58,181,9,70.0
2024-06-23,SKU-0045,4,206,9,70.0
2024-06-30,SKU-0045,0,187,9,70.0
2024-07-07,SKU-0045,90,0,9,70.0
2024-07-14,SKU-0045,219,0,9,70.0
2024-07-21,SKU-0045,188,0,9,70.0
2024-07-28,SKU-0045,169,0,9,70.0
2024-08-04,SKU-0045,135,0,9,70.0
2024-08-11,SKU-0045,102,0,9,70.0
2024-08-18,SKU-0045,66,162,9,70.0
2024-08-25,SKU-0045,28,170,9,70.0
2024-09-01,SKU-0045,2,175,9,70.0
2024-09-08,SKU-0045,0,141,9,70.0
2024-09-15,SKU-0045,0,159,9,70.0
2024-09-22,SKU-0045,133,0,9,70.0
2024-09-29,SKU-0045,97,0,9,70.0
2024-10-06,SKU-0045,47,191,9,70.0
2024-10-13,SKU-0045,0,207,9,70.0
2024-10-20,SKU-0045,0,242,9,70.0
2024-10-27,SKU-0045,0,231,9,70.0
2024-11-03,SKU-0045,0,237,9,70.0
2024-11-10,SKU-0045,0,244,9,70.0
2024-11-17,SKU-0045,0,259,9,70.0
2024-11-24,SKU-0045,190,0,9,70.0
2024-12-01,SKU-0045,148,0,9,70.0
2024-12-08,SKU-0045,109,0,9,70.0
2024-12-15,SKU-0045,72,0,9,70.0
2024-12-22,SKU-0045,230,0,9,70.0
2024-12-29,SKU-0045,173,0,9,70.0
2025-01-05,SKU-0045,127,0,9,70.0
2025-01-12,SKU-0045,83,0,9,70.0
2025-01-19,SKU-0045,176,0,9,70.0
2025-01-26,SKU-0045,120,0,9,70.0
2025-02-02,SKU-0045,83,0,9,70.0
2025-02-09,SKU-0045,179,0,9,70.0
2025-02-16,SKU-0045,137,0,9,70.0
2025-02-23,SKU-0045,99,0,9,70.0
2025-03-02,SKU-0045,257,0,9,70.0
2025-03-09,SKU-0045,224,0,9,70.0
2025-03-16,SKU-0045,192,0,9,70.0
2025-03-23,SKU-0045,154,0,9,70.0
2025-03-30,SKU-0045,125,0,9,70.0
2025-04-06,SKU-0045,105,0,9,70.0
2025-04-13,SKU-0045,70,0,9,70.0
2025-04-20,SKU-0045,159,0,9,70.0
2025-04-27,SKU-0045,103,0,9,70.0
2025-05-04,SKU-0045,81,0,9,70.0
2025-05-11,SKU-0045,48,183,9,70.0
2025-05-18,SKU-0045,107,0,9,70.0
2025-05-25,SKU-0045,77,0,9,70.0
2025-06-01,SKU-0045,173,0,9,70.0
2025-06-08,SKU-0045,142,0,9,70.0
2025-06-15,SKU-0045,120,0,9,70.0
2025-06-22,SKU-0045,63,183,9,70.0
2025-06-29,SKU-0045,169,0,9,70.0
2025-07-06,SKU-0045,131,0,9,70.0
2025-07-13,SKU-0045,93,0,9,70.0
2025-07-20,SKU-0045,60,167,9,70.0
2025-07-27,SKU-0045,23,161,9,70.0
2025-08-03,SKU-0045,0,168,9,70.0
2025-08-10,SKU-0045,0,166,9,70.0
2025-08-17,SKU-0045,130,0,9,70.0
2025-08-24,SKU-0045,102,0,9,70.0
2025-08-31,SKU-0045,55,165,9,70.0
2025-09-07,SKU-0045,22,174,9,70.0
2025-09-14,SKU-0045,123,0,9,70.0
2025-09-21,SKU-0045,107,0,9,70.0
2025-09-28,SKU-0045,72,0,9,70.0
2025-10-05,SKU-0045,122,0,9,70.0
2025-10-12,SKU-0045,227,0,9,70.0
2025-10-19,SKU-0045,142,0,9,70.0
2025-10-26,SKU-0045,81,0,9,70.0
2025-11-02,SKU-0045,17,290,9,70.0
2025-11-09,SKU-0045,0,300,9,70.0
2025-11-16,SKU-0045,276,0,9,70.0
2025-11-23,SKU-0045,233,0,9,70.0
2025-11-30,SKU-0045,191,0,9,70.0
2025-12-07,SKU-0045,159,0,9,70.0
2025-12-14,SKU-0045,113,0,9,70.0
2025-12-21,SKU-0045,221,0,9,70.0
2025-12-28,SKU-0045,159,0,9,70.0
2026-01-04,SKU-0045,98,0,9,70.0
2026-01-11,SKU-0045,58,294,9,70.0
2026-01-18,SKU-0045,10,246,9,70.0
2026-01-25,SKU-0045,226,0,9,70.0
2026-02-01,SKU-0045,185,0,9,70.0
2026-02-08,SKU-0045,124,0,9,70.0
2026-02-15,SKU-0045,74,0,9,70.0
2026-02-22,SKU-0045,177,0,9,70.0
2026-03-01,SKU-0045,132,0,9,70.0
2026-03-08,SKU-0045,90,0,9,70.0
2026-03-15,SKU-0045,36,190,9,70.0
2026-03-22,SKU-0045,189,0,9,70.0
2026-03-29,SKU-0045,146,0,9,70.0
2026-04-05,SKU-0045,113,0,9,70.0
2026-04-12,SKU-0045,80,0,9,70.0
2026-04-19,SKU-0045,155,0,9,70.0
2026-04-26,SKU-0045,125,0,9,70.0
2026-05-03,SKU-0045,91,0,9,70.0
2026-05-10,SKU-0045,155,0,9,70.0
2026-05-17,SKU-0045,109,0,9,70.0
2026-05-24,SKU-0045,75,0,9,70.0
2026-05-31,SKU-0045,198,0,9,70.0
2026-06-07,SKU-0045,165,0,9,70.0
2026-06-14,SKU-0045,124,0,9,70.0
2026-06-21,SKU-0045,63,206,9,70.0
2026-06-28,SKU-0045,0,238,9,70.0
2026-07-05,SKU-0045,241,0,9,70.0
2026-07-12,SKU-0045,215,0,9,70.0
2026-07-19,SKU-0045,169,0,9,70.0
2026-07-26,SKU-0045,131,0,9,70.0
2026-08-02,SKU-0045,76,0,9,70.0
2026-08-09,SKU-0045,44,211,9,70.0
2026-08-16,SKU-0045,204,0,9,70.0
2026-08-23,SKU-0045,170,0,9,70.0
2026-08-30,SKU-0045,134,0,9,70.0
2024-11-03,SKU-0046,100,0,14,64.0
2024-11-10,SKU-0046,204,0,14,64.0
2024-11-17,SKU-0046,175,0,14,64.0
2024-11-24,SKU-0046,147,0,14,64.0
2024-12-01,SKU-0046,118,0,14,64.0
2024-12-08,SKU-0046,94,0,14,64.0
2024-12-15,SKU-0046,66,0,14,64.0
2024-12-22,SKU-0046,21,159,14,64.0
2024-12-29,SKU-0046,0,163,14,64.0
2025-01-05,SKU-0046,0,161,14,64.0
2025-01-12,SKU-0046,122,0,14,64.0
2025-01-19,SKU-0046,88,0,14,64.0
2025-01-26,SKU-0046,165,0,14,64.0
2025-02-02,SKU-0046,143,0,14,64.0
2025-02-09,SKU-0046,106,0,14,64.0
2025-02-16,SKU-0046,94,0,14,64.0
2025-02-23,SKU-0046,76,0,14,64.0
2025-03-02,SKU-0046,148,0,14,64.0
2025-03-09,SKU-0046,119,0,14,64.0
2025-03-16,SKU-0046,93,0,14,64.0
2025-03-23,SKU-0046,66,0,14,64.0
2025-03-30,SKU-0046,52,151,14,64.0
2025-04-06,SKU-0046,32,153,14,64.0
2025-04-13,SKU-0046,84,0,14,64.0
2025-04-20,SKU-0046,73,0,14,64.0
2025-04-27,SKU-0046,58,133,14,64.0
2025-05-04,SKU-0046,141,0,14,64.0
2025-05-11,SKU-0046,118,0,14,64.0
2025-05-18,SKU-0046,98,0,14,64.0
2025-05-25,SKU-0046,81,0,14,64.0
2025-06-01,SKU-0046,63,130,14,64.0
2025-06-08,SKU-0046,53,141,14,64.0
2025-06-15,SKU-0046,121,0,14,64.0
2025-06-22,SKU-0046,82,0,14,64.0
2025-06-29,SKU-0046,195,0,14,64.0
2025-07-06,SKU-0046,177,0,14,64.0
2025-07-13,SKU-0046,154,0,14,64.0
2025-07-20,SKU-0046,132,0,14,64.0
2025-07-27,SKU-0046,110,0,14,64.0
2025-08-03,SKU-0046,102,0,14,64.0
2025-08-10,SKU-0046,80,0,14,64.0
2025-08-17,SKU-0046,55,153,14,64.0
2025-08-24,SKU-0046,22,136,14,64.0
2025-08-31,SKU-0046,3,152,14,64.0
2025-09-07,SKU-0046,115,0,14,64.0
2025-09-14,SKU-0046,86,0,14,64.0
2025-09-21,SKU-0046,56,130,14,64.0
2025-09-28,SKU-0046,35,139,14,64.0
2025-10-05,SKU-0046,111,0,14,64.0
2025-10-12,SKU-0046,68,0,14,64.0
2025-10-19,SKU-0046,25,187,14,64.0
2025-10-26,SKU-0046,176,0,14,64.0
2025-11-02,SKU-0046,139,0,14,64.0
2025-11-09,SKU-0046,88,0,14,64.0
2025-11-16,SKU-0046,51,205,14,64.0
2025-11-23,SKU-0046,124,0,14,64.0
2025-11-30,SKU-0046,99,0,14,64.0
2025-12-07,SKU-0046,73,0,14,64.0
2025-12-14,SKU-0046,52,130,14,64.0
2025-12-21,SKU-0046,142,0,14,64.0
2025-12-28,SKU-0046,96,0,14,64.0
2026-01-04,SKU-0046,70,0,14,64.0
2026-01-11,SKU-0046,143,0,14,64.0
2026-01-18,SKU-0046,120,0,14,64.0
2026-01-25,SKU-0046,91,0,14,64.0
2026-02-01,SKU-0046,66,0,14,64.0
2026-02-08,SKU-0046,144,0,14,64.0
2026-02-15,SKU-0046,126,0,14,64.0
2026-02-22,SKU-0046,103,0,14,64.0
2026-03-01,SKU-0046,80,0,14,64.0
2026-03-08,SKU-0046,179,0,14,64.0
2026-03-15,SKU-0046,164,0,14,64.0
2026-03-22,SKU-0046,149,0,14,64.0
2026-03-29,SKU-0046,120,0,14,64.0
2026-04-05,SKU-0046,104,0,14,64.0
2026-04-12,SKU-0046,94,0,14,64.0
2026-04-19,SKU-0046,77,0,14,64.0
2026-04-26,SKU-0046,65,0,14,64.0
2026-05-03,SKU-0046,46,135,14,64.0
2026-05-10,SKU-0046,33,141,14,64.0
2026-05-17,SKU-0046,14,141,14,64.0
2026-05-24,SKU-0046,2,155,14,64.0
2026-05-31,SKU-0046,135,0,14,64.0
2026-06-07,SKU-0046,123,0,14,64.0
2026-06-14,SKU-0046,113,0,14,64.0
2026-06-21,SKU-0046,87,0,14,64.0
2026-06-28,SKU-0046,58,141,14,64.0
2026-07-05,SKU-0046,181,0,14,64.0
2026-07-12,SKU-0046,161,0,14,64.0
2026-07-19,SKU-0046,143,0,14,64.0
2026-07-26,SKU-0046,128,0,14,64.0
2026-08-02,SKU-0046,105,0,14,64.0
2026-08-09,SKU-0046,80,0,14,64.0
2026-08-16,SKU-0046,58,134,14,64.0
2026-08-23,SKU-0046,33,150,14,64.0
2026-08-30,SKU-0046,8,157,14,64.0
2024-03-03,SKU-0047,176,0,25,50.0
2024-03-10,SKU-0047,173,0,25,50.0
2024-03-17,SKU-0047,162,0,25,50.0
2024-03-24,SKU-0047,149,0,25,50.0
2024-03-31,SKU-0047,143,0,25,50.0
2024-04-07,SKU-0047,130,0,25,50.0
2024-04-14,SKU-0047,116,0,25,50.0
2024-04-21,SKU-0047,110,0,25,50.0
2024-04-28,SKU-0047,104,0,25,50.0
2024-05-05,SKU-0047,98,0,25,50.0
2024-05-12,SKU-0047,80,0,25,50.0
2024-05-19,SKU-0047,81,0,25,50.0
2024-05-26,SKU-0047,69,0,25,50.0
2024-06-02,SKU-0047,65,0,25,50.0
2024-06-09,SKU-0047,60,0,25,50.0
2024-06-16,SKU-0047,161,0,25,50.0
2024-06-23,SKU-0047,154,0,25,50.0
2024-06-30,SKU-0047,130,0,25,50.0
2024-07-07,SKU-0047,116,0,25,50.0
2024-07-14,SKU-0047,101,0,25,50.0
2024-07-21,SKU-0047,93,0,25,50.0
2024-07-28,SKU-0047,88,0,25,50.0
2024-08-04,SKU-0047,71,0,25,50.0
2024-08-11,SKU-0047,57,0,25,50.0
2024-08-18,SKU-0047,134,0,25,50.0
2024-08-25,SKU-0047,126,0,25,50.0
2024-09-01,SKU-0047,128,0,25,50.0
2024-09-08,SKU-0047,120,0,25,50.0
2024-09-15,SKU-0047,111,0,25,50.0
2024-09-22,SKU-0047,99,0,25,50.0
2024-09-29,SKU-0047,96,0,25,50.0
2024-10-06,SKU-0047,75,0,25,50.0
2024-10-13,SKU-0047,57,0,25,50.0
2024-10-20,SKU-0047,101,0,25,50.0
2024-10-27,SKU-0047,77,0,25,50.0
2024-11-03,SKU-0047,50,0,25,50.0
2024-11-10,SKU-0047,30,116,25,50.0
2024-11-17,SKU-0047,83,0,25,50.0
2024-11-24,SKU-0047,73,0,25,50.0
2024-12-01,SKU-0047,64,0,25,50.0
2024-12-08,SKU-0047,136,0,25,50.0
2024-12-15,SKU-0047,116,0,25,50.0
2024-12-22,SKU-0047,96,0,25,50.0
2024-12-29,SKU-0047,76,0,25,50.0
2025-01-05,SKU-0047,62,0,25,50.0
2025-01-12,SKU-0047,55,0,25,50.0
2025-01-19,SKU-0047,37,126,25,50.0
2025-01-26,SKU-0047,120,0,25,50.0
2025-02-02,SKU-0047,109,0,25,50.0
2025-02-09,SKU-0047,99,0,25,50.0
2025-02-16,SKU-0047,88,0,25,50.0
2025-02-23,SKU-0047,82,0,25,50.0
2025-03-02,SKU-0047,77,0,25,50.0
2025-03-09,SKU-0047,65,0,25,50.0
2025-03-16,SKU-0047,58,0,25,50.0
2025-03-23,SKU-0047,50,0,25,50.0
2025-03-30,SKU-0047,128,0,25,50.0
2025-04-06,SKU-0047,117,0,25,50.0
2025-04-13,SKU-0047,109,0,25,50.0
2025-04-20,SKU-0047,102,0,25,50.0
2025-04-27,SKU-0047,102,0,25,50.0
2025-05-04,SKU-0047,93,0,25,50.0
2025-05-11,SKU-0047,87,0,25,50.0
2025-05-18,SKU-0047,74,0,25,50.0
2025-05-25,SKU-0047,64,0,25,50.0
2025-06-01,SKU-0047,55,0,25,50.0
2025-06-08,SKU-0047,49,100,25,50.0
2025-06-15,SKU-0047,34,110,25,50.0
2025-06-22,SKU-0047,12,126,25,50.0
2025-06-29,SKU-0047,100,0,25,50.0
2025-07-06,SKU-0047,92,0,25,50.0
2025-07-13,SKU-0047,72,0,25,50.0
2025-07-20,SKU-0047,66,0,25,50.0
2025-07-27,SKU-0047,52,0,25,50.0
2025-08-03,SKU-0047,157,0,25,50.0
2025-08-10,SKU-0047,153,0,25,50.0
2025-08-17,SKU-0047,132,0,25,50.0
2025-08-24,SKU-0047,118,0,25,50.0
2025-08-31,SKU-0047,108,0,25,50.0
2025-09-07,SKU-0047,95,0,25,50.0
2025-09-14,SKU-0047,72,0,25,50.0
2025-09-21,SKU-0047,58,0,25,50.0
2025-09-28,SKU-0047,53,0,25,50.0
2025-10-05,SKU-0047,118,0,25,50.0
2025-10-12,SKU-0047,98,0,25,50.0
2025-10-19,SKU-0047,73,0,25,50.0
2025-10-26,SKU-0047,61,0,25,50.0
2025-11-02,SKU-0047,147,0,25,50.0
2025-11-09,SKU-0047,133,0,25,50.0
2025-11-16,SKU-0047,116,0,25,50.0
2025-11-23,SKU-0047,109,0,25,50.0
2025-11-30,SKU-0047,93,0,25,50.0
2025-12-07,SKU-0047,90,0,25,50.0
2025-12-14,SKU-0047,85,0,25,50.0
2025-12-21,SKU-0047,69,0,25,50.0
2025-12-28,SKU-0047,59,0,25,50.0
2026-01-04,SKU-0047,157,0,25,50.0
2026-01-11,SKU-0047,144,0,25,50.0
2026-01-18,SKU-0047,134,0,25,50.0
2026-01-25,SKU-0047,125,0,25,50.0
2026-02-01,SKU-0047,119,0,25,50.0
2026-02-08,SKU-0047,109,0,25,50.0
2026-02-15,SKU-0047,105,0,25,50.0
2026-02-22,SKU-0047,96,0,25,50.0
2026-03-01,SKU-0047,90,0,25,50.0
2026-03-08,SKU-0047,85,0,25,50.0
2026-03-15,SKU-0047,83,0,25,50.0
2026-03-22,SKU-0047,82,0,25,50.0
2026-03-29,SKU-0047,77,0,25,50.0
2026-04-05,SKU-0047,62,0,25,50.0
2026-04-12,SKU-0047,53,0,25,50.0
2026-04-19,SKU-0047,36,115,25,50.0
2026-04-26,SKU-0047,32,129,25,50.0
2026-05-03,SKU-0047,21,125,25,50.0
2026-05-10,SKU-0047,114,0,25,50.0
2026-05-17,SKU-0047,110,0,25,50.0
2026-05-24,SKU-0047,96,0,25,50.0
2026-05-31,SKU-0047,89,0,25,50.0
2026-06-07,SKU-0047,83,0,25,50.0
2026-06-14,SKU-0047,72,0,25,50.0
2026-06-21,SKU-0047,58,0,25,50.0
2026-06-28,SKU-0047,106,0,25,50.0
2026-07-05,SKU-0047,94,0,25,50.0
2026-07-12,SKU-0047,83,0,25,50.0
2026-07-19,SKU-0047,69,0,25,50.0
2026-07-26,SKU-0047,60,0,25,50.0
2026-08-02,SKU-0047,54,0,25,50.0
2026-08-09,SKU-0047,150,0,25,50.0
2026-08-16,SKU-0047,129,0,25,50.0
2026-08-23,SKU-0047,118,0,25,50.0
2026-08-30,SKU-0047,103,0,25,50.0
2024-06-09,SKU-0048,127,0,26,74.0
2024-06-16,SKU-0048,118,0,26,74.0
2024-06-23,SKU-0048,106,0,26,74.0
2024-06-30,SKU-0048,82,0,26,74.0
2024-07-07,SKU-0048,71,162,26,74.0
2024-07-14,SKU-0048,150,0,26,74.0
2024-07-21,SKU-0048,132,0,26,74.0
2024-07-28,SKU-0048,117,0,26,74.0
2024-08-04,SKU-0048,109,0,26,74.0
2024-08-11,SKU-0048,96,0,26,74.0
2024-08-18,SKU-0048,83,0,26,74.0
2024-08-25,SKU-0048,75,0,26,74.0
2024-09-01,SKU-0048,59,172,26,74.0
2024-09-08,SKU-0048,38,168,26,74.0
2024-09-15,SKU-0048,22,166,26,74.0
2024-09-22,SKU-0048,18,154,26,74.0
2024-09-29,SKU-0048,111,0,26,74.0
2024-10-06,SKU-0048,93,0,26,74.0
2024-10-13,SKU-0048,68,151,26,74.0
2024-10-20,SKU-0048,50,172,26,74.0
2024-10-27,SKU-0048,38,154,26,74.0
2024-11-03,SKU-0048,138,0,26,74.0
2024-11-10,SKU-0048,123,0,26,74.0
2024-11-17,SKU-0048,118,0,26,74.0
2024-11-24,SKU-0048,105,0,26,74.0
2024-12-01,SKU-0048,101,0,26,74.0
2024-12-08,SKU-0048,85,0,26,74.0
2024-12-15,SKU-0048,72,171,26,74.0
2024-12-22,SKU-0048,54,174,26,74.0
2024-12-29,SKU-0048,40,158,26,74.0
2025-01-05,SKU-0048,148,0,26,74.0
2025-01-12,SKU-0048,137,0,26,74.0
2025-01-19,SKU-0048,132,0,26,74.0
2025-01-26,SKU-0048,128,0,26,74.0
2025-02-02,SKU-0048,121,0,26,74.0
2025-02-09,SKU-0048,115,0,26,74.0
2025-02-16,SKU-0048,105,0,26,74.0
2025-02-23,SKU-0048,92,0,26,74.0
2025-03-02,SKU-0048,88,0,26,74.0
2025-03-09,SKU-0048,75,0,26,74.0
2025-03-16,SKU-0048,68,156,26,74.0
2025-03-23,SKU-0048,66,168,26,74.0
2025-03-30,SKU-0048,60,172,26,74.0
2025-04-06,SKU-0048,53,157,26,74.0
2025-04-13,SKU-0048,121,0,26,74.0
2025-04-20,SKU-0048,113,0,26,74.0
2025-04-27,SKU-0048,98,0,26,74.0
2025-05-04,SKU-0048,82,0,26,74.0
2025-05-11,SKU-0048,172,0,26,74.0
2025-05-18,SKU-0048,167,0,26,74.0
2025-05-25,SKU-0048,152,0,26,74.0
2025-06-01,SKU-0048,133,0,26,74.0
2025-06-08,SKU-0048,117,0,26,74.0
2025-06-15,SKU-0048,104,0,26,74.0
2025-06-22,SKU-0048,86,0,26,74.0
2025-06-29,SKU-0048,53,174,26,74.0
2025-07-06,SKU-0048,43,163,26,74.0
2025-07-13,SKU-0048,37,149,26,74.0
2025-07-20,SKU-0048,163,0,26,74.0
2025-07-27,SKU-0048,159,0,26,74.0
2025-08-03,SKU-0048,150,0,26,74.0
2025-08-10,SKU-0048,137,0,26,74.0
2025-08-17,SKU-0048,111,0,26,74.0
2025-08-24,SKU-0048,85,0,26,74.0
2025-08-31,SKU-0048,74,0,26,74.0
2025-09-07,SKU-0048,135,0,26,74.0
2025-09-14,SKU-0048,121,0,26,74.0
2025-09-21,SKU-0048,109,0,26,74.0
2025-09-28,SKU-0048,97,0,26,74.0
2025-10-05,SKU-0048,84,0,26,74.0
2025-10-12,SKU-0048,223,0,26,74.0
2025-10-19,SKU-0048,198,0,26,74.0
2025-10-26,SKU-0048,173,0,26,74.0
2025-11-02,SKU-0048,161,0,26,74.0
2025-11-09,SKU-0048,142,0,26,74.0
2025-11-16,SKU-0048,126,0,26,74.0
2025-11-23,SKU-0048,120,0,26,74.0
2025-11-30,SKU-0048,113,0,26,74.0
2025-12-07,SKU-0048,104,0,26,74.0
2025-12-14,SKU-0048,92,0,26,74.0
2025-12-21,SKU-0048,78,0,26,74.0
2025-12-28,SKU-0048,165,0,26,74.0
2026-01-04,SKU-0048,149,0,26,74.0
2026-01-11,SKU-0048,137,0,26,74.0
2026-01-18,SKU-0048,126,0,26,74.0
2026-01-25,SKU-0048,116,0,26,74.0
2026-02-01,SKU-0048,115,0,26,74.0
2026-02-08,SKU-0048,105,0,26,74.0
2026-02-15,SKU-0048,88,0,26,74.0
2026-02-22,SKU-0048,84,0,26,74.0
2026-03-01,SKU-0048,81,0,26,74.0
2026-03-08,SKU-0048,155,0,26,74.0
2026-03-15,SKU-0048,146,0,26,74.0
2026-03-22,SKU-0048,137,0,26,74.0
2026-03-29,SKU-0048,133,0,26,74.0
2026-04-05,SKU-0048,116,0,26,74.0
2026-04-12,SKU-0048,106,0,26,74.0
2026-04-19,SKU-0048,99,0,26,74.0
2026-04-26,SKU-0048,87,0,26,74.0
2026-05-03,SKU-0048,74,0,26,74.0
2026-05-10,SKU-0048,170,0,26,74.0
2026-05-17,SKU-0048,162,0,26,74.0
2026-05-24,SKU-0048,156,0,26,74.0
2026-05-31,SKU-0048,147,0,26,74.0
2026-06-07,SKU-0048,136,0,26,74.0
2026-06-14,SKU-0048,127,0,26,74.0
2026-06-21,SKU-0048,113,0,26,74.0
2026-06-28,SKU-0048,93,0,26,74.0
2026-07-05,SKU-0048,77,0,26,74.0
2026-07-12,SKU-0048,151,0,26,74.0
2026-07-19,SKU-0048,133,0,26,
2026-07-26,SKU-0048,118,0,26,74.0
2026-08-02,SKU-0048,117,0,26,74.0
2026-08-09,SKU-0048,94,0,26,74.0
2026-08-16,SKU-0048,80,0,26,74.0
2026-08-23,SKU-0048,195,0,26,74.0
2026-08-30,SKU-0048,186,0,26,74.0
2024-09-22,SKU-0049,153,0,15,30.0
2024-09-29,SKU-0049,120,0,15,30.0
2024-10-06,SKU-0049,79,0,15,30.0
2024-10-13,SKU-0049,106,0,15,30.0
2024-10-20,SKU-0049,59,0,15,30.0
2024-10-27,SKU-0049,10,233,15,30.0
2024-11-03,SKU-0049,193,0,15,30.0
2024-11-10,SKU-0049,142,0,15,30.0
2024-11-17,SKU-0049,91,0,15,30.0
2024-11-24,SKU-0049,66,0,15,30.0
2024-12-01,SKU-0049,31,0,15,30.0
2024-12-08,SKU-0049,0,177,15,30.0
2024-12-15,SKU-0049,0,165,15,
2024-12-22,SKU-0049,172,0,15,30.0
2024-12-29,SKU-0049,129,0,15,30.0
2025-01-05,SKU-0049,93,0,15,30.0
2025-01-12,SKU-0049,70,0,15,30.0
2025-01-19,SKU-0049,50,0,15,30.0
2025-01-26,SKU-0049,125,0,15,30.0
2025-02-02,SKU-0049,105,0,15,30.0
2025-02-09,SKU-0049,70,0,15,30.0
2025-02-16,SKU-0049,43,0,15,30.0
2025-02-23,SKU-0049,93,0,15,30.0
2025-03-02,SKU-0049,74,0,15,30.0
2025-03-09,SKU-0049,46,0,15,30.0
2025-03-16,SKU-0049,107,0,15,30.0
2025-03-23,SKU-0049,97,0,15,30.0
2025-03-30,SKU-0049,71,0,15,30.0
2025-04-06,SKU-0049,52,0,15,30.0
2025-04-13,SKU-0049,32,0,15,30.0
2025-04-20,SKU-0049,123,0,15,30.0
2025-04-27,SKU-0049,106,0,15,30.0
2025-05-04,SKU-0049,84,0,15,30.0
2025-05-11,SKU-0049,71,0,15,30.0
2025-05-18,SKU-0049,55,0,15,30.0
2025-05-25,SKU-0049,30,0,15,30.0
2025-06-01,SKU-0049,15,100,15,30.0
2025-06-08,SKU-0049,1,114,15,30.0
2025-06-15,SKU-0049,0,115,15,30.0
2025-06-22,SKU-0049,97,0,15,30.0
2025-06-29,SKU-0049,67,0,15,30.0
2025-07-06,SKU-0049,37,0,15,30.0
2025-07-13,SKU-0049,151,0,15,30.0
2025-07-20,SKU-0049,129,0,15,30.0
2025-07-27,SKU-0049,90,0,15,30.0
2025-08-03,SKU-0049,68,0,15,30.0
2025-08-10,SKU-0049,39,0,15,30.0
2025-08-17,SKU-0049,15,124,15,30.0
2025-08-24,SKU-0049,0,112,15,30.0
2025-08-31,SKU-0049,0,130,15,30.0
2025-09-07,SKU-0049,0,111,15,30.0
2025-09-14,SKU-0049,74,0,15,30.0
2025-09-21,SKU-0049,33,0,15,30.0
2025-09-28,SKU-0049,0,170,15,30.0
2025-10-05,SKU-0049,0,184,15,30.0
2025-10-12,SKU-0049,194,0,15,30.0
2025-10-19,SKU-0049,149,0,15,30.0
2025-10-26,SKU-0049,96,0,15,30.0
2025-11-02,SKU-0049,48,0,15,30.0
2025-11-09,SKU-0049,185,0,15,30.0
2025-11-16,SKU-0049,131,0,15,30.0
2025-11-23,SKU-0049,104,0,15,30.0
2025-11-30,SKU-0049,71,0,15,30.0
2025-12-07,SKU-0049,42,0,15,30.0
2025-12-14,SKU-0049,153,0,15,30.0
2025-12-21,SKU-0049,116,0,15,30.0
2025-12-28,SKU-0049,66,0,15,30.0
2026-01-04,SKU-0049,144,0,15,30.0
2026-01-11,SKU-0049,114,0,15,30.0
2026-01-18,SKU-0049,87,0,15,30.0
2026-01-25,SKU-0049,63,0,15,30.0
2026-02-01,SKU-0049,37,0,15,30.0
2026-02-08,SKU-0049,128,0,15,30.0
2026-02-15,SKU-0049,102,0,15,30.0
2026-02-22,SKU-0049,67,0,15,30.0
2026-03-01,SKU-0049,36,0,15,30.0
2026-03-08,SKU-0049,99,0,15,30.0
2026-03-15,SKU-0049,71,0,15,30.0
2026-03-22,SKU-0049,51,0,15,30.0
2026-03-29,SKU-0049,39,0,15,30.0
2026-04-05,SKU-0049,95,0,15,30.0
2026-04-12,SKU-0049,71,0,15,30.0
2026-04-19,SKU-0049,52,0,15,30.0
2026-04-26,SKU-0049,39,0,15,30.0
2026-05-03,SKU-0049,90,0,15,30.0
2026-05-10,SKU-0049,71,0,15,30.0
2026-05-17,SKU-0049,46,0,15,30.0
2026-05-24,SKU-0049,21,108,15,30.0
2026-05-31,SKU-0049,2,116,15,30.0
2026-06-07,SKU-0049,0,105,15,30.0
2026-06-14,SKU-0049,0,108,15,30.0
2026-06-21,SKU-0049,77,0,15,30.0
2026-06-28,SKU-0049,42,0,15,30.0
2026-07-05,SKU-0049,16,154,15,30.0
2026-07-12,SKU-0049,0,130,15,30.0
2026-07-19,SKU-0049,0,128,15,30.0
2026-07-26,SKU-0049,97,0,15,30.0
2026-08-02,SKU-0049,72,0,15,30.0
2026-08-09,SKU-0049,52,0,15,30.0
2026-08-16,SKU-0049,37,0,15,30.0
2026-08-23,SKU-0049,73,0,15,30.0
2026-08-30,SKU-0049,44,0,15,30.0
2024-04-21,SKU-0050,4,188,25,60.0
2024-04-28,SKU-0050,104,0,25,60.0
2024-05-05,SKU-0050,67,0,25,60.0
2024-05-12,SKU-0050,136,0,25,60.0
2024-05-19,SKU-0050,104,0,25,60.0
2024-05-26,SKU-0050,49,207,25,60.0
2024-06-02,SKU-0050,151,0,25,60.0
2024-06-09,SKU-0050,90,0,25,60.0
2024-06-16,SKU-0050,46,250,25,60.0
2024-06-23,SKU-0050,0,261,25,60.0
2024-06-30,SKU-0050,0,294,25,60.0
2024-07-07,SKU-0050,203,0,25,60.0
2024-07-14,SKU-0050,163,0,25,60.0
2024-07-21,SKU-0050,115,0,25,60.0
2024-07-28,SKU-0050,68,0,25,60.0
2024-08-04,SKU-0050,154,0,25,60.0
2024-08-11,SKU-0050,116,0,25,60.0
2024-08-18,SKU-0050,57,224,25,60.0
2024-08-25,SKU-0050,14,215,25,60.0
2024-09-01,SKU-0050,144,0,25,60.0
2024-09-08,SKU-0050,102,0,25,60.0
2024-09-15,SKU-0050,47,206,25,60.0
2024-09-22,SKU-0050,4,233,25,60.0
2024-09-29,SKU-0050,228,0,25,60.0
2024-10-06,SKU-0050,176,0,25,60.0
2024-10-13,SKU-0050,110,0,25,60.0
2024-10-20,SKU-0050,197,0,25,60.0
2024-10-27,SKU-0050,129,0,25,60.0
2024-11-03,SKU-0050,58,276,25,60.0
2024-11-10,SKU-0050,0,287,25,60.0
2024-11-17,SKU-0050,0,268,25,60.0
2024-11-24,SKU-0050,143,0,25,60.0
2024-12-01,SKU-0050,106,0,25,60.0
2024-12-08,SKU-0050,64,0,25,60.0
2024-12-15,SKU-0050,184,0,25,60.0
2024-12-22,SKU-0050,126,0,25,60.0
2024-12-29,SKU-0050,263,0,25,60.0
2025-01-05,SKU-0050,221,0,25,60.0
2025-01-12,SKU-0050,190,0,25,60.0
2025-01-19,SKU-0050,162,0,25,60.0
2025-01-26,SKU-0050,140,0,25,60.0
2025-02-02,SKU-0050,110,0,25,60.0
2025-02-09,SKU-0050,67,0,25,60.0
2025-02-16,SKU-0050,163,0,25,60.0
2025-02-23,SKU-0050,132,0,25,60.0
2025-03-02,SKU-0050,84,0,25,60.0
2025-03-09,SKU-0050,60,0,25,60.0
2025-03-16,SKU-0050,22,175,25,60.0
2025-03-23,SKU-0050,0,170,25,60.0
2025-03-30,SKU-0050,0,189,25,60.0
2025-04-06,SKU-0050,123,0,25,60.0
2025-04-13,SKU-0050,80,0,25,60.0
2025-04-20,SKU-0050,153,0,25,60.0
2025-04-27,SKU-0050,123,0,25,60.0
2025-05-04,SKU-0050,77,0,25,60.0
2025-05-11,SKU-0050,196,0,25,60.0
2025-05-18,SKU-0050,148,0,25,60.0
2025-05-25,SKU-0050,107,0,25,60.0
2025-06-01,SKU-0050,58,196,25,60.0
2025-06-08,SKU-0050,26,190,25,60.0
2025-06-15,SKU-0050,191,0,25,60.0
2025-06-22,SKU-0050,83,0,25,60.0
2025-06-29,SKU-0050,191,0,25,60.0
2025-07-06,SKU-0050,148,0,25,60.0
2025-07-13,SKU-0050,92,0,25,60.0
2025-07-20,SKU-0050,49,251,25,60.0
2025-07-27,SKU-0050,157,0,25,60.0
2025-08-03,SKU-0050,100,0,25,60.0
2025-08-10,SKU-0050,59,224,25,60.0
2025-08-17,SKU-0050,221,0,25,60.0
2025-08-24,SKU-0050,174,0,25,60.0
2025-08-31,SKU-0050,130,0,25,60.0
2025-09-07,SKU-0050,75,0,25,60.0
2025-09-14,SKU-0050,132,0,25,60.0
2025-09-21,SKU-0050,74,0,25,60.0
2025-09-28,SKU-0050,179,0,25,60.0
2025-10-05,SKU-0050,115,0,25,60.0
2025-10-12,SKU-0050,231,0,25,60.0
2025-10-19,SKU-0050,155,0,25,60.0
2025-10-26,SKU-0050,93,0,25,60.0
2025-11-02,SKU-0050,284,0,25,60.0
2025-11-09,SKU-0050,210,0,25,60.0
2025-11-16,SKU-0050,160,0,25,60.0
2025-11-23,SKU-0050,129,0,25,60.0
2025-11-30,SKU-0050,92,0,25,60.0
2025-12-07,SKU-0050,208,0,25,60.0
2025-12-14,SKU-0050,174,0,25,60.0
2025-12-21,SKU-0050,124,0,25,60.0
2025-12-28,SKU-0050,74,0,25,60.0
2026-01-04,SKU-0050,223,0,25,60.0
2026-01-11,SKU-0050,186,0,25,60.0
2026-01-18,SKU-0050,161,0,25,60.0
2026-01-25,SKU-0050,126,0,25,60.0
2026-02-01,SKU-0050,94,0,25,60.0
2026-02-08,SKU-0050,65,0,25,60.0
2026-02-15,SKU-0050,154,0,25,60.0
2026-02-22,SKU-0050,108,0,25,60.0
2026-03-01,SKU-0050,77,0,25,60.0
2026-03-08,SKU-0050,37,171,25,60.0
2026-03-15,SKU-0050,0,176,25,60.0
2026-03-22,SKU-0050,157,0,25,60.0
2026-03-29,SKU-0050,106,0,25,60.0
2026-04-05,SKU-0050,67,0,25,60.0
2026-04-12,SKU-0050,34,195,25,60.0
2026-04-19,SKU-0050,139,0,25,60.0
2026-04-26,SKU-0050,95,0,25,60.0
2026-05-03,SKU-0050,187,0,25,60.0
2026-05-10,SKU-0050,144,0,25,60.0
2026-05-17,SKU-0050,97,0,25,60.0
2026-05-24,SKU-0050,262,0,25,60.0
2026-05-31,SKU-0050,213,0,25,60.0
2026-06-07,SKU-0050,169,0,25,60.0
2026-06-14,SKU-0050,127,0,25,60.0
2026-06-21,SKU-0050,49,246,25,60.0
2026-06-28,SKU-0050,221,0,25,60.0
2026-07-05,SKU-0050,179,0,25,60.0
2026-07-12,SKU-0050,134,0,25,60.0
2026-07-19,SKU-0050,71,0,25,60.0
2026-07-26,SKU-0050,168,0,25,60.0
2026-08-02,SKU-0050,120,0,25,60.0
2026-08-09,SKU-0050,63,0,25,60.0
2026-08-16,SKU-0050,208,0,25,60.0
2026-08-23,SKU-0050,144,0,25,60.0
2026-08-30,SKU-0050,94,0,25,60.0
2024-03-10,SKU-0051,200,0,10,58.0
2024-03-17,SKU-0051,159,0,10,58.0
2024-03-24,SKU-0051,99,0,10,58.0
2024-03-31,SKU-0051,61,0,10,58.0
2024-04-07,SKU-0051,181,0,10,58.0
2024-04-14,SKU-0051,152,0,10,58.0
2024-04-21,SKU-0051,114,0,10,58.0
2024-04-28,SKU-0051,60,0,10,58.0
2024-05-05,SKU-0051,21,198,10,58.0
2024-05-12,SKU-0051,182,0,10,58.0
2024-05-19,SKU-0051,129,0,10,58.0
2024-05-26,SKU-0051,83,0,10,58.0
2024-06-02,SKU-0051,207,0,10,58.0
2024-06-09,SKU-0051,133,0,10,58.0
2024-06-16,SKU-0051,53,270,10,58.0
2024-06-23,SKU-0051,336,0,10,58.0
2024-06-30,SKU-0051,240,0,10,58.0
2024-07-07,SKU-0051,186,0,10,58.0
2024-07-14,SKU-0051,120,0,10,58.0
2024-07-21,SKU-0051,69,0,10,58.0
2024-07-28,SKU-0051,214,0,10,58.0
2024-08-04,SKU-0051,156,0,10,58.0
2024-08-11,SKU-0051,101,0,10,58.0
2024-08-18,SKU-0051,284,0,10,58.0
2024-08-25,SKU-0051,228,0,10,58.0
2024-09-01,SKU-0051,176,0,10,58.0
2024-09-08,SKU-0051,118,0,10,58.0
2024-09-15,SKU-0051,65,0,10,58.0
2024-09-22,SKU-0051,5,254,10,58.0
2024-09-29,SKU-0051,0,244,10,58.0
2024-10-06,SKU-0051,133,0,10,58.0
2024-10-13,SKU-0051,66,0,10,58.0
2024-10-20,SKU-0051,0,316,10,58.0
2024-10-27,SKU-0051,0,307,10,58.0
2024-11-03,SKU-0051,183,0,10,58.0
2024-11-10,SKU-0051,121,0,10,58.0
2024-11-17,SKU-0051,64,0,10,58.0
2024-11-24,SKU-0051,8,278,10,58.0
2024-12-01,SKU-0051,155,0,10,58.0
2024-12-08,SKU-0051,111,0,10,58.0
2024-12-15,SKU-0051,58,0,10,58.0
2024-12-22,SKU-0051,0,234,10,58.0
2024-12-29,SKU-0051,0,257,10,58.0
2025-01-05,SKU-0051,173,0,10,58.0
2025-01-12,SKU-0051,138,0,10,58.0
2025-01-19,SKU-0051,85,0,10,58.0
2025-01-26,SKU-0051,143,0,10,58.0
2025-02-02,SKU-0051,99,0,10,58.0
2025-02-09,SKU-0051,63,0,10,58.0
2025-02-16,SKU-0051,125,0,10,58.0
2025-02-23,SKU-0051,85,0,10,58.0
2025-03-02,SKU-0051,34,198,10,58.0
2025-03-09,SKU-0051,186,0,10,58.0
2025-03-16,SKU-0051,145,0,10,58.0
2025-03-23,SKU-0051,112,0,10,58.0
2025-03-30,SKU-0051,174,0,10,58.0
2025-04-06,SKU-0051,110,0,10,58.0
2025-04-13,SKU-0051,62,0,10,58.0
2025-04-20,SKU-0051,154,0,10,58.0
2025-04-27,SKU-0051,93,0,10,58.0
2025-05-04,SKU-0051,174,0,10,58.0
2025-05-11,SKU-0051,120,0,10,58.0
2025-05-18,SKU-0051,67,0,10,58.0
2025-05-25,SKU-0051,262,0,10,58.0
2025-06-01,SKU-0051,189,0,10,58.0
2025-06-08,SKU-0051,133,0,10,58.0
2025-06-15,SKU-0051,292,0,10,58.0
2025-06-22,SKU-0051,205,0,10,58.0
2025-06-29,SKU-0051,91,0,10,58.0
2025-07-06,SKU-0051,29,382,10,58.0
2025-07-13,SKU-0051,222,0,10,58.0
2025-07-20,SKU-0051,162,0,10,58.0
2025-07-27,SKU-0051,91,0,10,58.0
2025-08-03,SKU-0051,33,272,10,58.0
2025-08-10,SKU-0051,0,281,10,58.0
2025-08-17,SKU-0051,160,0,10,58.0
2025-08-24,SKU-0051,108,0,10,58.0
2025-08-31,SKU-0051,54,260,10,58.0
2025-09-07,SKU-0051,0,265,10,58.0
2025-09-14,SKU-0051,0,250,10,58.0
2025-09-21,SKU-0051,216,0,10,58.0
2025-09-28,SKU-0051,170,0,10,58.0
2025-10-05,SKU-0051,86,0,10,58.0
2025-10-12,SKU-0051,0,301,10,58.0
2025-10-19,SKU-0051,0,323,10,58.0
2025-10-26,SKU-0051,0,372,10,58.0
2025-11-02,SKU-0051,0,339,10,58.0
2025-11-09,SKU-0051,0,328,10,58.0
2025-11-16,SKU-0051,0,319,10,58.0
2025-11-23,SKU-0051,0,299,10,58.0
2025-11-30,SKU-0051,180,0,10,58.0
2025-12-07,SKU-0051,142,0,10,58.0
2025-12-14,SKU-0051,105,0,10,58.0
2025-12-21,SKU-0051,34,229,10,58.0
2025-12-28,SKU-0051,0,248,10,58.0
2026-01-04,SKU-0051,153,0,10,58.0
2026-01-11,SKU-0051,113,0,10,58.0
2026-01-18,SKU-0051,80,0,10,58.0
2026-01-25,SKU-0051,189,0,10,58.0
2026-02-01,SKU-0051,156,0,10,58.0
2026-02-08,SKU-0051,109,0,10,58.0
2026-02-15,SKU-0051,78,0,10,58.0
2026-02-22,SKU-0051,31,194,10,58.0
2026-03-01,SKU-0051,197,0,10,58.0
2026-03-08,SKU-0051,147,0,10,58.0
2026-03-15,SKU-0051,96,0,10,58.0
2026-03-22,SKU-0051,53,233,10,58.0
2026-03-29,SKU-0051,212,0,10,58.0
2026-04-05,SKU-0051,148,0,10,58.0
2026-04-12,SKU-0051,92,0,10,58.0
2026-04-19,SKU-0051,35,269,10,58.0
2026-04-26,SKU-0051,212,0,10,58.0
2026-05-03,SKU-0051,169,0,10,58.0
2026-05-10,SKU-0051,110,0,10,58.0
2026-05-17,SKU-0051,280,0,10,58.0
2026-05-24,SKU-0051,213,0,10,58.0
2026-05-31,SKU-0051,153,0,10,58.0
2026-06-07,SKU-0051,97,0,10,58.0
2026-06-14,SKU-0051,287,0,10,58.0
2026-06-21,SKU-0051,181,0,10,58.0
2026-06-28,SKU-0051,89,0,10,58.0
2026-07-05,SKU-0051,208,0,10,58.0
2026-07-12,SKU-0051,153,0,10,58.0
2026-07-19,SKU-0051,103,0,10,58.0
2026-07-26,SKU-0051,187,0,10,58.0
2026-08-02,SKU-0051,138,0,10,58.0
2026-08-09,SKU-0051,82,0,10,58.0
2026-08-16,SKU-0051,237,0,10,58.0
2026-08-23,SKU-0051,186,0,10,58.0
2026-08-30,SKU-0051,141,0,10,58.0
2024-11-10,SKU-0052,100,0,27,72.0
2024-11-17,SKU-0052,21,209,27,72.0
2024-11-24,SKU-0052,124,0,27,72.0
2024-12-01,SKU-0052,67,244,27,72.0
2024-12-08,SKU-0052,182,0,27,72.0
2024-12-15,SKU-0052,122,0,27,72.0
2024-12-22,SKU-0052,246,0,27,72.0
2024-12-29,SKU-0052,163,0,27,72.0
2025-01-05,SKU-0052,87,0,27,72.0
2025-01-12,SKU-0052,326,0,27,72.0
2025-01-19,SKU-0052,274,0,27,72.0
2025-01-26,SKU-0052,195,0,27,72.0
2025-02-02,SKU-0052,138,0,27,72.0
2025-02-09,SKU-0052,90,0,27,72.0
2025-02-16,SKU-0052,167,0,27,72.0
2025-02-23,SKU-0052,106,0,27,72.0
2025-03-02,SKU-0052,39,271,27,
2025-03-09,SKU-0052,0,277,27,72.0
2025-03-16,SKU-0052,247,0,27,72.0
2025-03-23,SKU-0052,203,0,27,72.0
2025-03-30,SKU-0052,161,0,27,72.0
2025-04-06,SKU-0052,120,0,27,72.0
2025-04-13,SKU-0052,247,0,27,72.0
2025-04-20,SKU-0052,193,0,27,72.0
2025-04-27,SKU-0052,148,0,27,72.0
2025-05-04,SKU-0052,95,0,27,72.0
2025-05-11,SKU-0052,46,240,27,72.0
2025-05-18,SKU-0052,138,0,27,72.0
2025-05-25,SKU-0052,95,0,27,72.0
2025-06-01,SKU-0052,180,0,27,72.0
2025-06-08,SKU-0052,133,0,27,72.0
2025-06-15,SKU-0052,85,0,27,72.0
2025-06-22,SKU-0052,185,0,27,72.0
2025-06-29,SKU-0052,117,0,27,72.0
2025-07-06,SKU-0052,77,0,27,72.0
2025-07-13,SKU-0052,245,0,27,72.0
2025-07-20,SKU-0052,212,0,27,72.0
2025-07-27,SKU-0052,177,0,27,72.0
2025-08-03,SKU-0052,135,0,27,72.0
2025-08-10,SKU-0052,95,0,27,72.0
2025-08-17,SKU-0052,169,0,27,72.0
2025-08-24,SKU-0052,137,0,27,72.0
2025-08-31,SKU-0052,97,0,27,72.0
2025-09-07,SKU-0052,56,166,27,72.0
2025-09-14,SKU-0052,18,181,27,72.0
2025-09-21,SKU-0052,171,0,27,72.0
2025-09-28,SKU-0052,140,0,27,72.0
2025-10-05,SKU-0052,90,0,27,72.0
2025-10-12,SKU-0052,224,0,27,72.0
2025-10-19,SKU-0052,145,0,27,72.0
2025-10-26,SKU-0052,87,0,27,72.0
2025-11-02,SKU-0052,10,287,27,72.0
2025-11-09,SKU-0052,302,0,27,72.0
2025-11-16,SKU-0052,247,0,27,72.0
2025-11-23,SKU-0052,202,0,27,72.0
2025-11-30,SKU-0052,160,0,27,72.0
2025-12-07,SKU-0052,114,0,27,72.0
2025-12-14,SKU-0052,58,219,27,72.0
2025-12-21,SKU-0052,172,0,27,72.0
2025-12-28,SKU-0052,86,0,27,72.0
2026-01-04,SKU-0052,20,305,27,72.0
2026-01-11,SKU-0052,311,0,27,72.0
2026-01-18,SKU-0052,254,0,27,72.0
2026-01-25,SKU-0052,206,0,27,72.0
2026-02-01,SKU-0052,150,0,27,72.0
2026-02-08,SKU-0052,99,0,27,
2026-02-15,SKU-0052,39,250,27,72.0
2026-02-22,SKU-0052,207,0,27,72.0
2026-03-01,SKU-0052,149,0,27,72.0
2026-03-08,SKU-0052,101,0,27,72.0
2026-03-15,SKU-0052,52,224,27,72.0
2026-03-22,SKU-0052,0,245,27,72.0
2026-03-29,SKU-0052,0,212,27,72.0
2026-04-05,SKU-0052,220,0,27,72.0
2026-04-12,SKU-0052,171,0,27,72.0
2026-04-19,SKU-0052,118,0,27,72.0
2026-04-26,SKU-0052,62,253,27,72.0
2026-05-03,SKU-0052,19,231,27,72.0
2026-05-10,SKU-0052,0,213,27,72.0
2026-05-17,SKU-0052,120,0,27,72.0
2026-05-24,SKU-0052,76,0,27,72.0
2026-05-31,SKU-0052,150,0,27,72.0
2026-06-07,SKU-0052,122,0,27,72.0
2026-06-14,SKU-0052,82,0,27,72.0
2026-06-21,SKU-0052,35,188,27,72.0
2026-06-28,SKU-0052,140,0,27,72.0
2026-07-05,SKU-0052,88,0,27,72.0
2026-07-12,SKU-0052,46,214,27,72.0
2026-07-19,SKU-0052,171,0,27,72.0
2026-07-26,SKU-0052,129,0,27,72.0
2026-08-02,SKU-0052,112,0,27,72.0
2026-08-09,SKU-0052,86,0,27,72.0
2026-08-16,SKU-0052,45,165,27,72.0
2026-08-23,SKU-0052,153,0,27,72.0
2026-08-30,SKU-0052,115,0,27,72.0
2024-05-26,SKU-0053,91,0,14,74.0
2024-06-02,SKU-0053,230,0,14,74.0
2024-06-09,SKU-0053,187,0,14,74.0
2024-06-16,SKU-0053,122,0,14,74.0
2024-06-23,SKU-0053,195,0,14,74.0
2024-06-30,SKU-0053,91,0,14,74.0
2024-07-07,SKU-0053,298,0,14,74.0
2024-07-14,SKU-0053,234,0,14,74.0
2024-07-21,SKU-0053,172,0,14,74.0
2024-07-28,SKU-0053,105,0,14,74.0
2024-08-04,SKU-0053,36,292,14,74.0
2024-08-11,SKU-0053,0,308,14,74.0
2024-08-18,SKU-0053,0,324,14,74.0
2024-08-25,SKU-0053,267,0,14,74.0
2024-09-01,SKU-0053,182,0,14,74.0
2024-09-08,SKU-0053,113,0,14,74.0
2024-09-15,SKU-0053,25,342,14,74.0
2024-09-22,SKU-0053,290,0,14,74.0
2024-09-29,SKU-0053,217,0,14,74.0
2024-10-06,SKU-0053,111,0,14,74.0
2024-10-13,SKU-0053,374,0,14,74.0
2024-10-20,SKU-0053,253,0,14,74.0
2024-10-27,SKU-0053,114,0,14,74.0
2024-11-03,SKU-0053,5,530,14,74.0
2024-11-10,SKU-0053,423,0,14,74.0
2024-11-17,SKU-0053,314,0,14,74.0
2024-11-24,SKU-0053,225,0,14,74.0
2024-12-01,SKU-0053,163,0,14,74.0
2024-12-08,SKU-0053,105,0,14,74.0
2024-12-15,SKU-0053,32,323,14,74.0
2024-12-22,SKU-0053,170,0,14,74.0
2024-12-29,SKU-0053,53,403,14,74.0
2025-01-05,SKU-0053,300,0,14,74.0
2025-01-12,SKU-0053,242,0,14,74.0
2025-01-19,SKU-0053,178,0,14,74.0
2025-01-26,SKU-0053,100,0,14,74.0
2025-02-02,SKU-0053,36,291,14,74.0
2025-02-09,SKU-0053,0,298,14,74.0
2025-02-16,SKU-0053,264,0,14,74.0
2025-02-23,SKU-0053,199,0,14,74.0
2025-03-02,SKU-0053,152,0,14,74.0
2025-03-09,SKU-0053,100,0,14,74.0
2025-03-16,SKU-0053,238,0,14,74.0
2025-03-23,SKU-0053,175,0,14,74.0
2025-03-30,SKU-0053,117,0,14,74.0
2025-04-06,SKU-0053,56,267,14,74.0
2025-04-13,SKU-0053,183,0,14,74.0
2025-04-20,SKU-0053,116,0,14,74.0
2025-04-27,SKU-0053,287,0,14,74.0
2025-05-04,SKU-0053,217,0,14,74.0
2025-05-11,SKU-0053,156,0,14,74.0
2025-05-18,SKU-0053,87,0,14,74.0
2025-05-25,SKU-0053,25,308,14,74.0
2025-06-01,SKU-0053,222,0,14,74.0
2025-06-08,SKU-0053,158,0,14,74.0
2025-06-15,SKU-0053,91,0,14,74.0
2025-06-22,SKU-0053,243,0,14,74.0
2025-06-29,SKU-0053,144,0,14,74.0
2025-07-06,SKU-0053,84,0,14,74.0
2025-07-13,SKU-0053,219,0,14,74.0
2025-07-20,SKU-0053,146,0,14,74.0
2025-07-27,SKU-0053,80,0,14,74.0
2025-08-03,SKU-0053,3,321,14,74.0
2025-08-10,SKU-0053,324,0,14,74.0
2025-08-17,SKU-0053,242,0,14,74.0
2025-08-24,SKU-0053,156,0,14,74.0
2025-08-31,SKU-0053,368,0,14,74.0
2025-09-07,SKU-0053,284,0,14,74.0
2025-09-14,SKU-0053,194,0,14,74.0
2025-09-21,SKU-0053,109,0,14,74.0
2025-09-28,SKU-0053,315,0,14,74.0
2025-10-05,SKU-0053,166,0,14,74.0
2025-10-12,SKU-0053,364,0,14,74.0
2025-10-19,SKU-0053,220,0,14,74.0
2025-10-26,SKU-0053,87,0,14,74.0
2025-11-02,SKU-0053,425,0,14,74.0
2025-11-09,SKU-0053,429,0,14,74.0
2025-11-16,SKU-0053,427,0,14,74.0
2025-11-23,SKU-0053,433,0,14,74.0
2025-11-30,SKU-0053,430,0,14,74.0
2025-12-07,SKU-0053,429,0,14,74.0
2025-12-14,SKU-0053,428,0,14,74.0
2025-12-21,SKU-0053,423,0,14,74.0
2025-12-28,SKU-0053,425,0,14,74.0
2026-01-04,SKU-0053,423,0,14,74.0
2026-01-11,SKU-0053,420,0,14,74.0
2026-01-18,SKU-0053,416,0,14,74.0
2026-01-25,SKU-0053,418,0,14,74.0
2026-02-01,SKU-0053,423,0,14,74.0
2026-02-08,SKU-0053,425,0,14,74.0
2026-02-15,SKU-0053,423,0,14,74.0
2026-02-22,SKU-0053,427,0,14,74.0
2026-03-01,SKU-0053,424,0,14,74.0
2026-03-08,SKU-0053,420,0,14,74.0
2026-03-15,SKU-0053,420,0,14,74.0
2026-03-22,SKU-0053,415,0,14,74.0
2026-03-29,SKU-0053,410,0,14,74.0
2026-04-05,SKU-0053,413,0,14,74.0
2026-04-12,SKU-0053,410,0,14,74.0
2026-04-19,SKU-0053,413,0,14,74.0
2026-04-26,SKU-0053,415,0,14,74.0
2026-05-03,SKU-0053,418,0,14,74.0
2026-05-10,SKU-0053,419,0,14,74.0
2026-05-17,SKU-0053,424,0,14,74.0
2026-05-24,SKU-0053,424,0,14,74.0
2026-05-31,SKU-0053,424,0,14,74.0
2026-06-07,SKU-0053,422,0,14,74.0
2026-06-14,SKU-0053,416,0,14,74.0
2026-06-21,SKU-0053,420,0,14,74.0
2026-06-28,SKU-0053,416,0,14,74.0
2026-07-05,SKU-0053,411,0,14,74.0
2026-07-12,SKU-0053,411,0,14,74.0
2026-07-19,SKU-0053,413,0,14,74.0
2026-07-26,SKU-0053,417,0,14,74.0
2026-08-02,SKU-0053,409,0,14,74.0
2026-08-09,SKU-0053,413,0,14,74.0
2026-08-16,SKU-0053,410,0,14,74.0
2026-08-23,SKU-0053,412,0,14,74.0
2026-08-30,SKU-0053,410,0,14,74.0
2024-06-09,SKU-0054,129,0,24,39.0
2024-06-16,SKU-0054,105,0,24,39.0
2024-06-23,SKU-0054,76,0,24,39.0
2024-06-30,SKU-0054,45,0,24,39.0
2024-07-07,SKU-0054,165,0,24,39.0
2024-07-14,SKU-0054,150,0,24,39.0
2024-07-21,SKU-0054,127,0,24,39.0
2024-07-28,SKU-0054,104,0,24,39.0
2024-08-04,SKU-0054,81,0,24,39.0
2024-08-11,SKU-0054,68,0,24,39.0
2024-08-18,SKU-0054,48,0,24,39.0
2024-08-25,SKU-0054,118,0,24,39.0
2024-09-01,SKU-0054,109,0,24,39.0
2024-09-08,SKU-0054,88,0,24,39.0
2024-09-15,SKU-0054,74,0,24,39.0
2024-09-22,SKU-0054,57,0,24,39.0
2024-09-29,SKU-0054,42,0,24,39.0
2024-10-06,SKU-0054,85,0,24,39.0
2024-10-13,SKU-0054,50,0,24,39.0
2024-10-20,SKU-0054,102,0,24,39.0
2024-10-27,SKU-0054,77,0,24,39.0
2024-11-03,SKU-0054,59,0,24,39.0
2024-11-10,SKU-0054,43,0,24,39.0
2024-11-17,SKU-0054,33,122,24,39.0
2024-11-24,SKU-0054,91,0,24,39.0
2024-12-01,SKU-0054,83,0,24,39.0
2024-12-08,SKU-0054,74,0,24,39.0
2024-12-15,SKU-0054,56,0,24,39.0
2024-12-22,SKU-0054,20,92,24,39.0
2024-12-29,SKU-0054,0,127,24,39.0
2025-01-05,SKU-0054,97,0,24,39.0
2025-01-12,SKU-0054,84,0,24,39.0
2025-01-19,SKU-0054,75,0,24,39.0
2025-01-26,SKU-0054,62,0,24,39.0
2025-02-02,SKU-0054,52,0,24,39.0
2025-02-09,SKU-0054,40,0,24,39.0
2025-02-16,SKU-0054,109,0,24,39.0
2025-02-23,SKU-0054,88,0,24,39.0
2025-03-02,SKU-0054,73,0,24,39.0
2025-03-09,SKU-0054,53,0,24,39.0
2025-03-16,SKU-0054,42,0,24,39.0
2025-03-23,SKU-0054,110,0,24,39.0
2025-03-30,SKU-0054,100,0,24,39.0
2025-04-06,SKU-0054,86,0,24,39.0
2025-04-13,SKU-0054,70,0,24,39.0
2025-04-20,SKU-0054,49,0,24,39.0
2025-04-27,SKU-0054,26,112,24,39.0
2025-05-04,SKU-0054,11,116,24,39.0
2025-05-11,SKU-0054,0,97,24,39.0
2025-05-18,SKU-0054,64,0,24,39.0
2025-05-25,SKU-0054,42,0,24,39.0
2025-06-01,SKU-0054,107,0,24,39.0
2025-06-08,SKU-0054,85,0,24,39.0
2025-06-15,SKU-0054,61,0,24,39.0
2025-06-22,SKU-0054,120,0,24,39.0
2025-06-29,SKU-0054,93,0,24,39.0
2025-07-06,SKU-0054,76,0,24,39.0
2025-07-13,SKU-0054,53,0,24,39.0
2025-07-20,SKU-0054,123,0,24,39.0
2025-07-27,SKU-0054,98,0,24,39.0
2025-08-03,SKU-0054,78,0,24,39.0
2025-08-10,SKU-0054,56,0,24,39.0
2025-08-17,SKU-0054,42,0,24,39.0
2025-08-24,SKU-0054,74,0,24,39.0
2025-08-31,SKU-0054,46,0,24,39.0
2025-09-07,SKU-0054,108,0,24,39.0
2025-09-14,SKU-0054,81,0,24,39.0
2025-09-21,SKU-0054,61,0,24,39.0
2025-09-28,SKU-0054,48,0,24,39.0
2025-10-05,SKU-0054,108,0,24,39.0
2025-10-12,SKU-0054,81,0,24,39.0
2025-10-19,SKU-0054,55,0,24,39.0
2025-10-26,SKU-0054,99,0,24,39.0
2025-11-02,SKU-0054,80,0,24,39.0
2025-11-09,SKU-0054,54,0,24,39.0
2025-11-16,SKU-0054,35,118,24,39.0
2025-11-23,SKU-0054,117,0,24,39.0
2025-11-30,SKU-0054,116,0,24,39.0
2025-12-07,SKU-0054,107,0,24,39.0
2025-12-14,SKU-0054,90,0,24,39.0
2025-12-21,SKU-0054,76,0,24,39.0
2025-12-28,SKU-0054,62,0,24,39.0
2026-01-04,SKU-0054,51,0,24,39.0
2026-01-11,SKU-0054,88,0,24,39.0
2026-01-18,SKU-0054,82,0,24,39.0
2026-01-25,SKU-0054,69,0,24,39.0
2026-02-01,SKU-0054,55,0,24,39.0
2026-02-08,SKU-0054,47,0,24,39.0
2026-02-15,SKU-0054,79,0,24,39.0
2026-02-22,SKU-0054,63,0,24,39.0
2026-03-01,SKU-0054,32,113,24,39.0
2026-03-08,SKU-0054,8,108,24,39.0
2026-03-15,SKU-0054,58,0,24,39.0
2026-03-22,SKU-0054,43,0,24,39.0
2026-03-29,SKU-0054,36,108,24,39.0
2026-04-05,SKU-0054,76,0,24,39.0
2026-04-12,SKU-0054,61,0,24,39.0
2026-04-19,SKU-0054,38,88,24,39.0
2026-04-26,SKU-0054,30,79,24,39.0
2026-05-03,SKU-0054,21,105,24,39.0
2026-05-10,SKU-0054,0,95,24,39.0
2026-05-17,SKU-0054,68,0,24,39.0
2026-05-24,SKU-0054,45,0,24,39.0
2026-05-31,SKU-0054,107,0,24,39.0
2026-06-07,SKU-0054,82,0,24,39.0
2026-06-14,SKU-0054,60,0,24,39.0
2026-06-21,SKU-0054,154,0,24,39.0
2026-06-28,SKU-0054,114,0,24,39.0
2026-07-05,SKU-0054,88,0,24,39.0
2026-07-12,SKU-0054,68,0,24,39.0
2026-07-19,SKU-0054,51,0,24,39.0
2026-07-26,SKU-0054,113,0,24,39.0
2026-08-02,SKU-0054,94,0,24,39.0
2026-08-09,SKU-0054,75,0,24,39.0
2026-08-16,SKU-0054,51,0,24,39.0
2026-08-23,SKU-0054,128,0,24,39.0
2026-08-30,SKU-0054,112,0,24,39.0
2024-01-14,SKU-0055,131,0,18,38.0
2024-01-21,SKU-0055,298,0,18,38.0
2024-01-28,SKU-0055,148,0,18,38.0
2024-02-04,SKU-0055,403,0,18,38.0
2024-02-11,SKU-0055,253,0,18,38.0
2024-02-18,SKU-0055,105,0,18,38.0
2024-02-25,SKU-0055,0,591,18,38.0
2024-03-03,SKU-0055,0,585,18,38.0
2024-03-10,SKU-0055,0,558,18,38.0
2024-03-17,SKU-0055,506,0,18,38.0
2024-03-24,SKU-0055,410,0,18,38.0
2024-03-31,SKU-0055,285,0,18,38.0
2024-04-07,SKU-0055,165,0,18,38.0
2024-04-14,SKU-0055,55,0,18,38.0
2024-04-21,SKU-0055,0,500,18,38.0
2024-04-28,SKU-0055,356,0,18,38.0
2024-05-05,SKU-0055,238,0,18,38.0
2024-05-12,SKU-0055,137,0,18,38.0
2024-05-19,SKU-0055,454,0,18,38.0
2024-05-26,SKU-0055,369,0,18,38.0
2024-06-02,SKU-0055,272,0,18,38.0
2024-06-09,SKU-0055,176,0,18,38.0
2024-06-16,SKU-0055,61,0,18,38.0
2024-06-23,SKU-0055,428,0,18,38.0
2024-06-30,SKU-0055,292,0,18,38.0
2024-07-07,SKU-0055,195,0,18,38.0
2024-07-14,SKU-0055,98,0,18,38.0
2024-07-21,SKU-0055,6,467,18,38.0
2024-07-28,SKU-0055,293,0,18,38.0
2024-08-04,SKU-0055,186,0,18,38.0
2024-08-11,SKU-0055,93,0,18,38.0
2024-08-18,SKU-0055,0,438,18,38.0
2024-08-25,SKU-0055,452,0,18,38.0
2024-09-01,SKU-0055,350,0,18,38.0
2024-09-08,SKU-0055,240,0,18,38.0
2024-09-15,SKU-0055,144,0,18,38.0
2024-09-22,SKU-0055,40,0,18,38.0
2024-09-29,SKU-0055,458,0,18,38.0
2024-10-06,SKU-0055,280,0,18,38.0
2024-10-13,SKU-0055,106,0,18,38.0
2024-10-20,SKU-0055,530,0,18,38.0
2024-10-27,SKU-0055,319,0,18,38.0
2024-11-03,SKU-0055,98,0,18,38.0
2024-11-10,SKU-0055,0,821,18,38.0
2024-11-17,SKU-0055,616,0,18,38.0
2024-11-24,SKU-0055,462,0,18,38.0
2024-12-01,SKU-0055,336,0,18,38.0
2024-12-08,SKU-0055,205,0,18,38.0
2024-12-15,SKU-0055,42,0,18,38.0
2024-12-22,SKU-0055,0,640,18,38.0
2024-12-29,SKU-0055,0,744,18,38.0
2025-01-05,SKU-0055,565,0,18,38.0
2025-01-12,SKU-0055,429,0,18,38.0
2025-01-19,SKU-0055,286,0,18,38.0
2025-01-26,SKU-0055,132,0,18,38.0
2025-02-02,SKU-0055,365,0,18,38.0
2025-02-09,SKU-0055,213,0,18,38.0
2025-02-16,SKU-0055,61,0,18,38.0
2025-02-23,SKU-0055,414,0,18,38.0
2025-03-02,SKU-0055,280,0,18,38.0
2025-03-09,SKU-0055,135,0,18,38.0
2025-03-16,SKU-0055,532,0,18,38.0
2025-03-23,SKU-0055,408,0,18,38.0
2025-03-30,SKU-0055,288,0,18,38.0
2025-04-06,SKU-0055,155,0,18,38.0
2025-04-13,SKU-0055,417,0,18,38.0
2025-04-20,SKU-0055,311,0,18,38.0
2025-04-27,SKU-0055,173,0,18,38.0
2025-05-04,SKU-0055,69,0,18,38.0
2025-05-11,SKU-0055,0,494,18,38.0
2025-05-18,SKU-0055,449,0,18,38.0
2025-05-25,SKU-0055,337,0,18,38.0
2025-06-01,SKU-0055,229,0,18,38.0
2025-06-08,SKU-0055,106,0,18,38.0
2025-06-15,SKU-0055,397,0,18,38.0
2025-06-22,SKU-0055,225,0,18,38.0
2025-06-29,SKU-0055,57,0,18,38.0
2025-07-06,SKU-0055,598,0,18,38.0
2025-07-13,SKU-0055,508,0,18,38.0
2025-07-20,SKU-0055,408,0,18,38.0
2025-07-27,SKU-0055,301,0,18,38.0
2025-08-03,SKU-0055,190,0,18,38.0
2025-08-10,SKU-0055,81,0,18,38.0
2025-08-17,SKU-0055,304,0,18,38.0
2025-08-24,SKU-0055,201,0,18,38.0
2025-08-31,SKU-0055,101,0,18,38.0
2025-09-07,SKU-0055,410,0,18,38.0
2025-09-14,SKU-0055,301,0,18,38.0
2025-09-21,SKU-0055,184,0,18,38.0
2025-09-28,SKU-0055,51,0,18,38.0
2025-10-05,SKU-0055,0,584,18,38.0
2025-10-12,SKU-0055,0,672,18,38.0
2025-10-19,SKU-0055,0,766,18,38.0
2025-10-26,SKU-0055,614,0,18,38.0
2025-11-02,SKU-0055,407,0,18,38.0
2025-11-09,SKU-0055,207,0,18,38.0
2025-11-16,SKU-0055,10,850,18,38.0
2025-11-23,SKU-0055,0,769,18,38.0
2025-11-30,SKU-0055,642,0,18,38.0
2025-12-07,SKU-0055,498,0,18,38.0
2025-12-14,SKU-0055,351,0,18,38.0
2025-12-21,SKU-0055,123,0,18,38.0
2025-12-28,SKU-0055,0,753,18,38.0
2026-01-04,SKU-0055,503,0,18,38.0
2026-01-11,SKU-0055,373,0,18,38.0
2026-01-18,SKU-0055,229,0,18,38.0
2026-01-25,SKU-0055,69,0,18,38.0
2026-02-01,SKU-0055,531,0,18,38.0
2026-02-08,SKU-0055,389,0,18,38.0
2026-02-15,SKU-0055,222,0,18,38.0
2026-02-22,SKU-0055,67,0,18,38.0
2026-03-01,SKU-0055,351,0,18,38.0
2026-03-08,SKU-0055,218,0,18,38.0
2026-03-15,SKU-0055,83,0,18,38.0
2026-03-22,SKU-0055,533,0,18,38.0
2026-03-29,SKU-0055,395,0,18,38.0
2026-04-05,SKU-0055,271,0,18,38.0
2026-04-12,SKU-0055,156,0,18,38.0
2026-04-19,SKU-0055,42,0,18,38.0
2026-04-26,SKU-0055,0,505,18,38.0
2026-05-03,SKU-0055,0,502,18,38.0
2026-05-10,SKU-0055,251,0,18,38.0
2026-05-17,SKU-0055,121,0,18,38.0
2026-05-24,SKU-0055,0,516,18,38.0
2026-05-31,SKU-0055,305,0,18,38.0
2026-06-07,SKU-0055,174,0,18,38.0
2026-06-14,SKU-0055,77,0,18,38.0
2026-06-21,SKU-0055,546,0,18,38.0
2026-06-28,SKU-0055,367,0,18,38.0
2026-07-05,SKU-0055,262,0,18,
2026-07-12,SKU-0055,153,0,18,38.0
2026-07-19,SKU-0055,472,0,18,38.0
2026-07-26,SKU-0055,360,0,18,38.0
2026-08-02,SKU-0055,277,0,18,38.0
2026-08-09,SKU-0055,196,0,18,38.0
2026-08-16,SKU-0055,99,0,18,38.0
2026-08-23,SKU-0055,0,417,18,38.0
2026-08-30,SKU-0055,251,0,18,38.0
2024-12-15,SKU-0056,80,0,24,71.0
2024-12-22,SKU-0056,5,214,24,71.0
2024-12-29,SKU-0056,197,0,24,71.0
2025-01-05,SKU-0056,135,0,24,71.0
2025-01-12,SKU-0056,85,0,24,71.0
2025-01-19,SKU-0056,223,0,24,71.0
2025-01-26,SKU-0056,166,0,24,71.0
2025-02-02,SKU-0056,121,0,24,71.0
2025-02-09,SKU-0056,74,0,24,71.0
2025-02-16,SKU-0056,162,0,24,71.0
2025-02-23,SKU-0056,117,0,24,71.0
2025-03-02,SKU-0056,61,203,24,71.0
2025-03-09,SKU-0056,198,0,24,71.0
2025-03-16,SKU-0056,143,0,24,71.0
2025-03-23,SKU-0056,104,0,24,71.0
2025-03-30,SKU-0056,185,0,24,71.0
2025-04-06,SKU-0056,135,0,24,71.0
2025-04-13,SKU-0056,96,0,24,71.0
2025-04-20,SKU-0056,217,0,24,71.0
2025-04-27,SKU-0056,141,0,24,71.0
2025-05-04,SKU-0056,103,0,24,71.0
2025-05-11,SKU-0056,53,258,24,71.0
2025-05-18,SKU-0056,203,0,24,71.0
2025-05-25,SKU-0056,166,0,24,71.0
2025-06-01,SKU-0056,134,0,24,71.0
2025-06-08,SKU-0056,105,0,24,71.0
2025-06-15,SKU-0056,59,181,24,71.0
2025-06-22,SKU-0056,115,0,24,71.0
2025-06-29,SKU-0056,252,0,24,71.0
2025-07-06,SKU-0056,221,0,24,71.0
2025-07-13,SKU-0056,185,0,24,71.0
2025-07-20,SKU-0056,144,0,24,71.0
2025-07-27,SKU-0056,102,0,24,71.0
2025-08-03,SKU-0056,65,196,24,71.0
2025-08-10,SKU-0056,167,0,24,71.0
2025-08-17,SKU-0056,144,0,24,71.0
2025-08-24,SKU-0056,111,0,24,71.0
2025-08-31,SKU-0056,73,0,24,71.0
2025-09-07,SKU-0056,174,0,24,71.0
2025-09-14,SKU-0056,135,0,24,71.0
2025-09-21,SKU-0056,101,0,24,71.0
2025-09-28,SKU-0056,55,171,24,71.0
2025-10-05,SKU-0056,177,0,24,71.0
2025-10-12,SKU-0056,118,0,24,71.0
2025-10-19,SKU-0056,294,0,24,71.0
2025-10-26,SKU-0056,231,0,24,71.0
2025-11-02,SKU-0056,142,0,24,71.0
2025-11-09,SKU-0056,269,0,24,71.0
2025-11-16,SKU-0056,188,0,24,71.0
2025-11-23,SKU-0056,122,0,24,71.0
2025-11-30,SKU-0056,319,0,24,71.0
2025-12-07,SKU-0056,267,0,24,71.0
2025-12-14,SKU-0056,225,0,24,71.0
2025-12-21,SKU-0056,149,0,24,71.0
2025-12-28,SKU-0056,91,0,24,71.0
2026-01-04,SKU-0056,35,279,24,71.0
2026-01-11,SKU-0056,146,0,24,71.0
2026-01-18,SKU-0056,76,0,24,71.0
2026-01-25,SKU-0056,273,0,24,71.0
2026-02-01,SKU-0056,213,0,24,71.0
2026-02-08,SKU-0056,159,0,24,71.0
2026-02-15,SKU-0056,110,0,24,71.0
2026-02-22,SKU-0056,66,246,24,71.0
2026-03-01,SKU-0056,158,0,24,71.0
2026-03-08,SKU-0056,81,0,24,71.0
2026-03-15,SKU-0056,229,0,24,71.0
2026-03-22,SKU-0056,164,0,24,71.0
2026-03-29,SKU-0056,105,0,24,71.0
2026-04-05,SKU-0056,73,0,24,71.0
2026-04-12,SKU-0056,219,0,24,71.0
2026-04-19,SKU-0056,184,0,24,71.0
2026-04-26,SKU-0056,131,0,24,71.0
2026-05-03,SKU-0056,85,0,24,71.0
2026-05-10,SKU-0056,233,0,24,71.0
2026-05-17,SKU-0056,198,0,24,71.0
2026-05-24,SKU-0056,150,0,24,71.0
2026-05-31,SKU-0056,110,0,24,71.0
2026-06-07,SKU-0056,67,210,24,71.0
2026-06-14,SKU-0056,208,0,24,71.0
2026-06-21,SKU-0056,157,0,24,71.0
2026-06-28,SKU-0056,91,0,24,71.0
2026-07-05,SKU-0056,50,261,24,71.0
2026-07-12,SKU-0056,11,230,24,71.0
2026-07-19,SKU-0056,0,226,24,71.0
2026-07-26,SKU-0056,0,205,24,71.0
2026-08-02,SKU-0056,0,192,24,71.0
2026-08-09,SKU-0056,0,198,24,71.0
2026-08-16,SKU-0056,195,0,24,71.0
2026-08-23,SKU-0056,150,0,24,71.0
2026-08-30,SKU-0056,111,0,24,71.0
2024-04-28,SKU-0057,128,0,23,69.0
2024-05-05,SKU-0057,77,0,23,69.0
2024-05-12,SKU-0057,126,0,23,69.0
2024-05-19,SKU-0057,85,0,23,69.0
2024-05-26,SKU-0057,35,241,23,69.0
2024-06-02,SKU-0057,218,0,23,69.0
2024-06-09,SKU-0057,154,0,23,69.0
2024-06-16,SKU-0057,99,0,23,69.0
2024-06-23,SKU-0057,14,296,23,69.0
2024-06-30,SKU-0057,261,0,23,69.0
2024-07-07,SKU-0057,229,0,23,69.0
2024-07-14,SKU-0057,172,0,23,69.0
2024-07-21,SKU-0057,121,0,23,69.0
2024-07-28,SKU-0057,89,0,23,69.0
2024-08-04,SKU-0057,49,198,23,69.0
2024-08-11,SKU-0057,21,173,23,69.0
2024-08-18,SKU-0057,90,0,23,69.0
2024-08-25,SKU-0057,49,169,23,69.0
2024-09-01,SKU-0057,186,0,23,69.0
2024-09-08,SKU-0057,143,0,23,69.0
2024-09-15,SKU-0057,107,0,23,69.0
2024-09-22,SKU-0057,60,174,23,69.0
2024-09-29,SKU-0057,178,0,23,69.0
2024-10-06,SKU-0057,122,0,23,69.0
2024-10-13,SKU-0057,190,0,23,69.0
2024-10-20,SKU-0057,109,0,23,69.0
2024-10-27,SKU-0057,26,346,23,69.0
2024-11-03,SKU-0057,0,353,23,69.0
2024-11-10,SKU-0057,294,0,23,69.0
2024-11-17,SKU-0057,217,0,23,69.0
2024-11-24,SKU-0057,177,0,23,69.0
2024-12-01,SKU-0057,105,0,23,69.0
2024-12-08,SKU-0057,215,0,23,69.0
2024-12-15,SKU-0057,157,0,23,69.0
2024-12-22,SKU-0057,105,0,23,69.0
2024-12-29,SKU-0057,148,0,23,69.0
2025-01-05,SKU-0057,92,0,23,69.0
2025-01-12,SKU-0057,280,0,23,69.0
2025-01-19,SKU-0057,222,0,23,69.0
2025-01-26,SKU-0057,145,0,23,69.0
2025-02-02,SKU-0057,80,0,23,69.0
2025-02-09,SKU-0057,276,0,23,69.0
2025-02-16,SKU-0057,221,0,23,69.0
2025-02-23,SKU-0057,159,0,23,69.0
2025-03-02,SKU-0057,90,0,23,69.0
2025-03-09,SKU-0057,297,0,23,69.0
2025-03-16,SKU-0057,245,0,23,69.0
2025-03-23,SKU-0057,185,0,23,69.0
2025-03-30,SKU-0057,119,0,23,69.0
2025-04-06,SKU-0057,276,0,23,69.0
2025-04-13,SKU-0057,225,0,23,69.0
2025-04-20,SKU-0057,162,0,23,69.0
2025-04-27,SKU-0057,111,0,23,69.0
2025-05-04,SKU-0057,252,0,23,69.0
2025-05-11,SKU-0057,204,0,23,69.0
2025-05-18,SKU-0057,162,0,23,69.0
2025-05-25,SKU-0057,108,0,23,69.0
2025-06-01,SKU-0057,66,215,23,69.0
2025-06-08,SKU-0057,8,218,23,69.0
2025-06-15,SKU-0057,0,222,23,69.0
2025-06-22,SKU-0057,184,0,23,69.0
2025-06-29,SKU-0057,130,0,23,69.0
2025-07-06,SKU-0057,75,0,23,69.0
2025-07-13,SKU-0057,32,228,23,69.0
2025-07-20,SKU-0057,0,225,23,69.0
2025-07-27,SKU-0057,0,212,23,69.0
2025-08-03,SKU-0057,141,0,23,69.0
2025-08-10,SKU-0057,99,0,23,69.0
2025-08-17,SKU-0057,228,0,23,69.0
2025-08-24,SKU-0057,175,0,23,69.0
2025-08-31,SKU-0057,126,0,23,69.0
2025-09-07,SKU-0057,80,0,23,69.0
2025-09-14,SKU-0057,153,0,23,69.0
2025-09-21,SKU-0057,99,0,23,69.0
2025-09-28,SKU-0057,191,0,23,69.0
2025-10-05,SKU-0057,125,0,23,69.0
2025-10-12,SKU-0057,268,0,23,69.0
2025-10-19,SKU-0057,193,0,23,69.0
2025-10-26,SKU-0057,113,0,23,69.0
2025-11-02,SKU-0057,321,0,23,69.0
2025-11-09,SKU-0057,245,0,23,69.0
2025-11-16,SKU-0057,160,0,23,69.0
2025-11-23,SKU-0057,104,0,23,69.0
2025-11-30,SKU-0057,30,325,23,69.0
2025-12-07,SKU-0057,0,318,23,69.0
2025-12-14,SKU-0057,162,0,23,69.0
2025-12-21,SKU-0057,78,0,23,69.0
2025-12-28,SKU-0057,281,0,23,69.0
2026-01-04,SKU-0057,180,0,23,69.0
2026-01-11,SKU-0057,130,0,23,69.0
2026-01-18,SKU-0057,47,367,23,69.0
2026-01-25,SKU-0057,261,0,23,69.0
2026-02-01,SKU-0057,194,0,23,69.0
2026-02-08,SKU-0057,142,0,23,69.0
2026-02-15,SKU-0057,352,0,23,69.0
2026-02-22,SKU-0057,268,0,23,69.0
2026-03-01,SKU-0057,204,0,23,69.0
2026-03-08,SKU-0057,99,0,23,69.0
2026-03-15,SKU-0057,375,0,23,69.0
2026-03-22,SKU-0057,333,0,23,69.0
2026-03-29,SKU-0057,233,0,23,69.0
2026-04-05,SKU-0057,143,0,23,69.0
2026-04-12,SKU-0057,83,0,23,69.0
2026-04-19,SKU-0057,245,0,23,69.0
2026-04-26,SKU-0057,176,0,23,69.0
2026-05-03,SKU-0057,118,0,23,69.0
2026-05-10,SKU-0057,57,288,23,69.0
2026-05-17,SKU-0057,260,0,23,69.0
2026-05-24,SKU-0057,205,0,23,69.0
2026-05-31,SKU-0057,139,0,23,69.0
2026-06-07,SKU-0057,70,0,23,69.0
2026-06-14,SKU-0057,297,0,23,69.0
2026-06-21,SKU-0057,225,0,23,69.0
2026-06-28,SKU-0057,150,0,23,69.0
2026-07-05,SKU-0057,86,0,23,69.0
2026-07-12,SKU-0057,36,280,23,69.0
2026-07-19,SKU-0057,261,0,23,69.0
2026-07-26,SKU-0057,215,0,23,69.0
2026-08-02,SKU-0057,163,0,23,69.0
2026-08-09,SKU-0057,117,0,23,69.0
2026-08-16,SKU-0057,74,0,23,69.0
2026-08-23,SKU-0057,18,210,23,69.0
2026-08-30,SKU-0057,119,0,23,69.0
2024-11-24,SKU-0058,108,0,23,74.0
2024-12-01,SKU-0058,80,0,23,74.0
2024-12-08,SKU-0058,56,164,23,74.0
2024-12-15,SKU-0058,173,0,23,74.0
2024-12-22,SKU-0058,138,0,23,74.0
2024-12-29,SKU-0058,93,0,23,74.0
2025-01-05,SKU-0058,171,0,23,74.0
2025-01-12,SKU-0058,154,0,23,74.0
2025-01-19,SKU-0058,133,0,23,74.0
2025-01-26,SKU-0058,101,0,23,74.0
2025-02-02,SKU-0058,82,0,23,74.0
2025-02-09,SKU-0058,58,168,23,74.0
2025-02-16,SKU-0058,143,0,23,74.0
2025-02-23,SKU-0058,121,0,23,74.0
2025-03-02,SKU-0058,101,0,23,74.0
2025-03-09,SKU-0058,85,0,23,74.0
2025-03-16,SKU-0058,64,152,23,74.0
2025-03-23,SKU-0058,158,0,23,74.0
2025-03-30,SKU-0058,153,0,23,74.0
2025-04-06,SKU-0058,129,0,23,74.0
2025-04-13,SKU-0058,110,0,23,74.0
2025-04-20,SKU-0058,93,0,23,74.0
2025-04-27,SKU-0058,185,0,23,74.0
2025-05-04,SKU-0058,170,0,23,74.0
2025-05-11,SKU-0058,147,0,23,74.0
2025-05-18,SKU-0058,130,0,23,74.0
2025-05-25,SKU-0058,110,0,23,74.0
2025-06-01,SKU-0058,82,0,23,74.0
2025-06-08,SKU-0058,64,157,23,74.0
2025-06-15,SKU-0058,39,164,23,74.0
2025-06-22,SKU-0058,154,0,23,74.0
2025-06-29,SKU-0058,122,0,23,74.0
2025-07-06,SKU-0058,105,0,23,74.0
2025-07-13,SKU-0058,86,0,23,74.0
2025-07-20,SKU-0058,70,155,23,74.0
2025-07-27,SKU-0058,203,0,23,74.0
2025-08-03,SKU-0058,191,0,23,74.0
2025-08-10,SKU-0058,162,0,23,74.0
2025-08-17,SKU-0058,132,0,23,74.0
2025-08-24,SKU-0058,104,0,23,74.0
2025-08-31,SKU-0058,75,0,23,74.0
2025-09-07,SKU-0058,55,161,23,74.0
2025-09-14,SKU-0058,142,0,23,74.0
2025-09-21,SKU-0058,105,0,23,74.0
2025-09-28,SKU-0058,77,0,23,74.0
2025-10-05,SKU-0058,177,0,23,74.0
2025-10-12,SKU-0058,131,0,23,74.0
2025-10-19,SKU-0058,201,0,23,74.0
2025-10-26,SKU-0058,149,0,23,74.0
2025-11-02,SKU-0058,97,0,23,74.0
2025-11-09,SKU-0058,167,0,23,74.0
2025-11-16,SKU-0058,123,0,23,74.0
2025-11-23,SKU-0058,91,0,23,74.0
2025-11-30,SKU-0058,68,189,23,74.0
2025-12-07,SKU-0058,178,0,23,74.0
2025-12-14,SKU-0058,160,0,23,74.0
2025-12-21,SKU-0058,103,0,23,74.0
2025-12-28,SKU-0058,56,167,23,74.0
2026-01-04,SKU-0058,13,199,23,74.0
2026-01-11,SKU-0058,143,0,23,74.0
2026-01-18,SKU-0058,110,0,23,74.0
2026-01-25,SKU-0058,87,0,23,74.0
2026-02-01,SKU-0058,183,0,23,74.0
2026-02-08,SKU-0058,156,0,23,74.0
2026-02-15,SKU-0058,128,0,23,74.0
2026-02-22,SKU-0058,99,0,23,74.0
2026-03-01,SKU-0058,68,165,23,74.0
2026-03-08,SKU-0058,37,173,23,74.0
2026-03-15,SKU-0058,18,159,23,74.0
2026-03-22,SKU-0058,0,161,23,74.0
2026-03-29,SKU-0058,0,163,23,74.0
2026-04-05,SKU-0058,0,155,23,74.0
2026-04-12,SKU-0058,154,0,23,74.0
2026-04-19,SKU-0058,136,0,23,74.0
2026-04-26,SKU-0058,121,0,23,74.0
2026-05-03,SKU-0058,104,0,23,74.0
2026-05-10,SKU-0058,75,0,23,74.0
2026-05-17,SKU-0058,188,0,23,74.0
2026-05-24,SKU-0058,162,0,23,74.0
2026-05-31,SKU-0058,141,0,23,74.0
2026-06-07,SKU-0058,121,0,23,74.0
2026-06-14,SKU-0058,96,0,23,74.0
2026-06-21,SKU-0058,142,0,23,74.0
2026-06-28,SKU-0058,102,0,23,74.0
2026-07-05,SKU-0058,192,0,23,74.0
2026-07-12,SKU-0058,159,0,23,74.0
2026-07-19,SKU-0058,132,0,23,74.0
2026-07-26,SKU-0058,100,0,23,74.0
2026-08-02,SKU-0058,191,0,23,74.0
2026-08-09,SKU-0058,154,0,23,74.0
2026-08-16,SKU-0058,125,0,23,74.0
2026-08-23,SKU-0058,87,0,23,74.0
2026-08-30,SKU-0058,62,160,23,74.0
2024-04-28,SKU-0059,136,0,13,63.0
2024-05-05,SKU-0059,110,0,13,63.0
2024-05-12,SKU-0059,71,0,13,63.0
2024-05-19,SKU-0059,27,148,13,63.0
2024-05-26,SKU-0059,95,0,13,63.0
2024-06-02,SKU-0059,61,193,13,63.0
2024-06-09,SKU-0059,143,0,13,63.0
2024-06-16,SKU-0059,99,0,13,63.0
2024-06-23,SKU-0059,184,0,13,63.0
2024-06-30,SKU-0059,125,0,13,63.0
2024-07-07,SKU-0059,91,0,13,63.0
2024-07-14,SKU-0059,192,0,13,63.0
2024-07-21,SKU-0059,168,0,13,63.0
2024-07-28,SKU-0059,122,0,13,63.0
2024-08-04,SKU-0059,80,0,13,63.0
2024-08-11,SKU-0059,173,0,13,63.0
2024-08-18,SKU-0059,145,0,13,63.0
2024-08-25,SKU-0059,98,0,13,63.0
2024-09-01,SKU-0059,76,0,13,63.0
2024-09-08,SKU-0059,185,0,13,63.0
2024-09-15,SKU-0059,161,0,13,63.0
2024-09-22,SKU-0059,123,0,13,63.0
2024-09-29,SKU-0059,95,0,13,63.0
2024-10-06,SKU-0059,49,155,13,63.0
2024-10-13,SKU-0059,5,188,13,63.0
2024-10-20,SKU-0059,0,187,13,63.0
2024-10-27,SKU-0059,0,221,13,63.0
2024-11-03,SKU-0059,189,0,13,63.0
2024-11-10,SKU-0059,140,0,13,63.0
2024-11-17,SKU-0059,86,0,13,63.0
2024-11-24,SKU-0059,212,0,13,63.0
2024-12-01,SKU-0059,186,0,13,63.0
2024-12-08,SKU-0059,152,0,13,63.0
2024-12-15,SKU-0059,100,0,13,63.0
2024-12-22,SKU-0059,33,202,13,63.0
2024-12-29,SKU-0059,162,0,13,63.0
2025-01-05,SKU-0059,122,0,13,63.0
2025-01-12,SKU-0059,79,0,13,63.0
2025-01-19,SKU-0059,32,228,13,63.0
2025-01-26,SKU-0059,0,209,13,63.0
2025-02-02,SKU-0059,114,0,13,63.0
2025-02-09,SKU-0059,71,0,13,63.0
2025-02-16,SKU-0059,21,209,13,63.0
2025-02-23,SKU-0059,0,214,13,63.0
2025-03-02,SKU-0059,144,0,13,63.0
2025-03-09,SKU-0059,91,0,13,63.0
2025-03-16,SKU-0059,39,224,13,63.0
2025-03-23,SKU-0059,0,218,13,63.0
2025-03-30,SKU-0059,131,0,13,63.0
2025-04-06,SKU-0059,95,0,13,63.0
2025-04-13,SKU-0059,220,0,13,63.0
2025-04-20,SKU-0059,168,0,13,63.0
2025-04-27,SKU-0059,120,0,13,63.0
2025-05-04,SKU-0059,70,0,13,63.0
2025-05-11,SKU-0059,15,231,13,63.0
2025-05-18,SKU-0059,0,230,13,63.0
2025-05-25,SKU-0059,213,0,13,63.0
2025-06-01,SKU-0059,164,0,13,63.0
2025-06-08,SKU-0059,114,0,13,63.0
2025-06-15,SKU-0059,65,0,13,63.0
2025-06-22,SKU-0059,185,0,13,63.0
2025-06-29,SKU-0059,119,0,13,63.0
2025-07-06,SKU-0059,80,0,13,63.0
2025-07-13,SKU-0059,218,0,13,63.0
2025-07-20,SKU-0059,186,0,13,63.0
2025-07-27,SKU-0059,140,0,13,63.0
2025-08-03,SKU-0059,97,0,13,63.0
2025-08-10,SKU-0059,51,193,13,63.0
2025-08-17,SKU-0059,209,0,13,63.0
2025-08-24,SKU-0059,178,0,13,63.0
2025-08-31,SKU-0059,146,0,13,63.0
2025-09-07,SKU-0059,101,0,13,63.0
2025-09-14,SKU-0059,71,0,13,63.0
2025-09-21,SKU-0059,34,170,13,63.0
2025-09-28,SKU-0059,7,161,13,63.0
2025-10-05,SKU-0059,0,184,13,63.0
2025-10-12,SKU-0059,105,0,13,63.0
2025-10-19,SKU-0059,50,216,13,63.0
2025-10-26,SKU-0059,0,252,13,63.0
2025-11-02,SKU-0059,0,249,13,63.0
2025-11-09,SKU-0059,134,0,13,63.0
2025-11-16,SKU-0059,86,0,13,63.0
2025-11-23,SKU-0059,48,224,13,63.0
2025-11-30,SKU-0059,155,0,13,63.0
2025-12-07,SKU-0059,126,0,13,63.0
2025-12-14,SKU-0059,93,0,13,63.0
2025-12-21,SKU-0059,26,215,13,63.0
2025-12-28,SKU-0059,0,239,13,63.0
2026-01-04,SKU-0059,192,0,13,63.0
2026-01-11,SKU-0059,147,0,13,63.0
2026-01-18,SKU-0059,88,0,13,63.0
2026-01-25,SKU-0059,247,0,13,63.0
2026-02-01,SKU-0059,207,0,13,63.0
2026-02-08,SKU-0059,166,0,13,63.0
2026-02-15,SKU-0059,119,0,13,63.0
2026-02-22,SKU-0059,171,0,13,63.0
2026-03-01,SKU-0059,104,0,13,63.0
2026-03-08,SKU-0059,289,0,13,63.0
2026-03-15,SKU-0059,228,0,13,63.0
2026-03-22,SKU-0059,180,0,13,63.0
2026-03-29,SKU-0059,107,0,13,63.0
2026-04-05,SKU-0059,65,0,13,63.0
2026-04-12,SKU-0059,202,0,13,63.0
2026-04-19,SKU-0059,144,0,13,63.0
2026-04-26,SKU-0059,96,0,13,63.0
2026-05-03,SKU-0059,42,221,13,63.0
2026-05-10,SKU-0059,222,0,13,63.0
2026-05-17,SKU-0059,176,0,13,63.0
2026-05-24,SKU-0059,108,0,13,63.0
2026-05-31,SKU-0059,50,239,13,63.0
2026-06-07,SKU-0059,183,0,13,63.0
2026-06-14,SKU-0059,121,0,13,63.0
2026-06-21,SKU-0059,268,0,13,63.0
2026-06-28,SKU-0059,182,0,13,63.0
2026-07-05,SKU-0059,116,0,13,63.0
2026-07-12,SKU-0059,70,0,13,63.0
2026-07-19,SKU-0059,207,0,13,63.0
2026-07-26,SKU-0059,154,0,13,63.0
2026-08-02,SKU-0059,107,0,13,63.0
2026-08-09,SKU-0059,68,0,13,63.0
2026-08-16,SKU-0059,143,0,13,63.0
2026-08-23,SKU-0059,93,0,13,63.0
2026-08-30,SKU-0059,194,0,13,63.0
2024-10-13,SKU-0060,9,134,15,51.0
2024-10-20,SKU-0060,0,183,15,51.0
2024-10-27,SKU-0060,176,0,15,51.0
2024-11-03,SKU-0060,111,0,15,51.0
2024-11-10,SKU-0060,46,285,15,51.0
2024-11-17,SKU-0060,292,0,15,51.0
2024-11-24,SKU-0060,253,0,15,51.0
2024-12-01,SKU-0060,211,0,15,51.0
2024-12-08,SKU-0060,163,0,15,51.0
2024-12-15,SKU-0060,117,0,15,51.0
2024-12-22,SKU-0060,42,241,15,51.0
2024-12-29,SKU-0060,202,0,15,51.0
2025-01-05,SKU-0060,145,0,15,51.0
2025-01-12,SKU-0060,92,0,15,51.0
2025-01-19,SKU-0060,61,0,15,51.0
2025-01-26,SKU-0060,155,0,15,51.0
2025-02-02,SKU-0060,113,0,15,51.0
2025-02-09,SKU-0060,70,0,15,51.0
2025-02-16,SKU-0060,21,201,15,51.0
2025-02-23,SKU-0060,0,212,15,51.0
2025-03-02,SKU-0060,0,208,15,51.0
2025-03-09,SKU-0060,0,214,15,51.0
2025-03-16,SKU-0060,0,209,15,51.0
2025-03-23,SKU-0060,122,0,15,51.0
2025-03-30,SKU-0060,92,0,15,51.0
2025-04-06,SKU-0060,166,0,15,51.0
2025-04-13,SKU-0060,111,0,15,51.0
2025-04-20,SKU-0060,73,0,15,51.0
2025-04-27,SKU-0060,40,225,15,51.0
2025-05-04,SKU-0060,105,0,15,51.0
2025-05-11,SKU-0060,66,0,15,51.0
2025-05-18,SKU-0060,27,169,15,51.0
2025-05-25,SKU-0060,0,191,15,51.0
2025-06-01,SKU-0060,111,0,15,51.0
2025-06-08,SKU-0060,84,0,15,51.0
2025-06-15,SKU-0060,58,0,15,51.0
2025-06-22,SKU-0060,139,0,15,51.0
2025-06-29,SKU-0060,91,0,15,51.0
2025-07-06,SKU-0060,52,0,15,51.0
2025-07-13,SKU-0060,19,191,15,51.0
2025-07-20,SKU-0060,0,166,15,51.0
2025-07-27,SKU-0060,124,0,15,51.0
2025-08-03,SKU-0060,96,0,15,51.0
2025-08-10,SKU-0060,69,0,15,51.0
2025-08-17,SKU-0060,36,164,15,51.0
2025-08-24,SKU-0060,6,161,15,51.0
2025-08-31,SKU-0060,0,164,15,51.0
2025-09-07,SKU-0060,105,0,15,51.0
2025-09-14,SKU-0060,87,0,15,51.0
2025-09-21,SKU-0060,49,151,15,51.0
2025-09-28,SKU-0060,27,145,15,51.0
2025-10-05,SKU-0060,0,161,15,51.0
2025-10-12,SKU-0060,189,0,15,51.0
2025-10-19,SKU-0060,141,0,15,51.0
2025-10-26,SKU-0060,72,0,15,51.0
2025-11-02,SKU-0060,243,0,15,51.0
2025-11-09,SKU-0060,190,0,15,51.0
2025-11-16,SKU-0060,144,0,15,51.0
2025-11-23,SKU-0060,106,0,15,51.0
2025-11-30,SKU-0060,69,0,15,51.0
2025-12-07,SKU-0060,41,158,15,51.0
2025-12-14,SKU-0060,1,164,15,51.0
2025-12-21,SKU-0060,173,0,15,51.0
2025-12-28,SKU-0060,125,0,15,51.0
2026-01-04,SKU-0060,74,0,15,51.0
2026-01-11,SKU-0060,219,0,15,51.0
2026-01-18,SKU-0060,171,0,15,51.0
2026-01-25,SKU-0060,107,0,15,51.0
2026-02-01,SKU-0060,60,0,15,51.0
2026-02-08,SKU-0060,142,0,15,51.0
2026-02-15,SKU-0060,100,0,15,51.0
2026-02-22,SKU-0060,49,220,15,51.0
2026-03-01,SKU-0060,204,0,15,51.0
2026-03-08,SKU-0060,156,0,15,51.0
2026-03-15,SKU-0060,125,0,15,51.0
2026-03-22,SKU-0060,77,0,15,51.0
2026-03-29,SKU-0060,31,218,15,51.0
2026-04-05,SKU-0060,129,0,15,51.0
2026-04-12,SKU-0060,93,0,15,51.0
2026-04-19,SKU-0060,57,0,15,51.0
2026-04-26,SKU-0060,10,186,15,51.0
2026-05-03,SKU-0060,0,181,15,51.0
2026-05-10,SKU-0060,0,189,15,51.0
2026-05-17,SKU-0060,170,0,15,51.0
2026-05-24,SKU-0060,131,0,15,51.0
2026-05-31,SKU-0060,98,0,15,51.0
2026-06-07,SKU-0060,58,0,15,51.0
2026-06-14,SKU-0060,169,0,15,51.0
2026-06-21,SKU-0060,124,0,15,51.0
2026-06-28,SKU-0060,75,0,15,51.0
2026-07-05,SKU-0060,52,0,15,51.0
2026-07-12,SKU-0060,19,176,15,51.0
2026-07-19,SKU-0060,0,169,15,51.0
2026-07-26,SKU-0060,0,162,15,51.0
2026-08-02,SKU-0060,0,148,15,51.0
2026-08-09,SKU-0060,127,0,15,51.0
2026-08-16,SKU-0060,99,0,15,51.0
2026-08-23,SKU-0060,64,0,15,51.0
2026-08-30,SKU-0060,167,0,15,51.0
2024-12-29,SKU-0061,50,130,20,59.0
2025-01-05,SKU-0061,25,144,20,59.0
2025-01-12,SKU-0061,104,0,20,59.0
2025-01-19,SKU-0061,79,0,20,59.0
2025-01-26,SKU-0061,127,0,20,59.0
2025-02-02,SKU-0061,106,0,20,59.0
2025-02-09,SKU-0061,75,0,20,59.0
2025-02-16,SKU-0061,53,147,20,59.0
2025-02-23,SKU-0061,122,0,20,59.0
2025-03-02,SKU-0061,107,0,20,59.0
2025-03-09,SKU-0061,85,0,20,59.0
2025-03-16,SKU-0061,66,0,20,59.0
2025-03-23,SKU-0061,156,0,20,59.0
2025-03-30,SKU-0061,140,0,20,59.0
2025-04-06,SKU-0061,119,0,20,59.0
2025-04-13,SKU-0061,95,0,20,59.0
2025-04-20,SKU-0061,83,0,20,59.0
2025-04-27,SKU-0061,63,0,20,59.0
2025-05-04,SKU-0061,42,142,20,59.0
2025-05-11,SKU-0061,124,0,20,59.0
2025-05-18,SKU-0061,103,0,20,59.0
2025-05-25,SKU-0061,82,0,20,59.0
2025-06-01,SKU-0061,60,0,20,59.0
2025-06-08,SKU-0061,40,118,20,59.0
2025-06-15,SKU-0061,32,139,20,59.0
2025-06-22,SKU-0061,93,0,20,59.0
2025-06-29,SKU-0061,69,0,20,59.0
2025-07-06,SKU-0061,52,140,20,59.0
2025-07-13,SKU-0061,40,139,20,59.0
2025-07-20,SKU-0061,21,136,20,59.0
2025-07-27,SKU-0061,84,0,20,59.0
2025-08-03,SKU-0061,67,0,20,59.0
2025-08-10,SKU-0061,118,0,20,59.0
2025-08-17,SKU-0061,100,0,20,59.0
2025-08-24,SKU-0061,85,0,20,59.0
2025-08-31,SKU-0061,73,0,20,59.0
2025-09-07,SKU-0061,59,0,20,59.0
2025-09-14,SKU-0061,152,0,20,59.0
2025-09-21,SKU-0061,141,0,20,59.0
2025-09-28,SKU-0061,131,0,20,59.0
2025-10-05,SKU-0061,98,0,20,59.0
2025-10-12,SKU-0061,70,0,20,59.0
2025-10-19,SKU-0061,27,145,20,59.0
2025-10-26,SKU-0061,6,140,20,59.0
2025-11-02,SKU-0061,88,0,20,59.0
2025-11-09,SKU-0061,145,0,20,59.0
2025-11-16,SKU-0061,107,0,20,59.0
2025-11-23,SKU-0061,79,0,20,59.0
2025-11-30,SKU-0061,60,0,20,59.0
2025-12-07,SKU-0061,122,0,20,59.0
2025-12-14,SKU-0061,96,0,20,59.0
2025-12-21,SKU-0061,178,0,20,59.0
2025-12-28,SKU-0061,136,0,20,59.0
2026-01-04,SKU-0061,112,0,20,59.0
2026-01-11,SKU-0061,79,0,20,59.0
2026-01-18,SKU-0061,48,168,20,59.0
2026-01-25,SKU-0061,106,0,20,59.0
2026-02-01,SKU-0061,78,0,20,59.0
2026-02-08,SKU-0061,61,0,20,59.0
2026-02-15,SKU-0061,34,143,20,59.0
2026-02-22,SKU-0061,6,139,20,59.0
2026-03-01,SKU-0061,0,148,20,59.0
2026-03-08,SKU-0061,99,0,20,59.0
2026-03-15,SKU-0061,75,0,20,59.0
2026-03-22,SKU-0061,123,0,20,59.0
2026-03-29,SKU-0061,104,0,20,59.0
2026-04-05,SKU-0061,87,0,20,59.0
2026-04-12,SKU-0061,63,0,20,59.0
2026-04-19,SKU-0061,39,123,20,59.0
2026-04-26,SKU-0061,138,0,20,59.0
2026-05-03,SKU-0061,119,0,20,59.0
2026-05-10,SKU-0061,91,0,20,59.0
2026-05-17,SKU-0061,79,0,20,59.0
2026-05-24,SKU-0061,69,0,20,59.0
2026-05-31,SKU-0061,114,0,20,59.0
2026-06-07,SKU-0061,101,0,20,59.0
2026-06-14,SKU-0061,77,0,20,59.0
2026-06-21,SKU-0061,118,0,20,59.0
2026-06-28,SKU-0061,88,0,20,59.0
2026-07-05,SKU-0061,73,0,20,59.0
2026-07-12,SKU-0061,57,143,20,59.0
2026-07-19,SKU-0061,46,135,20,59.0
2026-07-26,SKU-0061,16,118,20,59.0
2026-08-02,SKU-0061,0,119,20,59.0
2026-08-09,SKU-0061,87,0,20,59.0
2026-08-16,SKU-0061,71,0,20,59.0
2026-08-23,SKU-0061,54,147,20,59.0
2026-08-30,SKU-0061,35,124,20,59.0
2024-10-27,SKU-0062,135,0,18,58.0
2024-11-03,SKU-0062,127,0,18,58.0
2024-11-10,SKU-0062,124,0,18,58.0
2024-11-17,SKU-0062,116,0,18,58.0
2024-11-24,SKU-0062,116,0,18,58.0
2024-12-01,SKU-0062,112,0,18,58.0
2024-12-08,SKU-0062,107,0,18,58.0
2024-12-15,SKU-0062,106,0,18,58.0
2024-12-22,SKU-0062,101,0,18,58.0
2024-12-29,SKU-0062,92,0,18,58.0
2025-01-05,SKU-0062,94,0,18,58.0
2025-01-12,SKU-0062,87,0,18,58.0
2025-01-19,SKU-0062,88,0,18,58.0
2025-01-26,SKU-0062,84,0,18,58.0
2025-02-02,SKU-0062,81,0,18,58.0
2025-02-09,SKU-0062,73,0,18,58.0
2025-02-16,SKU-0062,70,0,18,58.0
2025-02-23,SKU-0062,72,0,18,58.0
2025-03-02,SKU-0062,76,0,18,58.0
2025-03-09,SKU-0062,69,0,18,58.0
2025-03-16,SKU-0062,70,0,18,58.0
2025-03-23,SKU-0062,70,0,18,58.0
2025-03-30,SKU-0062,68,0,18,58.0
2025-04-06,SKU-0062,67,0,18,58.0
2025-04-13,SKU-0062,64,0,18,58.0
2025-04-20,SKU-0062,61,0,18,58.0
2025-04-27,SKU-0062,62,0,18,58.0
2025-05-04,SKU-0062,61,0,18,58.0
2025-05-11,SKU-0062,61,0,18,58.0
2025-05-18,SKU-0062,62,0,18,58.0
2025-05-25,SKU-0062,58,0,18,58.0
2025-06-01,SKU-0062,155,0,18,58.0
2025-06-08,SKU-0062,152,0,18,58.0
2025-06-15,SKU-0062,147,0,18,58.0
2025-06-22,SKU-0062,143,0,18,58.0
2025-06-29,SKU-0062,141,0,18,58.0
2025-07-06,SKU-0062,136,0,18,58.0
2025-07-13,SKU-0062,136,0,18,58.0
2025-07-20,SKU-0062,136,0,18,58.0
2025-07-27,SKU-0062,133,0,18,58.0
2025-08-03,SKU-0062,123,0,18,58.0
2025-08-10,SKU-0062,116,0,18,58.0
2025-08-17,SKU-0062,115,0,18,58.0
2025-08-24,SKU-0062,115,0,18,58.0
2025-08-31,SKU-0062,112,0,18,58.0
2025-09-07,SKU-0062,115,0,18,58.0
2025-09-14,SKU-0062,116,0,18,58.0
2025-09-21,SKU-0062,117,0,18,58.0
2025-09-28,SKU-0062,118,0,18,58.0
2025-10-05,SKU-0062,112,0,18,58.0
2025-10-12,SKU-0062,104,0,18,58.0
2025-10-19,SKU-0062,92,0,18,58.0
2025-10-26,SKU-0062,83,0,18,58.0
2025-11-02,SKU-0062,82,0,18,58.0
2025-11-09,SKU-0062,78,0,18,58.0
2025-11-16,SKU-0062,74,0,18,58.0
2025-11-23,SKU-0062,68,0,18,58.0
2025-11-30,SKU-0062,68,0,18,58.0
2025-12-07,SKU-0062,61,0,18,58.0
2025-12-14,SKU-0062,59,0,18,58.0
2025-12-21,SKU-0062,59,0,18,58.0
2025-12-28,SKU-0062,143,0,18,58.0
2026-01-04,SKU-0062,140,0,18,58.0
2026-01-11,SKU-0062,128,0,18,58.0
2026-01-18,SKU-0062,121,0,18,58.0
2026-01-25,SKU-0062,112,0,18,58.0
2026-02-01,SKU-0062,103,0,18,58.0
2026-02-08,SKU-0062,95,0,18,58.0
2026-02-15,SKU-0062,89,0,18,58.0
2026-02-22,SKU-0062,92,0,18,58.0
2026-03-01,SKU-0062,87,0,18,58.0
2026-03-08,SKU-0062,82,0,18,58.0
2026-03-15,SKU-0062,76,0,18,58.0
2026-03-22,SKU-0062,73,0,18,58.0
2026-03-29,SKU-0062,69,0,18,58.0
2026-04-05,SKU-0062,66,0,18,58.0
2026-04-12,SKU-0062,63,0,18,58.0
2026-04-19,SKU-0062,61,0,18,58.0
2026-04-26,SKU-0062,119,0,18,58.0
2026-05-03,SKU-0062,120,0,18,58.0
2026-05-10,SKU-0062,119,0,18,58.0
2026-05-17,SKU-0062,111,0,18,58.0
2026-05-24,SKU-0062,107,0,18,58.0
2026-05-31,SKU-0062,109,0,18,58.0
2026-06-07,SKU-0062,109,0,18,58.0
2026-06-14,SKU-0062,99,0,18,58.0
2026-06-21,SKU-0062,97,0,18,58.0
2026-06-28,SKU-0062,87,0,18,58.0
2026-07-05,SKU-0062,89,0,18,58.0
2026-07-12,SKU-0062,86,0,18,58.0
2026-07-19,SKU-0062,84,0,18,58.0
2026-07-26,SKU-0062,83,0,18,58.0
2026-08-02,SKU-0062,83,0,18,58.0
2026-08-09,SKU-0062,78,0,18,58.0
2026-08-16,SKU-0062,77,0,18,58.0
2026-08-23,SKU-0062,76,0,18,58.0
2026-08-30,SKU-0062,67,0,18,58.0
2025-02-16,SKU-0063,101,0,9,22.0
2025-02-23,SKU-0063,81,0,9,22.0
2025-03-02,SKU-0063,49,0,9,22.0
2025-03-09,SKU-0063,26,0,9,22.0
2025-03-16,SKU-0063,0,152,9,22.0
2025-03-23,SKU-0063,0,139,9,22.0
2025-03-30,SKU-0063,70,0,9,22.0
2025-04-06,SKU-0063,41,0,9,22.0
2025-04-13,SKU-0063,127,0,9,22.0
2025-04-20,SKU-0063,91,0,9,22.0
2025-04-27,SKU-0063,61,0,9,22.0
2025-05-04,SKU-0063,22,0,9,22.0
2025-05-11,SKU-0063,88,0,9,22.0
2025-05-18,SKU-0063,55,0,9,22.0
2025-05-25,SKU-0063,142,0,9,22.0
2025-06-01,SKU-0063,116,0,9,22.0
2025-06-08,SKU-0063,86,0,9,22.0
2025-06-15,SKU-0063,54,0,9,22.0
2025-06-22,SKU-0063,22,0,9,22.0
2025-06-29,SKU-0063,0,160,9,22.0
2025-07-06,SKU-0063,0,167,9,22.0
2025-07-13,SKU-0063,164,0,9,22.0
2025-07-20,SKU-0063,144,0,9,22.0
2025-07-27,SKU-0063,126,0,9,22.0
2025-08-03,SKU-0063,122,0,9,22.0
2025-08-10,SKU-0063,102,0,9,22.0
2025-08-17,SKU-0063,83,0,9,22.0
2025-08-24,SKU-0063,59,0,9,22.0
2025-08-31,SKU-0063,35,0,9,22.0
2025-09-07,SKU-0063,3,117,9,22.0
2025-09-14,SKU-0063,0,127,9,22.0
2025-09-21,SKU-0063,0,127,9,22.0
2025-09-28,SKU-0063,68,0,9,22.0
2025-10-05,SKU-0063,41,0,9,22.0
2025-10-12,SKU-0063,7,123,9,22.0
2025-10-19,SKU-0063,86,0,9,22.0
2025-10-26,SKU-0063,54,0,9,22.0
2025-11-02,SKU-0063,16,152,9,22.0
2025-11-09,SKU-0063,121,0,9,22.0
2025-11-16,SKU-0063,83,0,9,22.0
2025-11-23,SKU-0063,58,0,9,22.0
2025-11-30,SKU-0063,35,0,9,22.0
2025-12-07,SKU-0063,82,0,9,22.0
2025-12-14,SKU-0063,52,0,9,22.0
2025-12-21,SKU-0063,84,0,9,22.0
2025-12-28,SKU-0063,38,0,9,22.0
2026-01-04,SKU-0063,11,173,9,22.0
2026-01-11,SKU-0063,0,167,9,22.0
2026-01-18,SKU-0063,121,0,9,22.0
2026-01-25,SKU-0063,93,0,9,22.0
2026-02-01,SKU-0063,61,0,9,22.0
2026-02-08,SKU-0063,40,0,9,22.0
2026-02-15,SKU-0063,13,127,9,22.0
2026-02-22,SKU-0063,0,146,9,22.0
2026-03-01,SKU-0063,155,0,9,22.0
2026-03-08,SKU-0063,132,0,9,22.0
2026-03-15,SKU-0063,99,0,9,
2026-03-22,SKU-0063,61,0,9,22.0
2026-03-29,SKU-0063,179,0,9,22.0
2026-04-05,SKU-0063,141,0,9,22.0
2026-04-12,SKU-0063,108,0,9,22.0
2026-04-19,SKU-0063,78,0,9,22.0
2026-04-26,SKU-0063,61,0,9,22.0
2026-05-03,SKU-0063,32,0,9,22.0
2026-05-10,SKU-0063,3,122,9,22.0
2026-05-17,SKU-0063,0,125,9,22.0
2026-05-24,SKU-0063,0,152,9,22.0
2026-05-31,SKU-0063,73,0,9,22.0
2026-06-07,SKU-0063,35,0,9,22.0
2026-06-14,SKU-0063,8,155,9,22.0
2026-06-21,SKU-0063,83,0,9,22.0
2026-06-28,SKU-0063,30,0,9,22.0
2026-07-05,SKU-0063,91,0,9,22.0
2026-07-12,SKU-0063,67,0,9,22.0
2026-07-19,SKU-0063,42,0,9,22.0
2026-07-26,SKU-0063,22,0,9,22.0
2026-08-02,SKU-0063,100,0,9,22.0
2026-08-09,SKU-0063,73,0,9,22.0
2026-08-16,SKU-0063,42,0,9,22.0
2026-08-23,SKU-0063,24,0,9,22.0
2026-08-30,SKU-0063,82,0,9,22.0
2024-07-28,SKU-0064,61,0,11,22.0
2024-08-04,SKU-0064,41,0,11,22.0
2024-08-11,SKU-0064,24,0,11,22.0
2024-08-18,SKU-0064,6,97,11,22.0
2024-08-25,SKU-0064,79,0,11,22.0
2024-09-01,SKU-0064,58,0,11,22.0
2024-09-08,SKU-0064,37,0,11,22.0
2024-09-15,SKU-0064,25,0,11,22.0
2024-09-22,SKU-0064,15,89,11,22.0
2024-09-29,SKU-0064,86,0,11,22.0
2024-10-06,SKU-0064,44,0,11,22.0
2024-10-13,SKU-0064,115,0,11,22.0
2024-10-20,SKU-0064,80,0,11,22.0
2024-10-27,SKU-0064,67,0,11,22.0
2024-11-03,SKU-0064,44,0,11,22.0
2024-11-10,SKU-0064,26,0,11,22.0
2024-11-17,SKU-0064,70,0,11,22.0
2024-11-24,SKU-0064,56,0,11,22.0
2024-12-01,SKU-0064,43,0,11,22.0
2024-12-08,SKU-0064,25,0,11,22.0
2024-12-15,SKU-0064,12,99,11,22.0
2024-12-22,SKU-0064,88,0,11,22.0
2024-12-29,SKU-0064,80,0,11,22.0
2025-01-05,SKU-0064,62,0,11,22.0
2025-01-12,SKU-0064,47,0,11,22.0
2025-01-19,SKU-0064,42,0,11,22.0
2025-01-26,SKU-0064,26,0,11,22.0
2025-02-02,SKU-0064,68,0,11,22.0
2025-02-09,SKU-0064,52,0,11,22.0
2025-02-16,SKU-0064,34,0,11,22.0
2025-02-23,SKU-0064,68,0,11,22.0
2025-03-02,SKU-0064,56,0,11,22.0
2025-03-09,SKU-0064,41,0,11,22.0
2025-03-16,SKU-0064,83,0,11,22.0
2025-03-23,SKU-0064,71,0,11,22.0
2025-03-30,SKU-0064,54,0,11,22.0
2025-04-06,SKU-0064,29,0,11,22.0
2025-04-13,SKU-0064,105,0,11,22.0
2025-04-20,SKU-0064,89,0,11,22.0
2025-04-27,SKU-0064,71,0,11,22.0
2025-05-04,SKU-0064,45,0,11,22.0
2025-05-11,SKU-0064,26,0,11,22.0
2025-05-18,SKU-0064,0,112,11,22.0
2025-05-25,SKU-0064,115,0,11,22.0
2025-06-01,SKU-0064,89,0,11,22.0
2025-06-08,SKU-0064,59,0,11,22.0
2025-06-15,SKU-0064,26,0,11,22.0
2025-06-22,SKU-0064,0,133,11,22.0
2025-06-29,SKU-0064,117,0,11,22.0
2025-07-06,SKU-0064,98,0,11,22.0
2025-07-13,SKU-0064,82,0,11,22.0
2025-07-20,SKU-0064,63,0,11,22.0
2025-07-27,SKU-0064,40,0,11,22.0
2025-08-03,SKU-0064,111,0,11,22.0
2025-08-10,SKU-0064,93,0,11,22.0
2025-08-17,SKU-0064,78,0,11,22.0
2025-08-24,SKU-0064,55,0,11,22.0
2025-08-31,SKU-0064,33,0,11,22.0
2025-09-07,SKU-0064,80,0,11,22.0
2025-09-14,SKU-0064,66,0,11,22.0
2025-09-21,SKU-0064,55,0,11,22.0
2025-09-28,SKU-0064,40,0,11,22.0
2025-10-05,SKU-0064,26,0,11,22.0
2025-10-12,SKU-0064,4,99,11,22.0
2025-10-19,SKU-0064,0,99,11,22.0
2025-10-26,SKU-0064,97,0,11,22.0
2025-11-02,SKU-0064,67,0,11,22.0
2025-11-09,SKU-0064,37,0,11,22.0
2025-11-16,SKU-0064,109,0,11,22.0
2025-11-23,SKU-0064,90,0,11,22.0
2025-11-30,SKU-0064,75,0,11,22.0
2025-12-07,SKU-0064,67,0,11,22.0
2025-12-14,SKU-0064,58,0,11,22.0
2025-12-21,SKU-0064,33,0,11,22.0
2025-12-28,SKU-0064,91,0,11,22.0
2026-01-04,SKU-0064,73,0,11,22.0
2026-01-11,SKU-0064,62,0,11,22.0
2026-01-18,SKU-0064,37,0,11,22.0
2026-01-25,SKU-0064,20,95,11,22.0
2026-02-01,SKU-0064,9,75,11,22.0
2026-02-08,SKU-0064,76,0,11,22.0
2026-02-15,SKU-0064,68,0,11,22.0
2026-02-22,SKU-0064,44,0,11,22.0
2026-03-01,SKU-0064,74,0,11,22.0
2026-03-08,SKU-0064,55,0,11,22.0
2026-03-15,SKU-0064,33,0,11,22.0
2026-03-22,SKU-0064,21,90,11,22.0
2026-03-29,SKU-0064,63,0,11,22.0
2026-04-05,SKU-0064,42,0,11,22.0
2026-04-12,SKU-0064,96,0,11,22.0
2026-04-19,SKU-0064,65,0,11,22.0
2026-04-26,SKU-0064,35,0,11,22.0
2026-05-03,SKU-0064,83,0,11,22.0
2026-05-10,SKU-0064,58,0,11,22.0
2026-05-17,SKU-0064,42,0,11,22.0
2026-05-24,SKU-0064,24,0,11,22.0
2026-05-31,SKU-0064,0,106,11,22.0
2026-06-07,SKU-0064,0,131,11,22.0
2026-06-14,SKU-0064,106,0,11,22.0
2026-06-21,SKU-0064,62,0,11,22.0
2026-06-28,SKU-0064,105,0,11,22.0
2026-07-05,SKU-0064,72,0,11,22.0
2026-07-12,SKU-0064,42,0,11,22.0
2026-07-19,SKU-0064,187,0,11,22.0
2026-07-26,SKU-0064,159,0,11,22.0
2026-08-02,SKU-0064,142,0,11,22.0
2026-08-09,SKU-0064,123,0,11,22.0
2026-08-16,SKU-0064,96,0,11,22.0
2026-08-23,SKU-0064,79,0,11,22.0
2026-08-30,SKU-0064,56,0,11,22.0
2024-09-08,SKU-0065,44,142,26,57.0
2024-09-15,SKU-0065,0,211,26,57.0
2024-09-22,SKU-0065,181,0,26,57.0
2024-09-29,SKU-0065,116,0,26,57.0
2024-10-06,SKU-0065,306,0,26,57.0
2024-10-13,SKU-0065,214,0,26,57.0
2024-10-20,SKU-0065,120,0,26,57.0
2024-10-27,SKU-0065,331,0,26,57.0
2024-11-03,SKU-0065,250,0,26,57.0
2024-11-10,SKU-0065,184,0,26,57.0
2024-11-17,SKU-0065,97,0,26,57.0
2024-11-24,SKU-0065,46,308,26,57.0
2024-12-01,SKU-0065,0,293,26,57.0
2024-12-08,SKU-0065,0,272,26,57.0
2024-12-15,SKU-0065,175,0,26,57.0
2024-12-22,SKU-0065,84,0,26,57.0
2024-12-29,SKU-0065,278,0,26,57.0
2025-01-05,SKU-0065,226,0,26,57.0
2025-01-12,SKU-0065,186,0,26,57.0
2025-01-19,SKU-0065,138,0,26,57.0
2025-01-26,SKU-0065,88,0,26,57.0
2025-02-02,SKU-0065,247,0,26,57.0
2025-02-09,SKU-0065,225,0,26,57.0
2025-02-16,SKU-0065,176,0,26,57.0
2025-02-23,SKU-0065,138,0,26,57.0
2025-03-02,SKU-0065,98,0,26,57.0
2025-03-09,SKU-0065,53,202,26,57.0
2025-03-16,SKU-0065,143,0,26,57.0
2025-03-23,SKU-0065,104,0,26,57.0
2025-03-30,SKU-0065,227,0,26,57.0
2025-04-06,SKU-0065,192,0,26,57.0
2025-04-13,SKU-0065,151,0,26,57.0
2025-04-20,SKU-0065,110,0,26,57.0
2025-04-27,SKU-0065,61,0,26,57.0
2025-05-04,SKU-0065,13,220,26,57.0
2025-05-11,SKU-0065,0,225,26,57.0
2025-05-18,SKU-0065,151,0,26,57.0
2025-05-25,SKU-0065,105,0,26,57.0
2025-06-01,SKU-0065,58,0,26,57.0
2025-06-08,SKU-0065,211,0,26,57.0
2025-06-15,SKU-0065,154,0,26,57.0
2025-06-22,SKU-0065,58,0,26,57.0
2025-06-29,SKU-0065,282,0,26,57.0
2025-07-06,SKU-0065,215,0,26,57.0
2025-07-13,SKU-0065,143,0,26,57.0
2025-07-20,SKU-0065,67,0,26,57.0
2025-07-27,SKU-0065,259,0,26,
2025-08-03,SKU-0065,191,0,26,57.0
2025-08-10,SKU-0065,119,0,26,57.0
2025-08-17,SKU-0065,323,0,26,57.0
2025-08-24,SKU-0065,252,0,26,57.0
2025-08-31,SKU-0065,177,0,26,57.0
2025-09-07,SKU-0065,112,0,26,57.0
2025-09-14,SKU-0065,301,0,26,57.0
2025-09-21,SKU-0065,227,0,26,57.0
2025-09-28,SKU-0065,166,0,26,57.0
2025-10-05,SKU-0065,74,0,26,57.0
2025-10-12,SKU-0065,187,0,26,57.0
2025-10-19,SKU-0065,97,0,26,57.0
2025-10-26,SKU-0065,305,0,26,57.0
2025-11-02,SKU-0065,198,0,26,57.0
2025-11-09,SKU-0065,100,0,26,57.0
2025-11-16,SKU-0065,325,0,26,57.0
2025-11-23,SKU-0065,259,0,26,57.0
2025-11-30,SKU-0065,195,0,26,57.0
2025-12-07,SKU-0065,140,0,26,57.0
2025-12-14,SKU-0065,76,0,26,57.0
2025-12-21,SKU-0065,256,0,26,57.0
2025-12-28,SKU-0065,170,0,26,57.0
2026-01-04,SKU-0065,94,0,26,57.0
2026-01-11,SKU-0065,46,320,26,57.0
2026-01-18,SKU-0065,0,304,26,57.0
2026-01-25,SKU-0065,243,0,26,57.0
2026-02-01,SKU-0065,196,0,26,57.0
2026-02-08,SKU-0065,141,0,26,57.0
2026-02-15,SKU-0065,85,0,26,57.0
2026-02-22,SKU-0065,168,0,26,57.0
2026-03-01,SKU-0065,119,0,26,57.0
2026-03-08,SKU-0065,80,0,26,57.0
2026-03-15,SKU-0065,30,213,26,57.0
2026-03-22,SKU-0065,157,0,26,57.0
2026-03-29,SKU-0065,105,0,26,57.0
2026-04-05,SKU-0065,60,0,26,57.0
2026-04-12,SKU-0065,0,230,26,57.0
2026-04-19,SKU-0065,216,0,26,57.0
2026-04-26,SKU-0065,152,0,26,57.0
2026-05-03,SKU-0065,110,0,26,57.0
2026-05-10,SKU-0065,248,0,26,57.0
2026-05-17,SKU-0065,181,0,26,57.0
2026-05-24,SKU-0065,116,0,26,57.0
2026-05-31,SKU-0065,57,0,26,57.0
2026-06-07,SKU-0065,0,302,26,57.0
2026-06-14,SKU-0065,196,0,26,57.0
2026-06-21,SKU-0065,76,0,26,57.0
2026-06-28,SKU-0065,294,0,26,57.0
2026-07-05,SKU-0065,203,0,26,57.0
2026-07-12,SKU-0065,121,0,26,57.0
2026-07-19,SKU-0065,54,389,26,57.0
2026-07-26,SKU-0065,0,353,26,57.0
2026-08-02,SKU-0065,0,306,26,57.0
2026-08-09,SKU-0065,0,304,26,57.0
2026-08-16,SKU-0065,222,0,26,57.0
2026-08-23,SKU-0065,150,0,26,57.0
2026-08-30,SKU-0065,80,0,26,57.0
2024-09-29,SKU-0066,71,0,19,35.0
2024-10-06,SKU-0066,53,0,19,35.0
2024-10-13,SKU-0066,45,0,19,35.0
2024-10-20,SKU-0066,37,0,19,35.0
2024-10-27,SKU-0066,23,98,19,35.0
2024-11-03,SKU-0066,1,98,19,35.0
2024-11-10,SKU-0066,76,0,19,35.0
2024-11-17,SKU-0066,71,0,19,35.0
2024-11-24,SKU-0066,67,0,19,35.0
2024-12-01,SKU-0066,61,0,19,35.0
2024-12-08,SKU-0066,55,0,19,35.0
2024-12-15,SKU-0066,54,0,19,35.0
2024-12-22,SKU-0066,36,0,19,35.0
2024-12-29,SKU-0066,88,0,19,35.0
2025-01-05,SKU-0066,77,0,19,35.0
2025-01-12,SKU-0066,68,0,19,35.0
2025-01-19,SKU-0066,57,0,19,35.0
2025-01-26,SKU-0066,51,0,19,35.0
2025-02-02,SKU-0066,47,0,19,35.0
2025-02-09,SKU-0066,37,0,19,35.0
2025-02-16,SKU-0066,21,96,19,35.0
2025-02-23,SKU-0066,6,78,19,35.0
2025-03-02,SKU-0066,0,73,19,35.0
2025-03-09,SKU-0066,70,0,19,35.0
2025-03-16,SKU-0066,58,0,19,35.0
2025-03-23,SKU-0066,50,0,19,35.0
2025-03-30,SKU-0066,39,0,19,35.0
2025-04-06,SKU-0066,80,0,19,35.0
2025-04-13,SKU-0066,75,0,19,35.0
2025-04-20,SKU-0066,70,0,19,35.0
2025-04-27,SKU-0066,61,0,19,35.0
2025-05-04,SKU-0066,49,0,19,35.0
2025-05-11,SKU-0066,35,0,19,35.0
2025-05-18,SKU-0066,36,0,19,35.0
2025-05-25,SKU-0066,20,91,19,35.0
2025-06-01,SKU-0066,105,0,19,35.0
2025-06-08,SKU-0066,94,0,19,35.0
2025-06-15,SKU-0066,92,0,19,35.0
2025-06-22,SKU-0066,76,0,19,35.0
2025-06-29,SKU-0066,57,0,19,35.0
2025-07-06,SKU-0066,50,0,19,35.0
2025-07-13,SKU-0066,37,0,19,35.0
2025-07-20,SKU-0066,114,0,19,35.0
2025-07-27,SKU-0066,105,0,19,35.0
2025-08-03,SKU-0066,94,0,19,35.0
2025-08-10,SKU-0066,80,0,19,35.0
2025-08-17,SKU-0066,64,0,19,35.0
2025-08-24,SKU-0066,63,0,19,35.0
2025-08-31,SKU-0066,51,0,19,35.0
2025-09-07,SKU-0066,36,0,19,35.0
2025-09-14,SKU-0066,77,0,19,35.0
2025-09-21,SKU-0066,73,0,19,35.0
2025-09-28,SKU-0066,71,0,19,35.0
2025-10-05,SKU-0066,56,0,19,35.0
2025-10-12,SKU-0066,48,0,19,35.0
2025-10-19,SKU-0066,41,0,19,35.0
2025-10-26,SKU-0066,121,0,19,35.0
2025-11-02,SKU-0066,101,0,19,35.0
2025-11-09,SKU-0066,93,0,19,35.0
2025-11-16,SKU-0066,83,0,19,35.0
2025-11-23,SKU-0066,72,0,19,35.0
2025-11-30,SKU-0066,66,0,19,35.0
2025-12-07,SKU-0066,53,0,19,35.0
2025-12-14,SKU-0066,48,0,19,35.0
2025-12-21,SKU-0066,120,0,19,35.0
2025-12-28,SKU-0066,110,0,19,35.0
2026-01-04,SKU-0066,101,0,19,35.0
2026-01-11,SKU-0066,89,0,19,35.0
2026-01-18,SKU-0066,85,0,19,35.0
2026-01-25,SKU-0066,75,0,19,35.0
2026-02-01,SKU-0066,68,0,19,35.0
2026-02-08,SKU-0066,59,0,19,35.0
2026-02-15,SKU-0066,49,0,19,35.0
2026-02-22,SKU-0066,39,0,19,35.0
2026-03-01,SKU-0066,28,73,19,35.0
2026-03-08,SKU-0066,14,73,19,35.0
2026-03-15,SKU-0066,3,96,19,35.0
2026-03-22,SKU-0066,45,0,19,35.0
2026-03-29,SKU-0066,77,0,19,35.0
2026-04-05,SKU-0066,61,0,19,35.0
2026-04-12,SKU-0066,41,0,19,35.0
2026-04-19,SKU-0066,29,97,19,35.0
2026-04-26,SKU-0066,63,0,19,35.0
2026-05-03,SKU-0066,44,0,19,35.0
2026-05-10,SKU-0066,90,0,19,35.0
2026-05-17,SKU-0066,79,0,19,35.0
2026-05-24,SKU-0066,67,0,19,35.0
2026-05-31,SKU-0066,55,0,19,35.0
2026-06-07,SKU-0066,46,0,19,35.0
2026-06-14,SKU-0066,76,0,19,35.0
2026-06-21,SKU-0066,52,0,19,35.0
2026-06-28,SKU-0066,15,117,19,35.0
2026-07-05,SKU-0066,76,0,19,35.0
2026-07-12,SKU-0066,71,0,19,35.0
2026-07-19,SKU-0066,68,0,19,35.0
2026-07-26,SKU-0066,55,0,19,35.0
2026-08-02,SKU-0066,48,0,19,35.0
2026-08-09,SKU-0066,102,0,19,35.0
2026-08-16,SKU-0066,98,0,19,35.0
2026-08-23,SKU-0066,89,0,19,35.0
2026-08-30,SKU-0066,80,0,19,35.0
2024-03-17,SKU-0067,34,94,26,40.0
2024-03-24,SKU-0067,132,0,26,40.0
2024-03-31,SKU-0067,46,0,26,40.0
2024-04-07,SKU-0067,143,0,26,40.0
2024-04-14,SKU-0067,66,0,26,40.0
2024-04-21,SKU-0067,242,0,26,40.0
2024-04-28,SKU-0067,148,0,26,40.0
2024-05-05,SKU-0067,67,0,26,40.0
2024-05-12,SKU-0067,0,353,26,40.0
2024-05-19,SKU-0067,293,0,26,40.0
2024-05-26,SKU-0067,215,0,26,40.0
2024-06-02,SKU-0067,146,0,26,40.0
2024-06-09,SKU-0067,72,0,26,40.0
2024-06-16,SKU-0067,245,0,26,40.0
2024-06-23,SKU-0067,139,0,26,40.0
2024-06-30,SKU-0067,382,0,26,40.0
2024-07-07,SKU-0067,324,0,26,40.0
2024-07-14,SKU-0067,255,0,26,40.0
2024-07-21,SKU-0067,198,0,26,40.0
2024-07-28,SKU-0067,139,0,26,40.0
2024-08-04,SKU-0067,95,0,26,40.0
2024-08-11,SKU-0067,40,0,26,40.0
2024-08-18,SKU-0067,0,254,26,40.0
2024-08-25,SKU-0067,0,257,26,40.0
2024-09-01,SKU-0067,176,0,26,40.0
2024-09-08,SKU-0067,128,0,26,40.0
2024-09-15,SKU-0067,85,0,26,40.0
2024-09-22,SKU-0067,251,0,26,40.0
2024-09-29,SKU-0067,190,0,26,40.0
2024-10-06,SKU-0067,120,0,26,40.0
2024-10-13,SKU-0067,36,286,26,40.0
2024-10-20,SKU-0067,0,337,26,40.0
2024-10-27,SKU-0067,340,0,26,40.0
2024-11-03,SKU-0067,243,0,26,40.0
2024-11-10,SKU-0067,149,0,26,40.0
2024-11-17,SKU-0067,83,0,26,40.0
2024-11-24,SKU-0067,17,349,26,40.0
2024-12-01,SKU-0067,162,0,26,40.0
2024-12-08,SKU-0067,87,0,26,40.0
2024-12-15,SKU-0067,330,0,26,40.0
2024-12-22,SKU-0067,206,0,26,40.0
2024-12-29,SKU-0067,89,0,26,40.0
2025-01-05,SKU-0067,367,0,26,40.0
2025-01-12,SKU-0067,286,0,26,40.0
2025-01-19,SKU-0067,225,0,26,40.0
2025-01-26,SKU-0067,157,0,26,40.0
2025-02-02,SKU-0067,78,0,26,40.0
2025-02-09,SKU-0067,0,348,26,40.0
2025-02-16,SKU-0067,259,0,26,40.0
2025-02-23,SKU-0067,175,0,26,40.0
2025-03-02,SKU-0067,92,0,26,40.0
2025-03-09,SKU-0067,309,0,26,40.0
2025-03-16,SKU-0067,218,0,26,40.0
2025-03-23,SKU-0067,142,0,26,40.0
2025-03-30,SKU-0067,59,0,26,40.0
2025-04-06,SKU-0067,0,388,26,40.0
2025-04-13,SKU-0067,355,0,26,40.0
2025-04-20,SKU-0067,247,0,26,40.0
2025-04-27,SKU-0067,151,0,26,40.0
2025-05-04,SKU-0067,51,0,26,40.0
2025-05-11,SKU-0067,0,433,26,40.0
2025-05-18,SKU-0067,358,0,26,40.0
2025-05-25,SKU-0067,252,0,26,40.0
2025-06-01,SKU-0067,160,0,26,40.0
2025-06-08,SKU-0067,98,0,26,40.0
2025-06-15,SKU-0067,0,398,26,40.0
2025-06-22,SKU-0067,0,433,26,40.0
2025-06-29,SKU-0067,284,0,26,40.0
2025-07-06,SKU-0067,215,0,26,40.0
2025-07-13,SKU-0067,139,0,26,40.0
2025-07-20,SKU-0067,78,0,26,40.0
2025-07-27,SKU-0067,183,0,26,40.0
2025-08-03,SKU-0067,96,0,26,40.0
2025-08-10,SKU-0067,21,314,26,40.0
2025-08-17,SKU-0067,0,312,26,40.0
2025-08-24,SKU-0067,0,326,26,40.0
2025-08-31,SKU-0067,247,0,26,40.0
2025-09-07,SKU-0067,182,0,26,40.0
2025-09-14,SKU-0067,106,0,26,40.0
2025-09-21,SKU-0067,332,0,26,40.0
2025-09-28,SKU-0067,257,0,26,40.0
2025-10-05,SKU-0067,152,0,26,40.0
2025-10-12,SKU-0067,36,399,26,40.0
2025-10-19,SKU-0067,371,0,26,40.0
2025-10-26,SKU-0067,251,0,26,40.0
2025-11-02,SKU-0067,135,0,26,40.0
2025-11-09,SKU-0067,407,0,26,40.0
2025-11-16,SKU-0067,283,0,26,40.0
2025-11-23,SKU-0067,204,0,26,40.0
2025-11-30,SKU-0067,124,0,26,40.0
2025-12-07,SKU-0067,382,0,26,40.0
2025-12-14,SKU-0067,302,0,26,40.0
2025-12-21,SKU-0067,161,0,26,40.0
2025-12-28,SKU-0067,21,482,26,40.0
2026-01-04,SKU-0067,420,0,26,40.0
2026-01-11,SKU-0067,326,0,26,40.0
2026-01-18,SKU-0067,229,0,26,40.0
2026-01-25,SKU-0067,123,0,26,40.0
2026-02-01,SKU-0067,35,422,26,40.0
2026-02-08,SKU-0067,340,0,26,40.0
2026-02-15,SKU-0067,237,0,26,40.0
2026-02-22,SKU-0067,140,0,26,40.0
2026-03-01,SKU-0067,35,442,26,40.0
2026-03-08,SKU-0067,0,446,26,40.0
2026-03-15,SKU-0067,386,0,26,40.0
2026-03-22,SKU-0067,265,0,26,40.0
2026-03-29,SKU-0067,166,0,26,40.0
2026-04-05,SKU-0067,68,0,26,40.0
2026-04-12,SKU-0067,0,471,26,40.0
2026-04-19,SKU-0067,0,442,26,40.0
2026-04-26,SKU-0067,275,0,26,40.0
2026-05-03,SKU-0067,174,0,26,40.0
2026-05-10,SKU-0067,60,0,26,40.0
2026-05-17,SKU-0067,271,0,26,40.0
2026-05-24,SKU-0067,158,0,26,40.0
2026-05-31,SKU-0067,61,0,26,40.0
2026-06-07,SKU-0067,420,0,26,40.0
2026-06-14,SKU-0067,310,0,26,40.0
2026-06-21,SKU-0067,167,0,26,40.0
2026-06-28,SKU-0067,18,548,26,40.0
2026-07-05,SKU-0067,300,0,26,40.0
2026-07-12,SKU-0067,196,0,26,40.0
2026-07-19,SKU-0067,126,0,26,40.0
2026-07-26,SKU-0067,42,0,26,40.0
2026-08-02,SKU-0067,303,0,26,40.0
2026-08-09,SKU-0067,232,0,26,40.0
2026-08-16,SKU-0067,161,0,26,40.0
2026-08-23,SKU-0067,71,0,26,40.0
2026-08-30,SKU-0067,218,0,26,40.0
2024-12-08,SKU-0068,198,0,6,74.0
2024-12-15,SKU-0068,177,0,6,74.0
2024-12-22,SKU-0068,134,0,6,74.0
2024-12-29,SKU-0068,88,0,6,74.0
2025-01-05,SKU-0068,161,0,6,74.0
2025-01-12,SKU-0068,141,0,6,74.0
2025-01-19,SKU-0068,115,0,6,74.0
2025-01-26,SKU-0068,89,0,6,74.0
2025-02-02,SKU-0068,163,0,6,74.0
2025-02-09,SKU-0068,134,0,6,74.0
2025-02-16,SKU-0068,114,0,6,74.0
2025-02-23,SKU-0068,97,0,6,74.0
2025-03-02,SKU-0068,66,168,6,74.0
2025-03-09,SKU-0068,53,150,6,74.0
2025-03-16,SKU-0068,29,170,6,74.0
2025-03-23,SKU-0068,100,0,6,74.0
2025-03-30,SKU-0068,84,0,6,74.0
2025-04-06,SKU-0068,220,0,6,74.0
2025-04-13,SKU-0068,202,0,6,74.0
2025-04-20,SKU-0068,184,0,6,74.0
2025-04-27,SKU-0068,163,0,6,74.0
2025-05-04,SKU-0068,139,0,6,74.0
2025-05-11,SKU-0068,118,0,6,74.0
2025-05-18,SKU-0068,103,0,6,74.0
2025-05-25,SKU-0068,85,0,6,74.0
2025-06-01,SKU-0068,60,159,6,74.0
2025-06-08,SKU-0068,145,0,6,74.0
2025-06-15,SKU-0068,125,0,6,74.0
2025-06-22,SKU-0068,78,0,6,74.0
2025-06-29,SKU-0068,164,0,6,74.0
2025-07-06,SKU-0068,143,0,6,74.0
2025-07-13,SKU-0068,119,0,6,74.0
2025-07-20,SKU-0068,91,0,6,74.0
2025-07-27,SKU-0068,229,0,6,74.0
2025-08-03,SKU-0068,199,0,6,74.0
2025-08-10,SKU-0068,172,0,6,74.0
2025-08-17,SKU-0068,131,0,6,74.0
2025-08-24,SKU-0068,104,0,6,74.0
2025-08-31,SKU-0068,88,0,6,74.0
2025-09-07,SKU-0068,141,0,6,74.0
2025-09-14,SKU-0068,111,0,6,74.0
2025-09-21,SKU-0068,178,0,6,
2025-09-28,SKU-0068,138,0,6,74.0
2025-10-05,SKU-0068,99,0,6,74.0
2025-10-12,SKU-0068,44,206,6,74.0
2025-10-19,SKU-0068,0,222,6,74.0
2025-10-26,SKU-0068,180,0,6,74.0
2025-11-02,SKU-0068,136,0,6,74.0
2025-11-09,SKU-0068,91,0,6,74.0
2025-11-16,SKU-0068,37,225,6,74.0
2025-11-23,SKU-0068,14,197,6,74.0
2025-11-30,SKU-0068,0,188,6,74.0
2025-12-07,SKU-0068,159,0,6,74.0
2025-12-14,SKU-0068,135,0,6,74.0
2025-12-21,SKU-0068,99,0,6,74.0
2025-12-28,SKU-0068,198,0,6,74.0
2026-01-04,SKU-0068,157,0,6,74.0
2026-01-11,SKU-0068,133,0,6,74.0
2026-01-18,SKU-0068,96,0,6,74.0
2026-01-25,SKU-0068,61,178,6,74.0
2026-02-01,SKU-0068,133,0,6,74.0
2026-02-08,SKU-0068,97,0,6,74.0
2026-02-15,SKU-0068,72,163,6,74.0
2026-02-22,SKU-0068,53,158,6,74.0
2026-03-01,SKU-0068,139,0,6,74.0
2026-03-08,SKU-0068,127,0,6,
2026-03-15,SKU-0068,108,0,6,74.0
2026-03-22,SKU-0068,85,0,6,74.0
2026-03-29,SKU-0068,153,0,6,74.0
2026-04-05,SKU-0068,138,0,6,74.0
2026-04-12,SKU-0068,115,0,6,74.0
2026-04-19,SKU-0068,95,0,6,74.0
2026-04-26,SKU-0068,72,174,6,74.0
2026-05-03,SKU-0068,180,0,6,74.0
2026-05-10,SKU-0068,158,0,6,74.0
2026-05-17,SKU-0068,140,0,6,74.0
2026-05-24,SKU-0068,112,0,6,74.0
2026-05-31,SKU-0068,82,0,6,74.0
2026-06-07,SKU-0068,172,0,6,74.0
2026-06-14,SKU-0068,146,0,6,74.0
2026-06-21,SKU-0068,96,0,6,74.0
2026-06-28,SKU-0068,203,0,6,74.0
2026-07-05,SKU-0068,183,0,6,74.0
2026-07-12,SKU-0068,151,0,6,74.0
2026-07-19,SKU-0068,118,0,6,74.0
2026-07-26,SKU-0068,90,0,6,74.0
2026-08-02,SKU-0068,208,0,6,74.0
2026-08-09,SKU-0068,173,0,6,74.0
2026-08-16,SKU-0068,127,0,6,74.0
2026-08-23,SKU-0068,106,0,6,74.0
2026-08-30,SKU-0068,77,0,6,74.0
2024-04-21,SKU-0069,62,0,26,62.0
2024-04-28,SKU-0069,132,0,26,62.0
2024-05-05,SKU-0069,116,0,26,62.0
2024-05-12,SKU-0069,97,0,26,62.0
2024-05-19,SKU-0069,80,0,26,62.0
2024-05-26,SKU-0069,73,0,26,62.0
2024-06-02,SKU-0069,196,0,26,62.0
2024-06-09,SKU-0069,181,0,26,62.0
2024-06-16,SKU-0069,163,0,26,62.0
2024-06-23,SKU-0069,144,0,26,62.0
2024-06-30,SKU-0069,115,0,26,62.0
2024-07-07,SKU-0069,93,0,26,62.0
2024-07-14,SKU-0069,79,0,26,62.0
2024-07-21,SKU-0069,60,129,26,62.0
2024-07-28,SKU-0069,190,0,26,62.0
2024-08-04,SKU-0069,169,0,26,62.0
2024-08-11,SKU-0069,152,0,26,62.0
2024-08-18,SKU-0069,135,0,26,62.0
2024-08-25,SKU-0069,117,0,26,62.0
2024-09-01,SKU-0069,112,0,26,62.0
2024-09-08,SKU-0069,97,0,26,62.0
2024-09-15,SKU-0069,69,0,26,62.0
2024-09-22,SKU-0069,155,0,26,62.0
2024-09-29,SKU-0069,123,0,26,62.0
2024-10-06,SKU-0069,76,0,26,62.0
2024-10-13,SKU-0069,150,0,26,62.0
2024-10-20,SKU-0069,116,0,26,62.0
2024-10-27,SKU-0069,74,0,26,62.0
2024-11-03,SKU-0069,35,207,26,62.0
2024-11-10,SKU-0069,185,0,26,62.0
2024-11-17,SKU-0069,141,0,26,62.0
2024-11-24,SKU-0069,104,0,26,62.0
2024-12-01,SKU-0069,82,0,26,62.0
2024-12-08,SKU-0069,54,176,26,62.0
2024-12-15,SKU-0069,155,0,26,62.0
2024-12-22,SKU-0069,111,0,26,62.0
2024-12-29,SKU-0069,63,0,26,62.0
2025-01-05,SKU-0069,187,0,26,62.0
2025-01-12,SKU-0069,155,0,26,62.0
2025-01-19,SKU-0069,136,0,26,62.0
2025-01-26,SKU-0069,107,0,26,62.0
2025-02-02,SKU-0069,91,0,26,62.0
2025-02-09,SKU-0069,72,0,26,62.0
2025-02-16,SKU-0069,46,131,26,62.0
2025-02-23,SKU-0069,122,0,26,62.0
2025-03-02,SKU-0069,97,0,26,62.0
2025-03-09,SKU-0069,74,0,26,62.0
2025-03-16,SKU-0069,165,0,26,62.0
2025-03-23,SKU-0069,131,0,26,62.0
2025-03-30,SKU-0069,103,0,26,62.0
2025-04-06,SKU-0069,98,0,26,62.0
2025-04-13,SKU-0069,75,0,26,62.0
2025-04-20,SKU-0069,49,139,26,62.0
2025-04-27,SKU-0069,131,0,26,62.0
2025-05-04,SKU-0069,113,0,26,62.0
2025-05-11,SKU-0069,95,0,26,62.0
2025-05-18,SKU-0069,78,0,26,62.0
2025-05-25,SKU-0069,54,134,26,62.0
2025-06-01,SKU-0069,169,0,26,62.0
2025-06-08,SKU-0069,152,0,26,62.0
2025-06-15,SKU-0069,125,0,26,62.0
2025-06-22,SKU-0069,86,0,26,62.0
2025-06-29,SKU-0069,55,136,26,62.0
2025-07-06,SKU-0069,182,0,26,62.0
2025-07-13,SKU-0069,173,0,26,62.0
2025-07-20,SKU-0069,155,0,26,62.0
2025-07-27,SKU-0069,122,0,26,62.0
2025-08-03,SKU-0069,112,0,26,62.0
2025-08-10,SKU-0069,75,0,26,62.0
2025-08-17,SKU-0069,57,128,26,62.0
2025-08-24,SKU-0069,129,0,26,62.0
2025-08-31,SKU-0069,117,0,26,62.0
2025-09-07,SKU-0069,95,0,26,62.0
2025-09-14,SKU-0069,66,0,26,62.0
2025-09-21,SKU-0069,171,0,26,62.0
2025-09-28,SKU-0069,154,0,26,62.0
2025-10-05,SKU-0069,125,0,26,62.0
2025-10-12,SKU-0069,71,0,26,62.0
2025-10-19,SKU-0069,156,0,26,62.0
2025-10-26,SKU-0069,95,0,26,62.0
2025-11-02,SKU-0069,217,0,26,62.0
2025-11-09,SKU-0069,173,0,26,62.0
2025-11-16,SKU-0069,119,0,26,62.0
2025-11-23,SKU-0069,92,0,26,62.0
2025-11-30,SKU-0069,58,194,26,62.0
2025-12-07,SKU-0069,178,0,26,62.0
2025-12-14,SKU-0069,145,0,26,62.0
2025-12-21,SKU-0069,87,0,26,62.0
2025-12-28,SKU-0069,52,186,26,62.0
2026-01-04,SKU-0069,10,194,26,62.0
2026-01-11,SKU-0069,0,186,26,62.0
2026-01-18,SKU-0069,107,0,26,62.0
2026-01-25,SKU-0069,88,0,26,62.0
2026-02-01,SKU-0069,79,0,26,62.0
2026-02-08,SKU-0069,50,129,26,62.0
2026-02-15,SKU-0069,176,0,26,62.0
2026-02-22,SKU-0069,155,0,26,62.0
2026-03-01,SKU-0069,122,0,26,62.0
2026-03-08,SKU-0069,105,0,26,62.0
2026-03-15,SKU-0069,83,0,26,62.0
2026-03-22,SKU-0069,55,126,26,62.0
2026-03-29,SKU-0069,28,134,26,62.0
2026-04-05,SKU-0069,3,135,26,62.0
2026-04-12,SKU-0069,0,144,26,62.0
2026-04-19,SKU-0069,0,128,26,62.0
2026-04-26,SKU-0069,0,148,26,62.0
2026-05-03,SKU-0069,77,0,26,62.0
2026-05-10,SKU-0069,56,132,26,62.0
2026-05-17,SKU-0069,133,0,26,62.0
2026-05-24,SKU-0069,111,0,26,62.0
2026-05-31,SKU-0069,76,0,26,62.0
2026-06-07,SKU-0069,50,125,26,62.0
2026-06-14,SKU-0069,101,0,26,62.0
2026-06-21,SKU-0069,63,0,26,62.0
2026-06-28,SKU-0069,22,157,26,62.0
2026-07-05,SKU-0069,117,0,26,62.0
2026-07-12,SKU-0069,98,0,26,62.0
2026-07-19,SKU-0069,75,0,26,62.0
2026-07-26,SKU-0069,190,0,26,62.0
2026-08-02,SKU-0069,163,0,26,62.0
2026-08-09,SKU-0069,141,0,26,62.0
2026-08-16,SKU-0069,108,0,26,62.0
2026-08-23,SKU-0069,74,0,26,62.0
2026-08-30,SKU-0069,39,154,26,62.0
2024-04-07,SKU-0070,117,0,21,47.0
2024-04-14,SKU-0070,100,0,21,47.0
2024-04-21,SKU-0070,83,0,21,47.0
2024-04-28,SKU-0070,72,0,21,47.0
2024-05-05,SKU-0070,63,0,21,47.0
2024-05-12,SKU-0070,47,0,21,47.0
2024-05-19,SKU-0070,123,0,21,47.0
2024-05-26,SKU-0070,113,0,21,47.0
2024-06-02,SKU-0070,108,0,21,47.0
2024-06-09,SKU-0070,100,0,21,47.0
2024-06-16,SKU-0070,77,0,21,47.0
2024-06-23,SKU-0070,65,0,21,47.0
2024-06-30,SKU-0070,47,0,21,47.0
2024-07-07,SKU-0070,35,98,21,47.0
2024-07-14,SKU-0070,26,117,21,47.0
2024-07-21,SKU-0070,93,0,21,47.0
2024-07-28,SKU-0070,81,0,21,47.0
2024-08-04,SKU-0070,68,0,21,47.0
2024-08-11,SKU-0070,56,0,21,47.0
2024-08-18,SKU-0070,51,0,21,47.0
2024-08-25,SKU-0070,38,106,21,47.0
2024-09-01,SKU-0070,27,96,21,47.0
2024-09-08,SKU-0070,81,0,21,47.0
2024-09-15,SKU-0070,68,0,21,47.0
2024-09-22,SKU-0070,53,0,21,47.0
2024-09-29,SKU-0070,39,103,21,47.0
2024-10-06,SKU-0070,80,0,21,47.0
2024-10-13,SKU-0070,60,0,21,47.0
2024-10-20,SKU-0070,142,0,21,47.0
2024-10-27,SKU-0070,117,0,21,47.0
2024-11-03,SKU-0070,97,0,21,47.0
2024-11-10,SKU-0070,64,0,21,47.0
2024-11-17,SKU-0070,43,130,21,47.0
2024-11-24,SKU-0070,94,0,21,47.0
2024-12-01,SKU-0070,81,0,21,47.0
2024-12-08,SKU-0070,65,0,21,47.0
2024-12-15,SKU-0070,47,0,21,47.0
2024-12-22,SKU-0070,76,0,21,47.0
2024-12-29,SKU-0070,120,0,21,47.0
2025-01-05,SKU-0070,100,0,21,47.0
2025-01-12,SKU-0070,86,0,21,47.0
2025-01-19,SKU-0070,75,0,21,47.0
2025-01-26,SKU-0070,63,0,21,47.0
2025-02-02,SKU-0070,52,0,21,47.0
2025-02-09,SKU-0070,40,100,21,47.0
2025-02-16,SKU-0070,145,0,21,47.0
2025-02-23,SKU-0070,127,0,21,47.0
2025-03-02,SKU-0070,122,0,21,47.0
2025-03-09,SKU-0070,117,0,21,47.0
2025-03-16,SKU-0070,104,0,21,47.0
2025-03-23,SKU-0070,98,0,21,47.0
2025-03-30,SKU-0070,92,0,21,47.0
2025-04-06,SKU-0070,84,0,21,47.0
2025-04-13,SKU-0070,75,0,21,47.0
2025-04-20,SKU-0070,72,0,21,47.0
2025-04-27,SKU-0070,60,0,21,47.0
2025-05-04,SKU-0070,47,0,21,47.0
2025-05-11,SKU-0070,34,122,21,47.0
2025-05-18,SKU-0070,100,0,21,47.0
2025-05-25,SKU-0070,89,0,21,47.0
2025-06-01,SKU-0070,78,0,21,47.0
2025-06-08,SKU-0070,67,0,21,47.0
2025-06-15,SKU-0070,54,0,21,47.0
2025-06-22,SKU-0070,113,0,21,47.0
2025-06-29,SKU-0070,92,0,21,47.0
2025-07-06,SKU-0070,86,0,21,47.0
2025-07-13,SKU-0070,72,0,21,47.0
2025-07-20,SKU-0070,68,0,21,47.0
2025-07-27,SKU-0070,60,0,21,47.0
2025-08-03,SKU-0070,48,0,21,47.0
2025-08-10,SKU-0070,91,0,21,47.0
2025-08-17,SKU-0070,84,0,21,47.0
2025-08-24,SKU-0070,69,0,21,47.0
2025-08-31,SKU-0070,57,0,21,47.0
2025-09-07,SKU-0070,43,105,21,47.0
2025-09-14,SKU-0070,22,119,21,47.0
2025-09-21,SKU-0070,8,115,21,47.0
2025-09-28,SKU-0070,3,111,21,47.0
2025-10-05,SKU-0070,86,0,21,47.0
2025-10-12,SKU-0070,59,0,21,47.0
2025-10-19,SKU-0070,33,95,21,47.0
2025-10-26,SKU-0070,4,123,21,47.0
2025-11-02,SKU-0070,0,134,21,47.0
2025-11-09,SKU-0070,106,0,21,47.0
2025-11-16,SKU-0070,105,0,21,47.0
2025-11-23,SKU-0070,112,0,21,47.0
2025-11-30,SKU-0070,120,0,21,47.0
2025-12-07,SKU-0070,121,0,21,47.0
2025-12-14,SKU-0070,121,0,21,47.0
2025-12-21,SKU-0070,120,0,21,47.0
2025-12-28,SKU-0070,123,0,21,47.0
2026-01-04,SKU-0070,126,0,21,47.0
2026-01-11,SKU-0070,131,0,21,47.0
2026-01-18,SKU-0070,135,0,21,47.0
2026-01-25,SKU-0070,143,0,21,47.0
2026-02-01,SKU-0070,142,0,21,47.0
2026-02-08,SKU-0070,145,0,21,47.0
2026-02-15,SKU-0070,146,0,21,47.0
2026-02-22,SKU-0070,150,0,21,47.0
2026-03-01,SKU-0070,150,0,21,47.0
2026-03-08,SKU-0070,157,0,21,47.0
2026-03-15,SKU-0070,161,0,21,47.0
2026-03-22,SKU-0070,161,0,21,47.0
2026-03-29,SKU-0070,162,0,21,47.0
2026-04-05,SKU-0070,165,0,21,47.0
2026-04-12,SKU-0070,172,0,21,47.0
2026-04-19,SKU-0070,175,0,21,47.0
2026-04-26,SKU-0070,175,0,21,47.0
2026-05-03,SKU-0070,178,0,21,47.0
2026-05-10,SKU-0070,178,0,21,47.0
2026-05-17,SKU-0070,180,0,21,47.0
2026-05-24,SKU-0070,180,0,21,47.0
2026-05-31,SKU-0070,185,0,21,47.0
2026-06-07,SKU-0070,189,0,21,47.0
2026-06-14,SKU-0070,192,0,21,47.0
2026-06-21,SKU-0070,194,0,21,47.0
2026-06-28,SKU-0070,201,0,21,47.0
2026-07-05,SKU-0070,208,0,21,47.0
2026-07-12,SKU-0070,209,0,21,47.0
2026-07-19,SKU-0070,211,0,21,47.0
2026-07-26,SKU-0070,214,0,21,47.0
2026-08-02,SKU-0070,215,0,21,47.0
2026-08-09,SKU-0070,214,0,21,47.0
2026-08-16,SKU-0070,220,0,21,47.0
2026-08-23,SKU-0070,219,0,21,47.0
2026-08-30,SKU-0070,224,0,21,47.0
2024-02-25,SKU-0071,111,0,14,19.0
2024-03-03,SKU-0071,95,0,14,19.0
2024-03-10,SKU-0071,86,0,14,19.0
2024-03-17,SKU-0071,70,0,14,19.0
2024-03-24,SKU-0071,49,0,14,19.0
2024-03-31,SKU-0071,26,0,14,19.0
2024-04-07,SKU-0071,90,0,14,19.0
2024-04-14,SKU-0071,74,0,14,19.0
2024-04-21,SKU-0071,57,0,14,19.0
2024-04-28,SKU-0071,36,0,14,19.0
2024-05-05,SKU-0071,8,109,14,19.0
2024-05-12,SKU-0071,94,0,14,19.0
2024-05-19,SKU-0071,77,0,14,19.0
2024-05-26,SKU-0071,58,0,14,19.0
2024-06-02,SKU-0071,33,0,14,19.0
2024-06-09,SKU-0071,2,131,14,19.0
2024-06-16,SKU-0071,77,0,14,19.0
2024-06-23,SKU-0071,30,0,14,19.0
2024-06-30,SKU-0071,0,191,14,19.0
2024-07-07,SKU-0071,161,0,14,19.0
2024-07-14,SKU-0071,146,0,14,19.0
2024-07-21,SKU-0071,119,0,14,19.0
2024-07-28,SKU-0071,92,0,14,19.0
2024-08-04,SKU-0071,71,0,14,19.0
2024-08-11,SKU-0071,47,0,14,19.0
2024-08-18,SKU-0071,30,0,14,19.0
2024-08-25,SKU-0071,6,131,14,19.0
2024-09-01,SKU-0071,101,0,14,19.0
2024-09-08,SKU-0071,68,0,14,19.0
2024-09-15,SKU-0071,40,0,14,19.0
2024-09-22,SKU-0071,23,0,14,19.0
2024-09-29,SKU-0071,85,0,14,19.0
2024-10-06,SKU-0071,45,0,14,19.0
2024-10-13,SKU-0071,24,0,14,19.0
2024-10-20,SKU-0071,100,0,14,19.0
2024-10-27,SKU-0071,66,0,14,19.0
2024-11-03,SKU-0071,32,0,14,19.0
2024-11-10,SKU-0071,9,147,14,19.0
2024-11-17,SKU-0071,0,143,14,19.0
2024-11-24,SKU-0071,117,0,14,19.0
2024-12-01,SKU-0071,100,0,14,19.0
2024-12-08,SKU-0071,88,0,14,19.0
2024-12-15,SKU-0071,57,0,14,19.0
2024-12-22,SKU-0071,25,0,14,19.0
2024-12-29,SKU-0071,1,127,14,19.0
2025-01-05,SKU-0071,0,128,14,19.0
2025-01-12,SKU-0071,0,134,14,19.0
2025-01-19,SKU-0071,0,126,14,19.0
2025-01-26,SKU-0071,69,0,14,19.0
2025-02-02,SKU-0071,46,0,14,19.0
2025-02-09,SKU-0071,36,0,14,19.0
2025-02-16,SKU-0071,27,0,14,19.0
2025-02-23,SKU-0071,7,79,14,19.0
2025-03-02,SKU-0071,79,0,14,19.0
2025-03-09,SKU-0071,68,0,14,19.0
2025-03-16,SKU-0071,53,0,14,19.0
2025-03-23,SKU-0071,35,0,14,19.0
2025-03-30,SKU-0071,20,0,14,19.0
2025-04-06,SKU-0071,0,104,14,19.0
2025-04-13,SKU-0071,84,0,14,19.0
2025-04-20,SKU-0071,60,0,14,19.0
2025-04-27,SKU-0071,40,0,14,19.0
2025-05-04,SKU-0071,29,0,14,19.0
2025-05-11,SKU-0071,97,0,14,19.0
2025-05-18,SKU-0071,68,0,14,19.0
2025-05-25,SKU-0071,48,0,14,19.0
2025-06-01,SKU-0071,21,0,14,19.0
2025-06-08,SKU-0071,0,130,14,19.0
2025-06-15,SKU-0071,124,0,14,19.0
2025-06-22,SKU-0071,93,0,14,19.0
2025-06-29,SKU-0071,41,0,14,19.0
2025-07-06,SKU-0071,5,167,14,19.0
2025-07-13,SKU-0071,131,0,14,19.0
2025-07-20,SKU-0071,110,0,14,19.0
2025-07-27,SKU-0071,79,0,14,19.0
2025-08-03,SKU-0071,55,0,14,19.0
2025-08-10,SKU-0071,23,0,14,19.0
2025-08-17,SKU-0071,3,151,14,19.0
2025-08-24,SKU-0071,0,144,14,19.0
2025-08-31,SKU-0071,112,0,14,19.0
2025-09-07,SKU-0071,94,0,14,19.0
2025-09-14,SKU-0071,72,0,14,19.0
2025-09-21,SKU-0071,48,0,14,19.0
2025-09-28,SKU-0071,25,0,14,19.0
2025-10-05,SKU-0071,0,147,14,19.0
2025-10-12,SKU-0071,0,165,14,19.0
2025-10-19,SKU-0071,0,173,14,19.0
2025-10-26,SKU-0071,0,171,14,19.0
2025-11-02,SKU-0071,117,0,14,19.0
2025-11-09,SKU-0071,93,0,14,19.0
2025-11-16,SKU-0071,59,0,14,19.0
2025-11-23,SKU-0071,42,0,14,19.0
2025-11-30,SKU-0071,26,0,14,19.0
2025-12-07,SKU-0071,0,140,14,19.0
2025-12-14,SKU-0071,61,0,14,19.0
2025-12-21,SKU-0071,20,0,14,19.0
2025-12-28,SKU-0071,0,151,14,19.0
2026-01-04,SKU-0071,131,0,14,19.0
2026-01-11,SKU-0071,120,0,14,19.0
2026-01-18,SKU-0071,99,0,14,19.0
2026-01-25,SKU-0071,80,0,14,19.0
2026-02-01,SKU-0071,67,0,14,19.0
2026-02-08,SKU-0071,54,0,14,19.0
2026-02-15,SKU-0071,46,0,14,19.0
2026-02-22,SKU-0071,21,0,14,19.0
2026-03-01,SKU-0071,78,0,14,19.0
2026-03-08,SKU-0071,60,0,14,19.0
2026-03-15,SKU-0071,39,0,14,19.0
2026-03-22,SKU-0071,27,0,14,19.0
2026-03-29,SKU-0071,9,97,14,19.0
2026-04-05,SKU-0071,81,0,14,19.0
2026-04-12,SKU-0071,64,0,14,19.0
2026-04-19,SKU-0071,46,0,14,19.0
2026-04-26,SKU-0071,28,0,14,19.0
2026-05-03,SKU-0071,11,103,14,19.0
2026-05-10,SKU-0071,73,0,14,19.0
2026-05-17,SKU-0071,52,0,14,19.0
2026-05-24,SKU-0071,28,0,14,19.0
2026-05-31,SKU-0071,121,0,14,19.0
2026-06-07,SKU-0071,92,0,14,19.0
2026-06-14,SKU-0071,70,0,14,19.0
2026-06-21,SKU-0071,24,0,14,19.0
2026-06-28,SKU-0071,0,175,14,19.0
2026-07-05,SKU-0071,0,177,14,19.0
2026-07-12,SKU-0071,101,0,14,19.0
2026-07-19,SKU-0071,77,0,14,19.0
2026-07-26,SKU-0071,56,0,14,19.0
2026-08-02,SKU-0071,39,0,14,19.0
2026-08-09,SKU-0071,98,0,14,19.0
2026-08-16,SKU-0071,80,0,14,19.0
2026-08-23,SKU-0071,64,0,14,19.0
2026-08-30,SKU-0071,22,0,14,19.0
2024-06-30,SKU-0072,45,0,18,26.0
2024-07-07,SKU-0072,87,0,18,26.0
2024-07-14,SKU-0072,52,0,18,26.0
2024-07-21,SKU-0072,118,0,18,26.0
2024-07-28,SKU-0072,86,0,18,26.0
2024-08-04,SKU-0072,66,0,18,26.0
2024-08-11,SKU-0072,34,0,18,26.0
2024-08-18,SKU-0072,135,0,18,26.0
2024-08-25,SKU-0072,118,0,18,26.0
2024-09-01,SKU-0072,86,0,18,26.0
2024-09-08,SKU-0072,54,0,18,26.0
2024-09-15,SKU-0072,21,154,18,26.0
2024-09-22,SKU-0072,8,134,18,26.0
2024-09-29,SKU-0072,0,135,18,26.0
2024-10-06,SKU-0072,87,0,18,26.0
2024-10-13,SKU-0072,43,0,18,26.0
2024-10-20,SKU-0072,113,0,18,26.0
2024-10-27,SKU-0072,70,0,18,26.0
2024-11-03,SKU-0072,35,0,18,26.0
2024-11-10,SKU-0072,0,193,18,26.0
2024-11-17,SKU-0072,0,193,18,26.0
2024-11-24,SKU-0072,0,153,18,26.0
2024-12-01,SKU-0072,0,146,18,26.0
2024-12-08,SKU-0072,0,99,18,26.0
2024-12-15,SKU-0072,74,0,18,26.0
2024-12-22,SKU-0072,40,0,18,26.0
2024-12-29,SKU-0072,6,144,18,26.0
2025-01-05,SKU-0072,120,0,18,26.0
2025-01-12,SKU-0072,100,0,18,26.0
2025-01-19,SKU-0072,79,0,18,26.0
2025-01-26,SKU-0072,53,0,18,26.0
2025-02-02,SKU-0072,34,0,18,26.0
2025-02-09,SKU-0072,74,0,18,26.0
2025-02-16,SKU-0072,60,0,18,26.0
2025-02-23,SKU-0072,47,0,18,26.0
2025-03-02,SKU-0072,75,0,18,26.0
2025-03-09,SKU-0072,54,0,18,26.0
2025-03-16,SKU-0072,38,0,18,26.0
2025-03-23,SKU-0072,84,0,18,26.0
2025-03-30,SKU-0072,55,0,18,26.0
2025-04-06,SKU-0072,38,0,18,26.0
2025-04-13,SKU-0072,16,140,18,26.0
2025-04-20,SKU-0072,100,0,18,26.0
2025-04-27,SKU-0072,83,0,18,26.0
2025-05-04,SKU-0072,58,0,18,26.0
2025-05-11,SKU-0072,36,0,18,26.0
2025-05-18,SKU-0072,106,0,18,26.0
2025-05-25,SKU-0072,86,0,18,26.0
2025-06-01,SKU-0072,62,0,18,26.0
2025-06-08,SKU-0072,45,0,18,26.0
2025-06-15,SKU-0072,34,0,18,26.0
2025-06-22,SKU-0072,0,154,18,26.0
2025-06-29,SKU-0072,87,0,18,26.0
2025-07-06,SKU-0072,56,0,18,26.0
2025-07-13,SKU-0072,26,0,18,26.0
2025-07-20,SKU-0072,4,170,18,26.0
2025-07-27,SKU-0072,0,149,18,26.0
2025-08-03,SKU-0072,90,0,18,26.0
2025-08-10,SKU-0072,56,0,18,26.0
2025-08-17,SKU-0072,33,0,18,26.0
2025-08-24,SKU-0072,101,0,18,26.0
2025-08-31,SKU-0072,76,0,18,26.0
2025-09-07,SKU-0072,46,0,18,26.0
2025-09-14,SKU-0072,93,0,18,26.0
2025-09-21,SKU-0072,72,0,18,26.0
2025-09-28,SKU-0072,45,0,18,26.0
2025-10-05,SKU-0072,146,0,18,26.0
2025-10-12,SKU-0072,124,0,18,26.0
2025-10-19,SKU-0072,77,0,18,26.0
2025-10-26,SKU-0072,52,0,18,26.0
2025-11-02,SKU-0072,19,152,18,26.0
2025-11-09,SKU-0072,0,152,18,26.0
2025-11-16,SKU-0072,136,0,18,26.0
2025-11-23,SKU-0072,116,0,18,26.0
2025-11-30,SKU-0072,95,0,18,
2025-12-07,SKU-0072,71,0,18,26.0
2025-12-14,SKU-0072,49,0,18,26.0
2025-12-21,SKU-0072,21,122,18,26.0
2025-12-28,SKU-0072,0,130,18,26.0
2026-01-04,SKU-0072,0,121,18,26.0
2026-01-11,SKU-0072,0,129,18,26.0
2026-01-18,SKU-0072,109,0,18,26.0
2026-01-25,SKU-0072,95,0,18,26.0
2026-02-01,SKU-0072,80,0,18,26.0
2026-02-08,SKU-0072,62,0,18,26.0
2026-02-15,SKU-0072,46,0,18,26.0
2026-02-22,SKU-0072,92,0,18,26.0
2026-03-01,SKU-0072,76,0,18,26.0
2026-03-08,SKU-0072,53,0,18,26.0
2026-03-15,SKU-0072,41,0,18,26.0
2026-03-22,SKU-0072,26,0,18,26.0
2026-03-29,SKU-0072,79,0,18,26.0
2026-04-05,SKU-0072,58,0,18,26.0
2026-04-12,SKU-0072,40,0,18,26.0
2026-04-19,SKU-0072,120,0,18,26.0
2026-04-26,SKU-0072,101,0,18,26.0
2026-05-03,SKU-0072,83,0,18,26.0
2026-05-10,SKU-0072,63,0,18,26.0
2026-05-17,SKU-0072,38,0,18,26.0
2026-05-24,SKU-0072,30,0,18,26.0
2026-05-31,SKU-0072,71,0,18,26.0
2026-06-07,SKU-0072,47,0,18,26.0
2026-06-14,SKU-0072,42,0,18,26.0
2026-06-21,SKU-0072,4,116,18,26.0
2026-06-28,SKU-0072,134,0,18,26.0
2026-07-05,SKU-0072,103,0,18,26.0
2026-07-12,SKU-0072,60,0,18,26.0
2026-07-19,SKU-0072,37,0,18,26.0
2026-07-26,SKU-0072,18,125,18,26.0
2026-08-02,SKU-0072,1,127,18,26.0
2026-08-09,SKU-0072,74,0,18,26.0
2026-08-16,SKU-0072,57,0,18,26.0
2026-08-23,SKU-0072,37,0,18,26.0
2026-08-30,SKU-0072,23,115,18,26.0
2025-02-23,SKU-0073,84,0,5,45.0
2025-03-02,SKU-0073,38,156,5,45.0
2025-03-09,SKU-0073,139,0,5,45.0
2025-03-16,SKU-0073,110,0,5,45.0
2025-03-23,SKU-0073,72,0,5,45.0
2025-03-30,SKU-0073,37,184,5,45.0
2025-04-06,SKU-0073,0,196,5,45.0
2025-04-13,SKU-0073,124,0,5,45.0
2025-04-20,SKU-0073,87,0,5,45.0
2025-04-27,SKU-0073,45,0,5,45.0
2025-05-04,SKU-0073,110,0,5,45.0
2025-05-11,SKU-0073,57,0,5,45.0
2025-05-18,SKU-0073,153,0,5,45.0
2025-05-25,SKU-0073,98,0,5,45.0
2025-06-01,SKU-0073,60,0,5,45.0
2025-06-08,SKU-0073,6,223,5,45.0
2025-06-15,SKU-0073,143,0,5,45.0
2025-06-22,SKU-0073,55,0,5,45.0
2025-06-29,SKU-0073,212,0,5,45.0
2025-07-06,SKU-0073,169,0,5,45.0
2025-07-13,SKU-0073,130,0,5,45.0
2025-07-20,SKU-0073,69,0,5,45.0
2025-07-27,SKU-0073,215,0,5,45.0
2025-08-03,SKU-0073,166,0,5,45.0
2025-08-10,SKU-0073,125,0,5,45.0
2025-08-17,SKU-0073,79,0,5,45.0
2025-08-24,SKU-0073,33,196,5,45.0
2025-08-31,SKU-0073,130,0,5,45.0
2025-09-07,SKU-0073,78,0,5,45.0
2025-09-14,SKU-0073,204,0,5,45.0
2025-09-21,SKU-0073,153,0,5,45.0
2025-09-28,SKU-0073,94,0,5,45.0
2025-10-05,SKU-0073,34,256,5,45.0
2025-10-12,SKU-0073,274,0,5,45.0
2025-10-19,SKU-0073,208,0,5,45.0
2025-10-26,SKU-0073,132,0,5,45.0
2025-11-02,SKU-0073,373,0,5,45.0
2025-11-09,SKU-0073,302,0,5,45.0
2025-11-16,SKU-0073,229,0,5,45.0
2025-11-23,SKU-0073,189,0,5,45.0
2025-11-30,SKU-0073,156,0,5,45.0
2025-12-07,SKU-0073,118,0,5,45.0
2025-12-14,SKU-0073,90,0,5,45.0
2025-12-21,SKU-0073,163,0,5,45.0
2025-12-28,SKU-0073,101,0,5,45.0
2026-01-04,SKU-0073,40,239,5,45.0
2026-01-11,SKU-0073,137,0,5,45.0
2026-01-18,SKU-0073,108,0,5,45.0
2026-01-25,SKU-0073,77,0,5,45.0
2026-02-01,SKU-0073,49,0,5,45.0
2026-02-08,SKU-0073,156,0,5,45.0
2026-02-15,SKU-0073,112,0,5,45.0
2026-02-22,SKU-0073,81,0,5,45.0
2026-03-01,SKU-0073,55,0,5,45.0
2026-03-08,SKU-0073,155,0,5,45.0
2026-03-15,SKU-0073,122,0,5,45.0
2026-03-22,SKU-0073,98,0,5,45.0
2026-03-29,SKU-0073,58,0,5,45.0
2026-04-05,SKU-0073,12,160,5,45.0
2026-04-12,SKU-0073,0,172,5,45.0
2026-04-19,SKU-0073,120,0,5,45.0
2026-04-26,SKU-0073,91,0,5,45.0
2026-05-03,SKU-0073,62,0,5,45.0
2026-05-10,SKU-0073,20,176,5,45.0
2026-05-17,SKU-0073,147,0,5,45.0
2026-05-24,SKU-0073,120,0,5,45.0
2026-05-31,SKU-0073,80,0,5,45.0
2026-06-07,SKU-0073,46,0,5,45.0
2026-06-14,SKU-0073,182,0,5,45.0
2026-06-21,SKU-0073,116,0,5,45.0
2026-06-28,SKU-0073,274,0,5,45.0
2026-07-05,SKU-0073,238,0,5,45.0
2026-07-12,SKU-0073,186,0,5,45.0
2026-07-19,SKU-0073,141,0,5,45.0
2026-07-26,SKU-0073,99,0,5,45.0
2026-08-02,SKU-0073,48,0,5,45.0
2026-08-09,SKU-0073,9,201,5,45.0
2026-08-16,SKU-0073,163,0,5,45.0
2026-08-23,SKU-0073,127,0,5,45.0
2026-08-30,SKU-0073,87,0,5,45.0
2024-12-08,SKU-0074,126,0,18,70.0
2024-12-15,SKU-0074,87,0,18,70.0
2024-12-22,SKU-0074,15,186,18,70.0
2024-12-29,SKU-0074,144,0,18,70.0
2025-01-05,SKU-0074,90,0,18,70.0
2025-01-12,SKU-0074,267,0,18,70.0
2025-01-19,SKU-0074,223,0,18,70.0
2025-01-26,SKU-0074,181,0,18,70.0
2025-02-02,SKU-0074,148,0,18,70.0
2025-02-09,SKU-0074,103,0,18,70.0
2025-02-16,SKU-0074,61,209,18,70.0
2025-02-23,SKU-0074,18,207,18,70.0
2025-03-02,SKU-0074,0,205,18,70.0
2025-03-09,SKU-0074,110,0,18,70.0
2025-03-16,SKU-0074,83,0,18,70.0
2025-03-23,SKU-0074,132,0,18,70.0
2025-03-30,SKU-0074,96,0,18,70.0
2025-04-06,SKU-0074,62,155,18,70.0
2025-04-13,SKU-0074,110,0,18,70.0
2025-04-20,SKU-0074,86,0,18,70.0
2025-04-27,SKU-0074,42,172,18,70.0
2025-05-04,SKU-0074,113,0,18,70.0
2025-05-11,SKU-0074,73,0,18,70.0
2025-05-18,SKU-0074,189,0,18,70.0
2025-05-25,SKU-0074,149,0,18,70.0
2025-06-01,SKU-0074,110,0,18,70.0
2025-06-08,SKU-0074,84,0,18,70.0
2025-06-15,SKU-0074,49,170,18,70.0
2025-06-22,SKU-0074,100,0,18,70.0
2025-06-29,SKU-0074,210,0,18,70.0
2025-07-06,SKU-0074,166,0,18,70.0
2025-07-13,SKU-0074,126,0,18,70.0
2025-07-20,SKU-0074,89,0,18,70.0
2025-07-27,SKU-0074,158,0,18,70.0
2025-08-03,SKU-0074,127,0,18,70.0
2025-08-10,SKU-0074,96,0,18,70.0
2025-08-17,SKU-0074,58,196,18,70.0
2025-08-24,SKU-0074,8,178,18,70.0
2025-08-31,SKU-0074,0,191,18,70.0
2025-09-07,SKU-0074,162,0,18,70.0
2025-09-14,SKU-0074,114,0,18,70.0
2025-09-21,SKU-0074,65,217,18,70.0
2025-09-28,SKU-0074,29,199,18,70.0
2025-10-05,SKU-0074,171,0,18,70.0
2025-10-12,SKU-0074,104,0,18,70.0
2025-10-19,SKU-0074,170,0,18,70.0
2025-10-26,SKU-0074,102,0,18,70.0
2025-11-02,SKU-0074,272,0,18,70.0
2025-11-09,SKU-0074,200,0,18,70.0
2025-11-16,SKU-0074,140,0,18,70.0
2025-11-23,SKU-0074,97,0,18,70.0
2025-11-30,SKU-0074,239,0,18,70.0
2025-12-07,SKU-0074,198,0,18,70.0
2025-12-14,SKU-0074,171,0,18,70.0
2025-12-21,SKU-0074,106,0,18,70.0
2025-12-28,SKU-0074,212,0,18,70.0
2026-01-04,SKU-0074,183,0,18,70.0
2026-01-11,SKU-0074,150,0,18,70.0
2026-01-18,SKU-0074,113,0,18,70.0
2026-01-25,SKU-0074,71,0,18,70.0
2026-02-01,SKU-0074,45,147,18,70.0
2026-02-08,SKU-0074,19,152,18,70.0
2026-02-15,SKU-0074,116,0,18,70.0
2026-02-22,SKU-0074,79,0,18,70.0
2026-03-01,SKU-0074,200,0,18,70.0
2026-03-08,SKU-0074,161,0,18,70.0
2026-03-15,SKU-0074,124,0,18,70.0
2026-03-22,SKU-0074,101,0,18,70.0
2026-03-29,SKU-0074,78,0,18,70.0
2026-04-05,SKU-0074,43,148,18,70.0
2026-04-12,SKU-0074,153,0,18,70.0
2026-04-19,SKU-0074,131,0,18,70.0
2026-04-26,SKU-0074,99,0,18,70.0
2026-05-03,SKU-0074,74,0,18,70.0
2026-05-10,SKU-0074,49,144,18,70.0
2026-05-17,SKU-0074,30,158,18,70.0
2026-05-24,SKU-0074,112,0,18,70.0
2026-05-31,SKU-0074,82,0,18,70.0
2026-06-07,SKU-0074,164,0,18,70.0
2026-06-14,SKU-0074,126,0,18,70.0
2026-06-21,SKU-0074,79,0,18,70.0
2026-06-28,SKU-0074,152,0,18,70.0
2026-07-05,SKU-0074,109,0,18,70.0
2026-07-12,SKU-0074,65,218,18,70.0
2026-07-19,SKU-0074,233,0,18,70.0
2026-07-26,SKU-0074,201,0,18,70.0
2026-08-02,SKU-0074,165,0,18,70.0
2026-08-09,SKU-0074,136,0,18,70.0
2026-08-16,SKU-0074,98,0,18,70.0
2026-08-23,SKU-0074,56,183,18,70.0
2026-08-30,SKU-0074,12,182,18,70.0
2024-05-19,SKU-0075,38,154,10,53.0
2024-05-26,SKU-0075,86,0,10,53.0
2024-06-02,SKU-0075,166,0,10,53.0
2024-06-09,SKU-0075,120,0,10,53.0
2024-06-16,SKU-0075,95,0,10,53.0
2024-06-23,SKU-0075,54,0,10,53.0
2024-06-30,SKU-0075,163,0,10,53.0
2024-07-07,SKU-0075,143,0,10,53.0
2024-07-14,SKU-0075,119,0,10,53.0
2024-07-21,SKU-0075,90,0,10,53.0
2024-07-28,SKU-0075,72,0,10,53.0
2024-08-04,SKU-0075,118,0,10,53.0
2024-08-11,SKU-0075,98,0,10,53.0
2024-08-18,SKU-0075,65,0,10,53.0
2024-08-25,SKU-0075,37,142,10,53.0
2024-09-01,SKU-0075,130,0,10,53.0
2024-09-08,SKU-0075,106,0,10,53.0
2024-09-15,SKU-0075,80,0,10,53.0
2024-09-22,SKU-0075,144,0,10,53.0
2024-09-29,SKU-0075,126,0,10,53.0
2024-10-06,SKU-0075,78,0,10,53.0
2024-10-13,SKU-0075,174,0,10,53.0
2024-10-20,SKU-0075,133,0,10,53.0
2024-10-27,SKU-0075,95,0,10,53.0
2024-11-03,SKU-0075,46,213,10,53.0
2024-11-10,SKU-0075,152,0,10,53.0
2024-11-17,SKU-0075,119,0,10,53.0
2024-11-24,SKU-0075,86,0,10,53.0
2024-12-01,SKU-0075,59,0,10,53.0
2024-12-08,SKU-0075,22,152,10,53.0
2024-12-15,SKU-0075,136,0,10,53.0
2024-12-22,SKU-0075,86,0,10,53.0
2024-12-29,SKU-0075,171,0,10,53.0
2025-01-05,SKU-0075,140,0,10,53.0
2025-01-12,SKU-0075,111,0,10,53.0
2025-01-19,SKU-0075,67,0,10,53.0
2025-01-26,SKU-0075,146,0,10,53.0
2025-02-02,SKU-0075,105,0,10,53.0
2025-02-09,SKU-0075,69,0,10,53.0
2025-02-16,SKU-0075,37,180,10,53.0
2025-02-23,SKU-0075,0,170,10,53.0
2025-03-02,SKU-0075,130,0,10,53.0
2025-03-09,SKU-0075,91,0,10,53.0
2025-03-16,SKU-0075,60,0,10,53.0
2025-03-23,SKU-0075,182,0,10,53.0
2025-03-30,SKU-0075,145,0,10,53.0
2025-04-06,SKU-0075,118,0,10,53.0
2025-04-13,SKU-0075,86,0,10,53.0
2025-04-20,SKU-0075,41,185,10,53.0
2025-04-27,SKU-0075,13,172,10,53.0
2025-05-04,SKU-0075,0,198,10,53.0
2025-05-11,SKU-0075,0,190,10,53.0
2025-05-18,SKU-0075,0,160,10,53.0
2025-05-25,SKU-0075,0,199,10,53.0
2025-06-01,SKU-0075,0,181,10,53.0
2025-06-08,SKU-0075,0,180,10,53.0
2025-06-15,SKU-0075,112,0,10,53.0
2025-06-22,SKU-0075,260,0,10,53.0
2025-06-29,SKU-0075,206,0,10,53.0
2025-07-06,SKU-0075,177,0,10,53.0
2025-07-13,SKU-0075,144,0,10,53.0
2025-07-20,SKU-0075,102,0,10,53.0
2025-07-27,SKU-0075,70,0,10,53.0
2025-08-03,SKU-0075,128,0,10,53.0
2025-08-10,SKU-0075,100,0,10,53.0
2025-08-17,SKU-0075,62,0,10,53.0
2025-08-24,SKU-0075,117,0,10,53.0
2025-08-31,SKU-0075,88,0,10,53.0
2025-09-07,SKU-0075,61,0,10,53.0
2025-09-14,SKU-0075,31,157,10,53.0
2025-09-21,SKU-0075,0,144,10,53.0
2025-09-28,SKU-0075,130,0,10,53.0
2025-10-05,SKU-0075,94,0,10,53.0
2025-10-12,SKU-0075,59,0,10,53.0
2025-10-19,SKU-0075,165,0,10,53.0
2025-10-26,SKU-0075,131,0,10,53.0
2025-11-02,SKU-0075,83,0,10,53.0
2025-11-09,SKU-0075,45,200,10,53.0
2025-11-16,SKU-0075,130,0,10,53.0
2025-11-23,SKU-0075,99,0,10,53.0
2025-11-30,SKU-0075,62,0,10,53.0
2025-12-07,SKU-0075,33,169,10,53.0
2025-12-14,SKU-0075,133,0,10,53.0
2025-12-21,SKU-0075,79,0,10,53.0
2025-12-28,SKU-0075,171,0,10,53.0
2026-01-04,SKU-0075,142,0,10,53.0
2026-01-11,SKU-0075,107,0,10,53.0
2026-01-18,SKU-0075,69,0,10,53.0
2026-01-25,SKU-0075,195,0,10,53.0
2026-02-01,SKU-0075,152,0,10,53.0
2026-02-08,SKU-0075,105,0,10,53.0
2026-02-15,SKU-0075,74,0,10,53.0
2026-02-22,SKU-0075,36,194,10,53.0
2026-03-01,SKU-0075,0,190,10,53.0
2026-03-08,SKU-0075,108,0,10,53.0
2026-03-15,SKU-0075,60,0,10,53.0
2026-03-22,SKU-0075,203,0,10,53.0
2026-03-29,SKU-0075,166,0,10,53.0
2026-04-05,SKU-0075,129,0,10,53.0
2026-04-12,SKU-0075,90,0,10,53.0
2026-04-19,SKU-0075,37,189,10,53.0
2026-04-26,SKU-0075,113,0,10,53.0
2026-05-03,SKU-0075,70,0,10,53.0
2026-05-10,SKU-0075,140,0,10,53.0
2026-05-17,SKU-0075,95,0,10,53.0
2026-05-24,SKU-0075,56,0,10,53.0
2026-05-31,SKU-0075,14,215,10,53.0
2026-06-07,SKU-0075,116,0,10,53.0
2026-06-14,SKU-0075,72,0,10,53.0
2026-06-21,SKU-0075,8,244,10,53.0
2026-06-28,SKU-0075,0,255,10,53.0
2026-07-05,SKU-0075,0,266,10,53.0
2026-07-12,SKU-0075,192,0,10,53.0
2026-07-19,SKU-0075,155,0,10,53.0
2026-07-26,SKU-0075,121,0,10,53.0
2026-08-02,SKU-0075,91,0,10,53.0
2026-08-09,SKU-0075,57,0,10,53.0
2026-08-16,SKU-0075,20,164,10,53.0
2026-08-23,SKU-0075,111,0,10,53.0
2026-08-30,SKU-0075,86,0,10,53.0
2024-03-03,SKU-0076,37,126,14,63.0
2024-03-10,SKU-0076,125,0,14,63.0
2024-03-17,SKU-0076,85,0,14,63.0
2024-03-24,SKU-0076,52,150,14,63.0
2024-03-31,SKU-0076,17,181,14,63.0
2024-04-07,SKU-0076,85,0,14,63.0
2024-04-14,SKU-0076,61,162,14,63.0
2024-04-21,SKU-0076,39,154,14,63.0
2024-04-28,SKU-0076,93,0,14,63.0
2024-05-05,SKU-0076,77,0,14,63.0
2024-05-12,SKU-0076,169,0,14,
2024-05-19,SKU-0076,137,0,14,63.0
2024-05-26,SKU-0076,119,0,14,63.0
2024-06-02,SKU-0076,87,0,14,63.0
2024-06-09,SKU-0076,67,0,14,63.0
2024-06-16,SKU-0076,133,0,14,63.0
2024-06-23,SKU-0076,97,0,14,63.0
2024-06-30,SKU-0076,164,0,14,63.0
2024-07-07,SKU-0076,145,0,14,63.0
2024-07-14,SKU-0076,116,0,14,63.0
2024-07-21,SKU-0076,81,0,14,63.0
2024-07-28,SKU-0076,172,0,14,63.0
2024-08-04,SKU-0076,145,0,14,63.0
2024-08-11,SKU-0076,116,0,14,63.0
2024-08-18,SKU-0076,86,0,14,63.0
2024-08-25,SKU-0076,151,0,14,63.0
2024-09-01,SKU-0076,124,0,14,63.0
2024-09-08,SKU-0076,84,0,14,63.0
2024-09-15,SKU-0076,166,0,14,63.0
2024-09-22,SKU-0076,140,0,14,63.0
2024-09-29,SKU-0076,118,0,14,63.0
2024-10-06,SKU-0076,64,0,14,63.0
2024-10-13,SKU-0076,0,190,14,63.0
2024-10-20,SKU-0076,0,229,14,63.0
2024-10-27,SKU-0076,168,0,14,63.0
2024-11-03,SKU-0076,103,0,14,63.0
2024-11-10,SKU-0076,55,269,14,63.0
2024-11-17,SKU-0076,248,0,14,63.0
2024-11-24,SKU-0076,216,0,14,63.0
2024-12-01,SKU-0076,191,0,14,63.0
2024-12-08,SKU-0076,161,0,14,63.0
2024-12-15,SKU-0076,122,0,14,63.0
2024-12-22,SKU-0076,219,0,14,63.0
2024-12-29,SKU-0076,162,0,14,63.0
2025-01-05,SKU-0076,116,0,14,63.0
2025-01-12,SKU-0076,85,0,14,63.0
2025-01-19,SKU-0076,162,0,14,63.0
2025-01-26,SKU-0076,123,0,14,63.0
2025-02-02,SKU-0076,84,0,14,63.0
2025-02-09,SKU-0076,197,0,14,63.0
2025-02-16,SKU-0076,173,0,14,63.0
2025-02-23,SKU-0076,146,0,14,63.0
2025-03-02,SKU-0076,115,0,14,63.0
2025-03-09,SKU-0076,91,0,14,63.0
2025-03-16,SKU-0076,56,163,14,63.0
2025-03-23,SKU-0076,128,0,14,63.0
2025-03-30,SKU-0076,107,0,14,63.0
2025-04-06,SKU-0076,73,0,14,63.0
2025-04-13,SKU-0076,46,126,14,63.0
2025-04-20,SKU-0076,18,150,14,63.0
2025-04-27,SKU-0076,0,158,14,63.0
2025-05-04,SKU-0076,0,128,14,63.0
2025-05-11,SKU-0076,110,0,14,63.0
2025-05-18,SKU-0076,90,0,14,63.0
2025-05-25,SKU-0076,63,0,14,63.0
2025-06-01,SKU-0076,44,128,14,63.0
2025-06-08,SKU-0076,129,0,14,63.0
2025-06-15,SKU-0076,113,0,14,63.0
2025-06-22,SKU-0076,73,0,14,63.0
2025-06-29,SKU-0076,29,137,14,63.0
2025-07-06,SKU-0076,102,0,14,63.0
2025-07-13,SKU-0076,85,0,14,63.0
2025-07-20,SKU-0076,136,0,14,63.0
2025-07-27,SKU-0076,111,0,14,63.0
2025-08-03,SKU-0076,75,0,14,63.0
2025-08-10,SKU-0076,58,132,14,63.0
2025-08-17,SKU-0076,167,0,14,63.0
2025-08-24,SKU-0076,138,0,14,63.0
2025-08-31,SKU-0076,114,0,14,63.0
2025-09-07,SKU-0076,82,0,14,63.0
2025-09-14,SKU-0076,53,151,14,63.0
2025-09-21,SKU-0076,178,0,14,63.0
2025-09-28,SKU-0076,150,0,14,63.0
2025-10-05,SKU-0076,118,0,14,63.0
2025-10-12,SKU-0076,68,0,14,63.0
2025-10-19,SKU-0076,176,0,14,63.0
2025-10-26,SKU-0076,128,0,14,63.0
2025-11-02,SKU-0076,91,0,14,63.0
2025-11-09,SKU-0076,244,0,14,63.0
2025-11-16,SKU-0076,191,0,14,63.0
2025-11-23,SKU-0076,165,0,14,63.0
2025-11-30,SKU-0076,133,0,14,63.0
2025-12-07,SKU-0076,112,0,14,63.0
2025-12-14,SKU-0076,80,0,14,63.0
2025-12-21,SKU-0076,160,0,14,63.0
2025-12-28,SKU-0076,100,0,14,63.0
2026-01-04,SKU-0076,67,0,14,63.0
2026-01-11,SKU-0076,44,213,14,63.0
2026-01-18,SKU-0076,13,179,14,63.0
2026-01-25,SKU-0076,139,0,14,63.0
2026-02-01,SKU-0076,112,0,14,63.0
2026-02-08,SKU-0076,93,0,14,63.0
2026-02-15,SKU-0076,74,0,14,63.0
2026-02-22,SKU-0076,153,0,14,63.0
2026-03-01,SKU-0076,126,0,14,63.0
2026-03-08,SKU-0076,86,0,14,63.0
2026-03-15,SKU-0076,65,0,14,63.0
2026-03-22,SKU-0076,37,132,14,63.0
2026-03-29,SKU-0076,19,155,14,63.0
2026-04-05,SKU-0076,99,0,14,63.0
2026-04-12,SKU-0076,80,0,14,63.0
2026-04-19,SKU-0076,61,152,14,63.0
2026-04-26,SKU-0076,152,0,14,63.0
2026-05-03,SKU-0076,135,0,14,63.0
2026-05-10,SKU-0076,116,0,14,63.0
2026-05-17,SKU-0076,108,0,14,63.0
2026-05-24,SKU-0076,103,0,14,63.0
2026-05-31,SKU-0076,83,0,14,63.0
2026-06-07,SKU-0076,65,0,14,63.0
2026-06-14,SKU-0076,46,129,14,63.0
2026-06-21,SKU-0076,147,0,14,63.0
2026-06-28,SKU-0076,124,0,14,63.0
2026-07-05,SKU-0076,104,0,14,63.0
2026-07-12,SKU-0076,78,0,14,63.0
2026-07-19,SKU-0076,128,0,14,63.0
2026-07-26,SKU-0076,107,0,14,63.0
2026-08-02,SKU-0076,81,0,14,63.0
2026-08-09,SKU-0076,59,145,14,63.0
2026-08-16,SKU-0076,165,0,14,63.0
2026-08-23,SKU-0076,144,0,14,63.0
2026-08-30,SKU-0076,118,0,14,63.0
2024-08-18,SKU-0077,84,0,19,47.0
2024-08-25,SKU-0077,291,0,19,47.0
2024-09-01,SKU-0077,218,0,19,47.0
2024-09-08,SKU-0077,146,0,19,47.0
2024-09-15,SKU-0077,77,0,19,47.0
2024-09-22,SKU-0077,11,327,19,47.0
2024-09-29,SKU-0077,0,314,19,47.0
2024-10-06,SKU-0077,225,0,19,47.0
2024-10-13,SKU-0077,135,0,19,47.0
2024-10-20,SKU-0077,48,0,19,47.0
2024-10-27,SKU-0077,0,409,19,47.0
2024-11-03,SKU-0077,404,0,19,47.0
2024-11-10,SKU-0077,313,0,19,47.0
2024-11-17,SKU-0077,220,0,19,47.0
2024-11-24,SKU-0077,174,0,19,47.0
2024-12-01,SKU-0077,113,0,19,47.0
2024-12-08,SKU-0077,68,0,19,47.0
2024-12-15,SKU-0077,0,263,19,47.0
2024-12-22,SKU-0077,312,0,19,47.0
2024-12-29,SKU-0077,227,0,19,47.0
2025-01-05,SKU-0077,156,0,19,47.0
2025-01-12,SKU-0077,90,0,19,47.0
2025-01-19,SKU-0077,21,309,19,47.0
2025-01-26,SKU-0077,0,270,19,47.0
2025-02-02,SKU-0077,0,257,19,47.0
2025-02-09,SKU-0077,206,0,19,47.0
2025-02-16,SKU-0077,148,0,19,47.0
2025-02-23,SKU-0077,86,0,19,47.0
2025-03-02,SKU-0077,11,297,19,47.0
2025-03-09,SKU-0077,0,293,19,47.0
2025-03-16,SKU-0077,0,310,19,47.0
2025-03-23,SKU-0077,0,316,19,47.0
2025-03-30,SKU-0077,0,305,19,47.0
2025-04-06,SKU-0077,0,332,19,47.0
2025-04-13,SKU-0077,179,0,19,47.0
2025-04-20,SKU-0077,96,0,19,47.0
2025-04-27,SKU-0077,20,346,19,47.0
2025-05-04,SKU-0077,329,0,19,47.0
2025-05-11,SKU-0077,244,0,19,47.0
2025-05-18,SKU-0077,151,0,19,47.0
2025-05-25,SKU-0077,69,0,19,47.0
2025-06-01,SKU-0077,298,0,19,47.0
2025-06-08,SKU-0077,216,0,19,47.0
2025-06-15,SKU-0077,115,0,19,47.0
2025-06-22,SKU-0077,357,0,19,47.0
2025-06-29,SKU-0077,227,0,19,47.0
2025-07-06,SKU-0077,124,0,19,47.0
2025-07-13,SKU-0077,47,0,19,47.0
2025-07-20,SKU-0077,0,415,19,47.0
2025-07-27,SKU-0077,378,0,19,47.0
2025-08-03,SKU-0077,289,0,19,47.0
2025-08-10,SKU-0077,187,0,19,47.0
2025-08-17,SKU-0077,96,0,19,47.0
2025-08-24,SKU-0077,11,412,19,47.0
2025-08-31,SKU-0077,0,403,19,47.0
2025-09-07,SKU-0077,296,0,19,47.0
2025-09-14,SKU-0077,223,0,19,47.0
2025-09-21,SKU-0077,142,0,19,47.0
2025-09-28,SKU-0077,72,0,19,47.0
2025-10-05,SKU-0077,0,385,19,47.0
2025-10-12,SKU-0077,214,0,19,47.0
2025-10-19,SKU-0077,80,0,19,47.0
2025-10-26,SKU-0077,268,0,19,47.0
2025-11-02,SKU-0077,159,0,19,47.0
2025-11-09,SKU-0077,53,0,19,47.0
2025-11-16,SKU-0077,0,472,19,47.0
2025-11-23,SKU-0077,0,420,19,47.0
2025-11-30,SKU-0077,312,0,19,47.0
2025-12-07,SKU-0077,236,0,19,47.0
2025-12-14,SKU-0077,166,0,19,47.0
2025-12-21,SKU-0077,61,0,19,47.0
2025-12-28,SKU-0077,258,0,19,47.0
2026-01-04,SKU-0077,197,0,19,47.0
2026-01-11,SKU-0077,115,0,19,47.0
2026-01-18,SKU-0077,50,0,19,47.0
2026-01-25,SKU-0077,0,291,19,47.0
2026-02-01,SKU-0077,0,313,19,47.0
2026-02-08,SKU-0077,0,299,19,47.0
2026-02-15,SKU-0077,0,314,19,47.0
2026-02-22,SKU-0077,196,0,19,47.0
2026-03-01,SKU-0077,100,0,19,47.0
2026-03-08,SKU-0077,331,0,19,47.0
2026-03-15,SKU-0077,251,0,19,47.0
2026-03-22,SKU-0077,179,0,19,47.0
2026-03-29,SKU-0077,99,0,19,47.0
2026-04-05,SKU-0077,324,0,19,47.0
2026-04-12,SKU-0077,241,0,19,47.0
2026-04-19,SKU-0077,149,0,19,47.0
2026-04-26,SKU-0077,55,0,19,47.0
2026-05-03,SKU-0077,0,400,19,47.0
2026-05-10,SKU-0077,243,0,19,47.0
2026-05-17,SKU-0077,152,0,19,47.0
2026-05-24,SKU-0077,68,0,19,47.0
2026-05-31,SKU-0077,260,0,19,47.0
2026-06-07,SKU-0077,169,0,19,47.0
2026-06-14,SKU-0077,56,0,19,47.0
2026-06-21,SKU-0077,0,479,19,47.0
2026-06-28,SKU-0077,0,561,19,47.0
2026-07-05,SKU-0077,507,0,19,47.0
2026-07-12,SKU-0077,414,0,19,47.0
2026-07-19,SKU-0077,318,0,19,47.0
2026-07-26,SKU-0077,213,0,19,47.0
2026-08-02,SKU-0077,107,0,19,47.0
2026-08-09,SKU-0077,5,430,19,47.0
2026-08-16,SKU-0077,0,453,19,47.0
2026-08-23,SKU-0077,0,422,19,47.0
2026-08-30,SKU-0077,0,437,19,47.0
2024-01-28,SKU-0078,113,0,22,28.0
2024-02-04,SKU-0078,65,0,22,28.0
2024-02-11,SKU-0078,203,0,22,28.0
2024-02-18,SKU-0078,156,0,22,28.0
2024-02-25,SKU-0078,121,0,22,28.0
2024-03-03,SKU-0078,71,0,22,28.0
2024-03-10,SKU-0078,218,0,22,28.0
2024-03-17,SKU-0078,179,0,22,28.0
2024-03-24,SKU-0078,139,0,22,28.0
2024-03-31,SKU-0078,107,0,22,28.0
2024-04-07,SKU-0078,65,0,22,28.0
2024-04-14,SKU-0078,37,0,22,28.0
2024-04-21,SKU-0078,0,170,22,28.0
2024-04-28,SKU-0078,0,177,22,28.0
2024-05-05,SKU-0078,93,0,22,28.0
2024-05-12,SKU-0078,47,0,22,28.0
2024-05-19,SKU-0078,14,171,22,28.0
2024-05-26,SKU-0078,131,0,22,28.0
2024-06-02,SKU-0078,102,0,22,28.0
2024-06-09,SKU-0078,70,0,22,28.0
2024-06-16,SKU-0078,39,0,22,
2024-06-23,SKU-0078,144,0,22,28.0
2024-06-30,SKU-0078,98,0,22,28.0
2024-07-07,SKU-0078,61,0,22,28.0
2024-07-14,SKU-0078,129,0,22,28.0
2024-07-21,SKU-0078,105,0,22,28.0
2024-07-28,SKU-0078,65,0,22,28.0
2024-08-04,SKU-0078,29,0,22,28.0
2024-08-11,SKU-0078,5,139,22,28.0
2024-08-18,SKU-0078,0,158,22,28.0
2024-08-25,SKU-0078,88,0,22,28.0
2024-09-01,SKU-0078,60,0,22,28.0
2024-09-08,SKU-0078,141,0,22,28.0
2024-09-15,SKU-0078,99,0,22,28.0
2024-09-22,SKU-0078,69,0,22,28.0
2024-09-29,SKU-0078,32,0,22,28.0
2024-10-06,SKU-0078,0,204,22,28.0
2024-10-13,SKU-0078,0,261,22,28.0
2024-10-20,SKU-0078,0,296,22,28.0
2024-10-27,SKU-0078,256,0,22,28.0
2024-11-03,SKU-0078,167,0,22,28.0
2024-11-10,SKU-0078,89,0,22,28.0
2024-11-17,SKU-0078,257,0,22,28.0
2024-11-24,SKU-0078,212,0,22,28.0
2024-12-01,SKU-0078,176,0,22,28.0
2024-12-08,SKU-0078,141,0,22,28.0
2024-12-15,SKU-0078,80,0,22,28.0
2024-12-22,SKU-0078,240,0,22,28.0
2024-12-29,SKU-0078,163,0,22,28.0
2025-01-05,SKU-0078,90,0,22,28.0
2025-01-12,SKU-0078,44,0,22,28.0
2025-01-19,SKU-0078,0,272,22,28.0
2025-01-26,SKU-0078,259,0,22,28.0
2025-02-02,SKU-0078,224,0,22,28.0
2025-02-09,SKU-0078,171,0,22,28.0
2025-02-16,SKU-0078,117,0,22,28.0
2025-02-23,SKU-0078,63,0,22,28.0
2025-03-02,SKU-0078,196,0,22,28.0
2025-03-09,SKU-0078,155,0,22,28.0
2025-03-16,SKU-0078,115,0,22,28.0
2025-03-23,SKU-0078,69,0,22,28.0
2025-03-30,SKU-0078,43,0,22,28.0
2025-04-06,SKU-0078,117,0,22,28.0
2025-04-13,SKU-0078,80,0,22,28.0
2025-04-20,SKU-0078,47,0,22,28.0
2025-04-27,SKU-0078,117,0,22,28.0
2025-05-04,SKU-0078,83,0,22,28.0
2025-05-11,SKU-0078,60,0,22,28.0
2025-05-18,SKU-0078,39,0,22,28.0
2025-05-25,SKU-0078,0,157,22,28.0
2025-06-01,SKU-0078,0,171,22,28.0
2025-06-08,SKU-0078,0,154,22,28.0
2025-06-15,SKU-0078,0,185,22,28.0
2025-06-22,SKU-0078,121,0,22,28.0
2025-06-29,SKU-0078,64,0,22,28.0
2025-07-06,SKU-0078,38,0,22,28.0
2025-07-13,SKU-0078,160,0,22,28.0
2025-07-20,SKU-0078,128,0,22,28.0
2025-07-27,SKU-0078,91,0,22,28.0
2025-08-03,SKU-0078,57,0,22,28.0
2025-08-10,SKU-0078,150,0,22,28.0
2025-08-17,SKU-0078,100,0,22,28.0
2025-08-24,SKU-0078,54,0,22,28.0
2025-08-31,SKU-0078,152,0,22,28.0
2025-09-07,SKU-0078,106,0,22,28.0
2025-09-14,SKU-0078,53,0,22,28.0
2025-09-21,SKU-0078,226,0,22,28.0
2025-09-28,SKU-0078,180,0,22,28.0
2025-10-05,SKU-0078,98,0,22,28.0
2025-10-12,SKU-0078,268,0,22,28.0
2025-10-19,SKU-0078,188,0,22,28.0
2025-10-26,SKU-0078,114,0,22,28.0
2025-11-02,SKU-0078,46,0,22,28.0
2025-11-09,SKU-0078,187,0,22,28.0
2025-11-16,SKU-0078,112,0,22,28.0
2025-11-23,SKU-0078,73,0,22,28.0
2025-11-30,SKU-0078,216,0,22,28.0
2025-12-07,SKU-0078,159,0,22,28.0
2025-12-14,SKU-0078,101,0,22,28.0
2025-12-21,SKU-0078,21,274,22,28.0
2025-12-28,SKU-0078,256,0,22,28.0
2026-01-04,SKU-0078,194,0,22,28.0
2026-01-11,SKU-0078,138,0,22,28.0
2026-01-18,SKU-0078,99,0,22,28.0
2026-01-25,SKU-0078,46,0,22,28.0
2026-02-01,SKU-0078,0,235,22,28.0
2026-02-08,SKU-0078,112,0,22,28.0
2026-02-15,SKU-0078,73,0,22,28.0
2026-02-22,SKU-0078,31,0,22,28.0
2026-03-01,SKU-0078,178,0,22,28.0
2026-03-08,SKU-0078,127,0,22,28.0
2026-03-15,SKU-0078,83,0,22,28.0
2026-03-22,SKU-0078,33,0,22,28.0
2026-03-29,SKU-0078,192,0,22,28.0
2026-04-05,SKU-0078,153,0,22,28.0
2026-04-12,SKU-0078,118,0,22,28.0
2026-04-19,SKU-0078,98,0,22,28.0
2026-04-26,SKU-0078,61,0,22,28.0
2026-05-03,SKU-0078,153,0,22,28.0
2026-05-10,SKU-0078,117,0,22,28.0
2026-05-17,SKU-0078,84,0,22,28.0
2026-05-24,SKU-0078,39,0,22,28.0
2026-05-31,SKU-0078,159,0,22,28.0
2026-06-07,SKU-0078,118,0,22,28.0
2026-06-14,SKU-0078,94,0,22,28.0
2026-06-21,SKU-0078,37,0,22,28.0
2026-06-28,SKU-0078,0,207,22,28.0
2026-07-05,SKU-0078,105,0,22,28.0
2026-07-12,SKU-0078,71,0,22,28.0
2026-07-19,SKU-0078,33,0,22,28.0
2026-07-26,SKU-0078,5,179,22,28.0
2026-08-02,SKU-0078,167,0,22,28.0
2026-08-09,SKU-0078,127,0,22,28.0
2026-08-16,SKU-0078,82,0,22,28.0
2026-08-23,SKU-0078,37,0,22,28.0
2026-08-30,SKU-0078,126,0,22,28.0
2024-12-15,SKU-0079,43,0,13,23.0
2024-12-22,SKU-0079,56,0,13,23.0
2024-12-29,SKU-0079,44,0,13,23.0
2025-01-05,SKU-0079,41,0,13,23.0
2025-01-12,SKU-0079,34,0,13,23.0
2025-01-19,SKU-0079,30,0,13,23.0
2025-01-26,SKU-0079,80,0,13,23.0
2025-02-02,SKU-0079,80,0,13,23.0
2025-02-09,SKU-0079,75,0,13,23.0
2025-02-16,SKU-0079,68,0,13,23.0
2025-02-23,SKU-0079,65,0,13,23.0
2025-03-02,SKU-0079,55,0,13,23.0
2025-03-09,SKU-0079,52,0,13,23.0
2025-03-16,SKU-0079,45,0,13,23.0
2025-03-23,SKU-0079,33,0,13,23.0
2025-03-30,SKU-0079,24,0,13,23.0
2025-04-06,SKU-0079,26,0,13,23.0
2025-04-13,SKU-0079,41,0,13,23.0
2025-04-20,SKU-0079,35,0,13,23.0
2025-04-27,SKU-0079,76,0,13,23.0
2025-05-04,SKU-0079,67,0,13,23.0
2025-05-11,SKU-0079,63,0,13,23.0
2025-05-18,SKU-0079,57,0,13,23.0
2025-05-25,SKU-0079,41,0,13,23.0
2025-06-01,SKU-0079,37,0,13,23.0
2025-06-08,SKU-0079,26,0,13,23.0
2025-06-15,SKU-0079,11,71,13,23.0
2025-06-22,SKU-0079,7,73,13,23.0
2025-06-29,SKU-0079,35,0,13,23.0
2025-07-06,SKU-0079,21,72,13,23.0
2025-07-13,SKU-0079,72,0,13,23.0
2025-07-20,SKU-0079,68,0,13,23.0
2025-07-27,SKU-0079,58,0,13,
2025-08-03,SKU-0079,58,0,13,23.0
2025-08-10,SKU-0079,46,0,13,23.0
2025-08-17,SKU-0079,28,0,13,23.0
2025-08-24,SKU-0079,25,0,13,23.0
2025-08-31,SKU-0079,15,80,13,23.0
2025-09-07,SKU-0079,51,0,13,23.0
2025-09-14,SKU-0079,52,0,13,23.0
2025-09-21,SKU-0079,48,0,13,23.0
2025-09-28,SKU-0079,39,0,13,23.0
2025-10-05,SKU-0079,33,0,13,23.0
2025-10-12,SKU-0079,24,0,13,23.0
2025-10-19,SKU-0079,0,95,13,23.0
2025-10-26,SKU-0079,68,0,13,23.0
2025-11-02,SKU-0079,62,0,13,23.0
2025-11-09,SKU-0079,37,0,13,23.0
2025-11-16,SKU-0079,24,0,13,23.0
2025-11-23,SKU-0079,16,98,13,23.0
2025-11-30,SKU-0079,71,0,13,23.0
2025-12-07,SKU-0079,62,0,13,23.0
2025-12-14,SKU-0079,63,0,13,23.0
2025-12-21,SKU-0079,46,0,13,23.0
2025-12-28,SKU-0079,36,0,13,23.0
2026-01-04,SKU-0079,31,0,13,23.0
2026-01-11,SKU-0079,29,0,13,23.0
2026-01-18,SKU-0079,30,0,13,23.0
2026-01-25,SKU-0079,25,0,13,23.0
2026-02-01,SKU-0079,15,73,13,23.0
2026-02-08,SKU-0079,70,0,13,23.0
2026-02-15,SKU-0079,62,0,13,23.0
2026-02-22,SKU-0079,54,0,13,23.0
2026-03-01,SKU-0079,50,0,13,23.0
2026-03-08,SKU-0079,40,0,13,23.0
2026-03-15,SKU-0079,38,0,13,23.0
2026-03-22,SKU-0079,36,0,13,23.0
2026-03-29,SKU-0079,32,0,13,23.0
2026-04-05,SKU-0079,26,0,13,23.0
2026-04-12,SKU-0079,67,0,13,23.0
2026-04-19,SKU-0079,57,0,13,23.0
2026-04-26,SKU-0079,50,0,13,23.0
2026-05-03,SKU-0079,44,0,13,23.0
2026-05-10,SKU-0079,39,0,13,23.0
2026-05-17,SKU-0079,33,0,13,23.0
2026-05-24,SKU-0079,29,0,13,23.0
2026-05-31,SKU-0079,56,0,13,23.0
2026-06-07,SKU-0079,43,0,13,23.0
2026-06-14,SKU-0079,30,0,13,23.0
2026-06-21,SKU-0079,80,0,13,23.0
2026-06-28,SKU-0079,57,0,13,23.0
2026-07-05,SKU-0079,42,0,13,23.0
2026-07-12,SKU-0079,35,0,13,23.0
2026-07-19,SKU-0079,23,0,13,23.0
2026-07-26,SKU-0079,9,82,13,23.0
2026-08-02,SKU-0079,38,0,13,23.0
2026-08-09,SKU-0079,82,0,13,23.0
2026-08-16,SKU-0079,71,0,13,23.0
2026-08-23,SKU-0079,61,0,13,23.0
2026-08-30,SKU-0079,49,0,13,23.0
2024-08-04,SKU-0080,18,223,28,57.0
2024-08-11,SKU-0080,0,214,28,57.0
2024-08-18,SKU-0080,163,0,28,57.0
2024-08-25,SKU-0080,112,0,28,57.0
2024-09-01,SKU-0080,66,0,28,57.0
2024-09-08,SKU-0080,14,231,28,57.0
2024-09-15,SKU-0080,178,0,28,57.0
2024-09-22,SKU-0080,130,0,28,57.0
2024-09-29,SKU-0080,85,0,28,57.0
2024-10-06,SKU-0080,12,264,28,57.0
2024-10-13,SKU-0080,226,0,28,57.0
2024-10-20,SKU-0080,146,0,28,57.0
2024-10-27,SKU-0080,42,382,28,57.0
2024-11-03,SKU-0080,247,0,28,57.0
2024-11-10,SKU-0080,167,0,28,57.0
2024-11-17,SKU-0080,90,0,28,57.0
2024-11-24,SKU-0080,240,0,28,57.0
2024-12-01,SKU-0080,192,0,28,57.0
2024-12-08,SKU-0080,128,0,28,57.0
2024-12-15,SKU-0080,48,301,28,57.0
2024-12-22,SKU-0080,0,318,28,57.0
2024-12-29,SKU-0080,228,0,28,57.0
2025-01-05,SKU-0080,161,0,28,57.0
2025-01-12,SKU-0080,103,0,28,57.0
2025-01-19,SKU-0080,231,0,28,57.0
2025-01-26,SKU-0080,182,0,28,57.0
2025-02-02,SKU-0080,105,0,28,57.0
2025-02-09,SKU-0080,49,298,28,57.0
2025-02-16,SKU-0080,177,0,28,57.0
2025-02-23,SKU-0080,119,0,28,57.0
2025-03-02,SKU-0080,63,0,28,57.0
2025-03-09,SKU-0080,2,235,28,57.0
2025-03-16,SKU-0080,185,0,28,57.0
2025-03-23,SKU-0080,116,0,28,57.0
2025-03-30,SKU-0080,235,0,28,57.0
2025-04-06,SKU-0080,190,0,28,57.0
2025-04-13,SKU-0080,149,0,28,57.0
2025-04-20,SKU-0080,88,0,28,57.0
2025-04-27,SKU-0080,212,0,28,57.0
2025-05-04,SKU-0080,167,0,28,57.0
2025-05-11,SKU-0080,123,0,28,57.0
2025-05-18,SKU-0080,58,0,28,57.0
2025-05-25,SKU-0080,125,0,28,57.0
2025-06-01,SKU-0080,84,0,28,57.0
2025-06-08,SKU-0080,257,0,28,57.0
2025-06-15,SKU-0080,204,0,28,57.0
2025-06-22,SKU-0080,102,0,28,57.0
2025-06-29,SKU-0080,9,323,28,57.0
2025-07-06,SKU-0080,292,0,28,57.0
2025-07-13,SKU-0080,239,0,28,57.0
2025-07-20,SKU-0080,189,0,28,57.0
2025-07-27,SKU-0080,138,0,28,57.0
2025-08-03,SKU-0080,80,0,28,57.0
2025-08-10,SKU-0080,36,237,28,57.0
2025-08-17,SKU-0080,0,230,28,57.0
2025-08-24,SKU-0080,197,0,28,57.0
2025-08-31,SKU-0080,135,0,28,57.0
2025-09-07,SKU-0080,88,0,28,57.0
2025-09-14,SKU-0080,236,0,28,57.0
2025-09-21,SKU-0080,160,0,28,57.0
2025-09-28,SKU-0080,89,0,28,57.0
2025-10-05,SKU-0080,249,0,28,57.0
2025-10-12,SKU-0080,114,0,28,57.0
2025-10-19,SKU-0080,248,0,28,57.0
2025-10-26,SKU-0080,138,0,28,57.0
2025-11-02,SKU-0080,344,0,28,57.0
2025-11-09,SKU-0080,232,0,28,57.0
2025-11-16,SKU-0080,109,0,28,57.0
2025-11-23,SKU-0080,29,480,28,57.0
2025-11-30,SKU-0080,224,0,28,57.0
2025-12-07,SKU-0080,145,0,28,57.0
2025-12-14,SKU-0080,69,0,28,57.0
2025-12-21,SKU-0080,0,343,28,57.0
2025-12-28,SKU-0080,349,0,28,57.0
2026-01-04,SKU-0080,249,0,28,57.0
2026-01-11,SKU-0080,166,0,28,57.0
2026-01-18,SKU-0080,90,0,28,57.0
2026-01-25,SKU-0080,10,376,28,57.0
2026-02-01,SKU-0080,273,0,28,57.0
2026-02-08,SKU-0080,213,0,28,57.0
2026-02-15,SKU-0080,143,0,28,57.0
2026-02-22,SKU-0080,63,0,28,57.0
2026-03-01,SKU-0080,0,326,28,57.0
2026-03-08,SKU-0080,310,0,28,57.0
2026-03-15,SKU-0080,253,0,28,57.0
2026-03-22,SKU-0080,200,0,28,57.0
2026-03-29,SKU-0080,140,0,28,
2026-04-05,SKU-0080,88,0,28,57.0
2026-04-12,SKU-0080,37,262,28,57.0
2026-04-19,SKU-0080,263,0,28,57.0
2026-04-26,SKU-0080,203,0,28,57.0
2026-05-03,SKU-0080,136,0,28,57.0
2026-05-10,SKU-0080,71,0,28,57.0
2026-05-17,SKU-0080,250,0,28,57.0
2026-05-24,SKU-0080,182,0,28,57.0
2026-05-31,SKU-0080,121,0,28,57.0
2026-06-07,SKU-0080,68,0,28,57.0
2026-06-14,SKU-0080,8,292,28,57.0
2026-06-21,SKU-0080,223,0,28,57.0
2026-06-28,SKU-0080,130,0,28,57.0
2026-07-05,SKU-0080,71,0,28,57.0
2026-07-12,SKU-0080,17,353,28,57.0
2026-07-19,SKU-0080,0,326,28,57.0
2026-07-26,SKU-0080,194,0,28,57.0
2026-08-02,SKU-0080,129,0,28,57.0
2026-08-09,SKU-0080,42,294,28,57.0
2026-08-16,SKU-0080,166,0,28,57.0
2026-08-23,SKU-0080,99,0,28,57.0
2026-08-30,SKU-0080,308,0,28,57.0
2024-04-07,SKU-0081,170,0,8,34.0
2024-04-14,SKU-0081,153,0,8,34.0
2024-04-21,SKU-0081,117,0,8,34.0
2024-04-28,SKU-0081,98,0,8,34.0
2024-05-05,SKU-0081,69,0,8,34.0
2024-05-12,SKU-0081,39,0,8,34.0
2024-05-19,SKU-0081,110,0,8,34.0
2024-05-26,SKU-0081,79,0,8,34.0
2024-06-02,SKU-0081,46,0,8,34.0
2024-06-09,SKU-0081,103,0,8,34.0
2024-06-16,SKU-0081,56,0,8,34.0
2024-06-23,SKU-0081,122,0,8,34.0
2024-06-30,SKU-0081,71,0,8,34.0
2024-07-07,SKU-0081,210,0,8,34.0
2024-07-14,SKU-0081,158,0,8,34.0
2024-07-21,SKU-0081,103,0,8,34.0
2024-07-28,SKU-0081,46,0,8,34.0
2024-08-04,SKU-0081,202,0,8,34.0
2024-08-11,SKU-0081,153,0,8,34.0
2024-08-18,SKU-0081,108,0,8,34.0
2024-08-25,SKU-0081,73,0,8,34.0
2024-09-01,SKU-0081,201,0,8,34.0
2024-09-08,SKU-0081,159,0,8,34.0
2024-09-15,SKU-0081,108,0,8,34.0
2024-09-22,SKU-0081,43,0,8,34.0
2024-09-29,SKU-0081,199,0,8,34.0
2024-10-06,SKU-0081,127,0,8,34.0
2024-10-13,SKU-0081,58,0,8,34.0
2024-10-20,SKU-0081,156,0,8,34.0
2024-10-27,SKU-0081,91,0,8,34.0
2024-11-03,SKU-0081,248,0,8,34.0
2024-11-10,SKU-0081,171,0,8,34.0
2024-11-17,SKU-0081,112,0,8,34.0
2024-11-24,SKU-0081,82,0,8,34.0
2024-12-01,SKU-0081,42,0,8,34.0
2024-12-08,SKU-0081,152,0,8,34.0
2024-12-15,SKU-0081,80,0,8,34.0
2024-12-22,SKU-0081,25,245,8,34.0
2024-12-29,SKU-0081,233,0,8,34.0
2025-01-05,SKU-0081,178,0,8,34.0
2025-01-12,SKU-0081,145,0,8,34.0
2025-01-19,SKU-0081,102,0,8,34.0
2025-01-26,SKU-0081,71,0,8,34.0
2025-02-02,SKU-0081,217,0,8,34.0
2025-02-09,SKU-0081,188,0,8,34.0
2025-02-16,SKU-0081,142,0,8,34.0
2025-02-23,SKU-0081,114,0,8,34.0
2025-03-02,SKU-0081,69,0,8,34.0
2025-03-09,SKU-0081,173,0,8,34.0
2025-03-16,SKU-0081,128,0,8,34.0
2025-03-23,SKU-0081,86,0,8,34.0
2025-03-30,SKU-0081,37,0,8,34.0
2025-04-06,SKU-0081,0,204,8,34.0
2025-04-13,SKU-0081,0,218,8,34.0
2025-04-20,SKU-0081,123,0,8,34.0
2025-04-27,SKU-0081,79,0,8,34.0
2025-05-04,SKU-0081,44,0,8,34.0
2025-05-11,SKU-0081,1,190,8,34.0
2025-05-18,SKU-0081,167,0,8,34.0
2025-05-25,SKU-0081,110,0,8,34.0
2025-06-01,SKU-0081,67,0,8,34.0
2025-06-08,SKU-0081,35,0,8,34.0
2025-06-15,SKU-0081,126,0,8,34.0
2025-06-22,SKU-0081,55,0,8,34.0
2025-06-29,SKU-0081,204,0,8,34.0
2025-07-06,SKU-0081,147,0,8,34.0
2025-07-13,SKU-0081,105,0,8,34.0
2025-07-20,SKU-0081,48,0,8,34.0
2025-07-27,SKU-0081,139,0,8,34.0
2025-08-03,SKU-0081,102,0,8,34.0
2025-08-10,SKU-0081,38,0,8,34.0
2025-08-17,SKU-0081,0,244,8,34.0
2025-08-24,SKU-0081,0,253,8,34.0
2025-08-31,SKU-0081,157,0,8,34.0
2025-09-07,SKU-0081,95,0,8,34.0
2025-09-14,SKU-0081,44,0,8,34.0
2025-09-21,SKU-0081,140,0,8,34.0
2025-09-28,SKU-0081,82,0,8,34.0
2025-10-05,SKU-0081,156,0,8,34.0
2025-10-12,SKU-0081,62,0,8,34.0
2025-10-19,SKU-0081,273,0,8,34.0
2025-10-26,SKU-0081,191,0,8,34.0
2025-11-02,SKU-0081,101,0,8,34.0
2025-11-09,SKU-0081,205,0,8,34.0
2025-11-16,SKU-0081,118,0,8,34.0
2025-11-23,SKU-0081,54,0,8,34.0
2025-11-30,SKU-0081,0,345,8,34.0
2025-12-07,SKU-0081,0,296,8,34.0
2025-12-14,SKU-0081,0,230,8,34.0
2025-12-21,SKU-0081,0,243,8,34.0
2025-12-28,SKU-0081,0,257,8,34.0
2026-01-04,SKU-0081,128,0,8,34.0
2026-01-11,SKU-0081,81,0,8,34.0
2026-01-18,SKU-0081,35,0,8,34.0
2026-01-25,SKU-0081,0,239,8,34.0
2026-02-01,SKU-0081,203,0,8,34.0
2026-02-08,SKU-0081,167,0,8,34.0
2026-02-15,SKU-0081,107,0,8,34.0
2026-02-22,SKU-0081,72,0,8,34.0
2026-03-01,SKU-0081,22,220,8,34.0
2026-03-08,SKU-0081,148,0,8,34.0
2026-03-15,SKU-0081,109,0,8,34.0
2026-03-22,SKU-0081,70,0,8,34.0
2026-03-29,SKU-0081,29,177,8,34.0
2026-04-05,SKU-0081,166,0,8,34.0
2026-04-12,SKU-0081,114,0,8,34.0
2026-04-19,SKU-0081,67,0,8,34.0
2026-04-26,SKU-0081,34,0,8,34.0
2026-05-03,SKU-0081,139,0,8,34.0
2026-05-10,SKU-0081,90,0,8,34.0
2026-05-17,SKU-0081,43,0,8,34.0
2026-05-24,SKU-0081,0,239,8,34.0
2026-05-31,SKU-0081,0,258,8,34.0
2026-06-07,SKU-0081,0,248,8,34.0
2026-06-14,SKU-0081,0,268,8,34.0
2026-06-21,SKU-0081,0,283,8,34.0
2026-06-28,SKU-0081,0,289,8,34.0
2026-07-05,SKU-0081,0,283,8,34.0
2026-07-12,SKU-0081,245,0,8,34.0
2026-07-19,SKU-0081,194,0,8,34.0
2026-07-26,SKU-0081,122,0,8,34.0
2026-08-02,SKU-0081,42,0,8,34.0
2026-08-09,SKU-0081,277,0,8,34.0
2026-08-16,SKU-0081,220,0,8,34.0
2026-08-23,SKU-0081,155,0,8,34.0
2026-08-30,SKU-0081,84,0,8,34.0
2024-09-01,SKU-0082,160,0,19,74.0
2024-09-08,SKU-0082,158,0,19,74.0
2024-09-15,SKU-0082,150,0,19,74.0
2024-09-22,SKU-0082,137,0,19,74.0
2024-09-29,SKU-0082,126,0,19,74.0
2024-10-06,SKU-0082,107,0,19,74.0
2024-10-13,SKU-0082,86,0,19,74.0
2024-10-20,SKU-0082,158,0,19,74.0
2024-10-27,SKU-0082,126,0,19,74.0
2024-11-03,SKU-0082,101,0,19,74.0
2024-11-10,SKU-0082,83,0,19,74.0
2024-11-17,SKU-0082,66,157,19,74.0
2024-11-24,SKU-0082,50,164,19,74.0
2024-12-01,SKU-0082,40,159,19,74.0
2024-12-08,SKU-0082,23,168,19,74.0
2024-12-15,SKU-0082,174,0,19,74.0
2024-12-22,SKU-0082,142,0,19,74.0
2024-12-29,SKU-0082,119,0,19,74.0
2025-01-05,SKU-0082,101,0,19,74.0
2025-01-12,SKU-0082,83,0,19,74.0
2025-01-19,SKU-0082,189,0,19,74.0
2025-01-26,SKU-0082,181,0,19,74.0
2025-02-02,SKU-0082,168,0,19,74.0
2025-02-09,SKU-0082,156,0,19,74.0
2025-02-16,SKU-0082,138,0,19,74.0
2025-02-23,SKU-0082,120,0,19,74.0
2025-03-02,SKU-0082,104,0,19,74.0
2025-03-09,SKU-0082,83,0,19,74.0
2025-03-16,SKU-0082,218,0,19,74.0
2025-03-23,SKU-0082,200,0,19,74.0
2025-03-30,SKU-0082,191,0,19,74.0
2025-04-06,SKU-0082,176,0,19,74.0
2025-04-13,SKU-0082,156,0,19,74.0
2025-04-20,SKU-0082,139,0,19,74.0
2025-04-27,SKU-0082,124,0,19,74.0
2025-05-04,SKU-0082,119,0,19,74.0
2025-05-11,SKU-0082,98,0,19,74.0
2025-05-18,SKU-0082,84,0,19,74.0
2025-05-25,SKU-0082,70,164,19,74.0
2025-06-01,SKU-0082,56,149,19,74.0
2025-06-08,SKU-0082,39,177,19,74.0
2025-06-15,SKU-0082,165,0,19,74.0
2025-06-22,SKU-0082,147,0,19,74.0
2025-06-29,SKU-0082,120,0,19,74.0
2025-07-06,SKU-0082,109,0,19,74.0
2025-07-13,SKU-0082,103,0,19,74.0
2025-07-20,SKU-0082,96,0,19,74.0
2025-07-27,SKU-0082,92,0,19,74.0
2025-08-03,SKU-0082,81,0,19,74.0
2025-08-10,SKU-0082,162,0,19,74.0
2025-08-17,SKU-0082,156,0,19,74.0
2025-08-24,SKU-0082,140,0,19,74.0
2025-08-31,SKU-0082,122,0,19,74.0
2025-09-07,SKU-0082,110,0,19,74.0
2025-09-14,SKU-0082,100,0,19,74.0
2025-09-21,SKU-0082,89,0,19,74.0
2025-09-28,SKU-0082,153,0,19,74.0
2025-10-05,SKU-0082,139,0,19,74.0
2025-10-12,SKU-0082,121,0,19,74.0
2025-10-19,SKU-0082,96,0,19,74.0
2025-10-26,SKU-0082,68,152,19,74.0
2025-11-02,SKU-0082,176,0,19,74.0
2025-11-09,SKU-0082,158,0,19,74.0
2025-11-16,SKU-0082,136,0,19,74.0
2025-11-23,SKU-0082,121,0,19,74.0
2025-11-30,SKU-0082,110,0,19,74.0
2025-12-07,SKU-0082,97,0,19,74.0
2025-12-14,SKU-0082,72,150,19,74.0
2025-12-21,SKU-0082,144,0,19,74.0
2025-12-28,SKU-0082,99,0,19,74.0
2026-01-04,SKU-0082,85,0,19,74.0
2026-01-11,SKU-0082,66,151,19,74.0
2026-01-18,SKU-0082,43,150,19,74.0
2026-01-25,SKU-0082,32,148,19,74.0
2026-02-01,SKU-0082,14,150,19,74.0
2026-02-08,SKU-0082,0,148,19,74.0
2026-02-15,SKU-0082,88,0,19,74.0
2026-02-22,SKU-0082,187,0,19,74.0
2026-03-01,SKU-0082,177,0,19,74.0
2026-03-08,SKU-0082,167,0,19,74.0
2026-03-15,SKU-0082,151,0,19,74.0
2026-03-22,SKU-0082,130,0,19,74.0
2026-03-29,SKU-0082,115,0,19,74.0
2026-04-05,SKU-0082,99,0,19,74.0
2026-04-12,SKU-0082,70,160,19,74.0
2026-04-19,SKU-0082,161,0,19,74.0
2026-04-26,SKU-0082,140,0,19,74.0
2026-05-03,SKU-0082,121,0,19,74.0
2026-05-10,SKU-0082,106,0,19,74.0
2026-05-17,SKU-0082,78,0,19,74.0
2026-05-24,SKU-0082,62,175,19,74.0
2026-05-31,SKU-0082,47,174,19,74.0
2026-06-07,SKU-0082,137,0,19,74.0
2026-06-14,SKU-0082,128,0,19,74.0
2026-06-21,SKU-0082,102,0,19,74.0
2026-06-28,SKU-0082,170,0,19,74.0
2026-07-05,SKU-0082,151,0,19,74.0
2026-07-12,SKU-0082,144,0,19,74.0
2026-07-19,SKU-0082,131,0,19,74.0
2026-07-26,SKU-0082,115,0,19,74.0
2026-08-02,SKU-0082,100,0,19,74.0
2026-08-09,SKU-0082,86,0,19,74.0
2026-08-16,SKU-0082,77,0,19,74.0
2026-08-23,SKU-0082,62,153,19,74.0
2026-08-30,SKU-0082,196,0,19,74.0
2024-02-11,SKU-0083,57,144,21,69.0
2024-02-18,SKU-0083,133,0,21,69.0
2024-02-25,SKU-0083,109,0,21,69.0
2024-03-03,SKU-0083,81,0,21,69.0
2024-03-10,SKU-0083,62,162,21,69.0
2024-03-17,SKU-0083,56,142,21,69.0
2024-03-24,SKU-0083,181,0,21,69.0
2024-03-31,SKU-0083,164,0,21,69.0
2024-04-07,SKU-0083,162,0,21,69.0
2024-04-14,SKU-0083,144,0,21,69.0
2024-04-21,SKU-0083,127,0,21,69.0
2024-04-28,SKU-0083,112,0,21,69.0
2024-05-05,SKU-0083,107,0,21,69.0
2024-05-12,SKU-0083,95,0,21,69.0
2024-05-19,SKU-0083,81,0,21,69.0
2024-05-26,SKU-0083,74,0,21,69.0
2024-06-02,SKU-0083,65,153,21,69.0
2024-06-09,SKU-0083,52,155,21,69.0
2024-06-16,SKU-0083,143,0,21,69.0
2024-06-23,SKU-0083,129,0,21,69.0
2024-06-30,SKU-0083,110,0,21,69.0
2024-07-07,SKU-0083,106,0,21,69.0
2024-07-14,SKU-0083,93,0,21,69.0
2024-07-21,SKU-0083,88,0,21,69.0
2024-07-28,SKU-0083,80,0,21,69.0
2024-08-04,SKU-0083,72,0,21,69.0
2024-08-11,SKU-0083,75,0,21,69.0
2024-08-18,SKU-0083,183,0,21,69.0
2024-08-25,SKU-0083,169,0,21,69.0
2024-09-01,SKU-0083,157,0,21,69.0
2024-09-08,SKU-0083,147,0,21,69.0
2024-09-15,SKU-0083,146,0,21,69.0
2024-09-22,SKU-0083,128,0,21,69.0
2024-09-29,SKU-0083,124,0,21,69.0
2024-10-06,SKU-0083,104,0,21,69.0
2024-10-13,SKU-0083,88,0,21,69.0
2024-10-20,SKU-0083,78,0,21,69.0
2024-10-27,SKU-0083,58,159,21,69.0
2024-11-03,SKU-0083,168,0,21,69.0
2024-11-10,SKU-0083,143,0,21,69.0
2024-11-17,SKU-0083,118,0,21,69.0
2024-11-24,SKU-0083,100,0,21,69.0
2024-12-01,SKU-0083,89,0,21,69.0
2024-12-08,SKU-0083,76,0,21,69.0
2024-12-15,SKU-0083,62,144,21,69.0
2024-12-22,SKU-0083,192,0,21,69.0
2024-12-29,SKU-0083,175,0,21,69.0
2025-01-05,SKU-0083,152,0,21,69.0
2025-01-12,SKU-0083,133,0,21,69.0
2025-01-19,SKU-0083,118,0,21,69.0
2025-01-26,SKU-0083,106,0,21,69.0
2025-02-02,SKU-0083,101,0,21,69.0
2025-02-09,SKU-0083,86,0,21,69.0
2025-02-16,SKU-0083,67,153,21,69.0
2025-02-23,SKU-0083,61,164,21,69.0
2025-03-02,SKU-0083,141,0,21,69.0
2025-03-09,SKU-0083,130,0,21,69.0
2025-03-16,SKU-0083,129,0,21,69.0
2025-03-23,SKU-0083,119,0,21,69.0
2025-03-30,SKU-0083,108,0,21,69.0
2025-04-06,SKU-0083,105,0,21,69.0
2025-04-13,SKU-0083,95,0,21,69.0
2025-04-20,SKU-0083,90,0,21,69.0
2025-04-27,SKU-0083,89,0,21,69.0
2025-05-04,SKU-0083,73,0,21,69.0
2025-05-11,SKU-0083,184,0,21,69.0
2025-05-18,SKU-0083,184,0,21,69.0
2025-05-25,SKU-0083,171,0,21,69.0
2025-06-01,SKU-0083,158,0,21,69.0
2025-06-08,SKU-0083,157,0,21,69.0
2025-06-15,SKU-0083,149,0,21,69.0
2025-06-22,SKU-0083,134,0,21,69.0
2025-06-29,SKU-0083,116,0,21,69.0
2025-07-06,SKU-0083,96,0,21,69.0
2025-07-13,SKU-0083,85,0,21,69.0
2025-07-20,SKU-0083,85,0,21,69.0
2025-07-27,SKU-0083,81,0,21,69.0
2025-08-03,SKU-0083,71,0,21,69.0
2025-08-10,SKU-0083,63,138,21,69.0
2025-08-17,SKU-0083,57,143,21,69.0
2025-08-24,SKU-0083,47,141,21,69.0
2025-08-31,SKU-0083,35,154,21,69.0
2025-09-07,SKU-0083,157,0,21,69.0
2025-09-14,SKU-0083,143,0,21,69.0
2025-09-21,SKU-0083,139,0,21,69.0
2025-09-28,SKU-0083,134,0,21,69.0
2025-10-05,SKU-0083,114,0,21,69.0
2025-10-12,SKU-0083,102,0,21,69.0
2025-10-19,SKU-0083,75,0,21,69.0
2025-10-26,SKU-0083,60,163,21,69.0
2025-11-02,SKU-0083,124,0,21,69.0
2025-11-09,SKU-0083,108,0,21,69.0
2025-11-16,SKU-0083,91,0,21,69.0
2025-11-23,SKU-0083,86,0,21,69.0
2025-11-30,SKU-0083,72,0,21,69.0
2025-12-07,SKU-0083,66,153,21,69.0
2025-12-14,SKU-0083,201,0,21,69.0
2025-12-21,SKU-0083,183,0,21,69.0
2025-12-28,SKU-0083,160,0,21,69.0
2026-01-04,SKU-0083,149,0,21,69.0
2026-01-11,SKU-0083,132,0,21,69.0
2026-01-18,SKU-0083,124,0,21,69.0
2026-01-25,SKU-0083,109,0,21,69.0
2026-02-01,SKU-0083,101,0,21,69.0
2026-02-08,SKU-0083,89,0,21,69.0
2026-02-15,SKU-0083,79,0,21,69.0
2026-02-22,SKU-0083,74,0,21,69.0
2026-03-01,SKU-0083,70,0,21,69.0
2026-03-08,SKU-0083,146,0,21,69.0
2026-03-15,SKU-0083,137,0,21,69.0
2026-03-22,SKU-0083,130,0,21,69.0
2026-03-29,SKU-0083,120,0,21,69.0
2026-04-05,SKU-0083,116,0,21,69.0
2026-04-12,SKU-0083,103,0,21,69.0
2026-04-19,SKU-0083,93,0,21,69.0
2026-04-26,SKU-0083,89,0,21,69.0
2026-05-03,SKU-0083,79,0,21,69.0
2026-05-10,SKU-0083,73,0,21,69.0
2026-05-17,SKU-0083,73,0,21,69.0
2026-05-24,SKU-0083,69,0,21,69.0
2026-05-31,SKU-0083,200,0,21,69.0
2026-06-07,SKU-0083,192,0,21,69.0
2026-06-14,SKU-0083,190,0,21,69.0
2026-06-21,SKU-0083,178,0,21,69.0
2026-06-28,SKU-0083,167,0,21,69.0
2026-07-05,SKU-0083,165,0,21,69.0
2026-07-12,SKU-0083,157,0,21,69.0
2026-07-19,SKU-0083,148,0,21,69.0
2026-07-26,SKU-0083,139,0,21,69.0
2026-08-02,SKU-0083,136,0,21,69.0
2026-08-09,SKU-0083,132,0,21,69.0
2026-08-16,SKU-0083,122,0,21,69.0
2026-08-23,SKU-0083,120,0,21,69.0
2026-08-30,SKU-0083,117,0,21,69.0
2024-01-28,SKU-0084,55,0,15,26.0
2024-02-04,SKU-0084,31,0,15,26.0
2024-02-11,SKU-0084,12,104,15,26.0
2024-02-18,SKU-0084,83,0,15,26.0
2024-02-25,SKU-0084,61,0,15,26.0
2024-03-03,SKU-0084,40,0,15,26.0
2024-03-10,SKU-0084,92,0,15,26.0
2024-03-17,SKU-0084,66,0,15,26.0
2024-03-24,SKU-0084,47,0,15,26.0
2024-03-31,SKU-0084,137,0,15,26.0
2024-04-07,SKU-0084,109,0,15,26.0
2024-04-14,SKU-0084,84,0,15,26.0
2024-04-21,SKU-0084,56,0,15,26.0
2024-04-28,SKU-0084,27,0,15,26.0
2024-05-05,SKU-0084,2,136,15,26.0
2024-05-12,SKU-0084,86,0,15,26.0
2024-05-19,SKU-0084,68,0,15,26.0
2024-05-26,SKU-0084,35,0,15,26.0
2024-06-02,SKU-0084,82,0,15,26.0
2024-06-09,SKU-0084,52,0,15,26.0
2024-06-16,SKU-0084,93,0,15,26.0
2024-06-23,SKU-0084,57,0,15,26.0
2024-06-30,SKU-0084,22,163,15,26.0
2024-07-07,SKU-0084,0,173,15,26.0
2024-07-14,SKU-0084,0,157,15,26.0
2024-07-21,SKU-0084,115,0,15,26.0
2024-07-28,SKU-0084,83,0,15,26.0
2024-08-04,SKU-0084,57,0,15,26.0
2024-08-11,SKU-0084,28,0,15,26.0
2024-08-18,SKU-0084,12,127,15,26.0
2024-08-25,SKU-0084,0,143,15,26.0
2024-09-01,SKU-0084,0,126,15,26.0
2024-09-08,SKU-0084,128,0,15,26.0
2024-09-15,SKU-0084,97,0,15,26.0
2024-09-22,SKU-0084,66,0,15,26.0
2024-09-29,SKU-0084,46,0,15,26.0
2024-10-06,SKU-0084,116,0,15,26.0
2024-10-13,SKU-0084,85,0,15,26.0
2024-10-20,SKU-0084,49,0,15,26.0
2024-10-27,SKU-0084,16,154,15,26.0
2024-11-03,SKU-0084,92,0,15,26.0
2024-11-10,SKU-0084,56,0,15,26.0
2024-11-17,SKU-0084,34,0,15,26.0
2024-11-24,SKU-0084,1,153,15,26.0
2024-12-01,SKU-0084,108,0,15,26.0
2024-12-08,SKU-0084,80,0,15,26.0
2024-12-15,SKU-0084,57,0,15,26.0
2024-12-22,SKU-0084,36,0,15,26.0
2024-12-29,SKU-0084,10,134,15,26.0
2025-01-05,SKU-0084,98,0,15,26.0
2025-01-12,SKU-0084,86,0,15,26.0
2025-01-19,SKU-0084,72,0,15,26.0
2025-01-26,SKU-0084,50,0,15,26.0
2025-02-02,SKU-0084,40,0,15,26.0
2025-02-09,SKU-0084,104,0,15,26.0
2025-02-16,SKU-0084,83,0,15,26.0
2025-02-23,SKU-0084,63,0,15,26.0
2025-03-02,SKU-0084,43,0,15,26.0
2025-03-09,SKU-0084,20,92,15,26.0
2025-03-16,SKU-0084,77,0,15,26.0
2025-03-23,SKU-0084,55,0,15,26.0
2025-03-30,SKU-0084,32,0,15,26.0
2025-04-06,SKU-0084,12,134,15,26.0
2025-04-13,SKU-0084,0,119,15,26.0
2025-04-20,SKU-0084,89,0,15,26.0
2025-04-27,SKU-0084,66,0,15,26.0
2025-05-04,SKU-0084,44,0,15,26.0
2025-05-11,SKU-0084,99,0,15,26.0
2025-05-18,SKU-0084,68,0,15,26.0
2025-05-25,SKU-0084,35,0,15,26.0
2025-06-01,SKU-0084,77,0,15,26.0
2025-06-08,SKU-0084,59,0,15,26.0
2025-06-15,SKU-0084,36,0,15,26.0
2025-06-22,SKU-0084,0,153,15,26.0
2025-06-29,SKU-0084,0,179,15,26.0
2025-07-06,SKU-0084,0,167,15,26.0
2025-07-13,SKU-0084,119,0,15,26.0
2025-07-20,SKU-0084,96,0,15,26.0
2025-07-27,SKU-0084,78,0,15,26.0
2025-08-03,SKU-0084,55,0,15,26.0
2025-08-10,SKU-0084,27,0,15,26.0
2025-08-17,SKU-0084,0,141,15,26.0
2025-08-24,SKU-0084,0,135,15,26.0
2025-08-31,SKU-0084,0,135,15,26.0
2025-09-07,SKU-0084,110,0,15,26.0
2025-09-14,SKU-0084,78,0,15,26.0
2025-09-21,SKU-0084,67,0,15,26.0
2025-09-28,SKU-0084,44,0,15,26.0
2025-10-05,SKU-0084,15,125,15,26.0
2025-10-12,SKU-0084,0,144,15,26.0
2025-10-19,SKU-0084,0,185,15,26.0
2025-10-26,SKU-0084,125,0,15,26.0
2025-11-02,SKU-0084,91,0,15,26.0
2025-11-09,SKU-0084,89,0,15,26.0
2025-11-16,SKU-0084,95,0,15,26.0
2025-11-23,SKU-0084,96,0,15,26.0
2025-11-30,SKU-0084,98,0,15,26.0
2025-12-07,SKU-0084,98,0,15,26.0
2025-12-14,SKU-0084,98,0,15,26.0
2025-12-21,SKU-0084,97,0,15,26.0
2025-12-28,SKU-0084,102,0,15,26.0
2026-01-04,SKU-0084,109,0,15,26.0
2026-01-11,SKU-0084,115,0,15,26.0
2026-01-18,SKU-0084,116,0,15,26.0
2026-01-25,SKU-0084,124,0,15,26.0
2026-02-01,SKU-0084,131,0,15,26.0
2026-02-08,SKU-0084,139,0,15,26.0
2026-02-15,SKU-0084,145,0,15,26.0
2026-02-22,SKU-0084,152,0,15,26.0
2026-03-01,SKU-0084,154,0,15,26.0
2026-03-08,SKU-0084,158,0,15,26.0
2026-03-15,SKU-0084,162,0,15,26.0
2026-03-22,SKU-0084,169,0,15,26.0
2026-03-29,SKU-0084,171,0,15,26.0
2026-04-05,SKU-0084,171,0,15,26.0
2026-04-12,SKU-0084,170,0,15,26.0
2026-04-19,SKU-0084,175,0,15,26.0
2026-04-26,SKU-0084,181,0,15,26.0
2026-05-03,SKU-0084,186,0,15,26.0
2026-05-10,SKU-0084,190,0,15,26.0
2026-05-17,SKU-0084,192,0,15,26.0
2026-05-24,SKU-0084,192,0,15,26.0
2026-05-31,SKU-0084,193,0,15,26.0
2026-06-07,SKU-0084,198,0,15,26.0
2026-06-14,SKU-0084,201,0,15,26.0
2026-06-21,SKU-0084,200,0,15,26.0
2026-06-28,SKU-0084,201,0,15,26.0
2026-07-05,SKU-0084,201,0,15,26.0
2026-07-12,SKU-0084,205,0,15,26.0
2026-07-19,SKU-0084,209,0,15,26.0
2026-07-26,SKU-0084,215,0,15,26.0
2026-08-02,SKU-0084,221,0,15,26.0
2026-08-09,SKU-0084,221,0,15,26.0
2026-08-16,SKU-0084,226,0,15,26.0
2026-08-23,SKU-0084,232,0,15,26.0
2026-08-30,SKU-0084,231,0,15,26.0
2024-05-19,SKU-0085,77,0,11,34.0
2024-05-26,SKU-0085,197,0,11,
2024-06-02,SKU-0085,156,0,11,34.0
2024-06-09,SKU-0085,101,0,11,34.0
2024-06-16,SKU-0085,49,0,11,34.0
2024-06-23,SKU-0085,191,0,11,34.0
2024-06-30,SKU-0085,110,0,11,34.0
2024-07-07,SKU-0085,68,0,11,34.0
2024-07-14,SKU-0085,47,0,11,34.0
2024-07-21,SKU-0085,128,0,11,34.0
2024-07-28,SKU-0085,88,0,11,34.0
2024-08-04,SKU-0085,32,180,11,34.0
2024-08-11,SKU-0085,162,0,11,34.0
2024-08-18,SKU-0085,113,0,11,34.0
2024-08-25,SKU-0085,50,0,11,34.0
2024-09-01,SKU-0085,203,0,11,34.0
2024-09-08,SKU-0085,147,0,11,34.0
2024-09-15,SKU-0085,106,0,11,34.0
2024-09-22,SKU-0085,55,0,11,34.0
2024-09-29,SKU-0085,3,219,11,34.0
2024-10-06,SKU-0085,173,0,11,34.0
2024-10-13,SKU-0085,98,0,11,34.0
2024-10-20,SKU-0085,331,0,11,34.0
2024-10-27,SKU-0085,250,0,11,34.0
2024-11-03,SKU-0085,180,0,11,34.0
2024-11-10,SKU-0085,98,0,11,34.0
2024-11-17,SKU-0085,271,0,11,34.0
2024-11-24,SKU-0085,212,0,11,34.0
2024-12-01,SKU-0085,157,0,11,34.0
2024-12-08,SKU-0085,117,0,11,34.0
2024-12-15,SKU-0085,54,0,11,34.0
2024-12-22,SKU-0085,234,0,11,34.0
2024-12-29,SKU-0085,167,0,11,34.0
2025-01-05,SKU-0085,119,0,11,34.0
2025-01-12,SKU-0085,81,0,11,34.0
2025-01-19,SKU-0085,38,0,11,34.0
2025-01-26,SKU-0085,189,0,11,34.0
2025-02-02,SKU-0085,140,0,11,34.0
2025-02-09,SKU-0085,92,0,11,34.0
2025-02-16,SKU-0085,51,0,11,34.0
2025-02-23,SKU-0085,20,215,11,34.0
2025-03-02,SKU-0085,167,0,11,34.0
2025-03-09,SKU-0085,133,0,11,34.0
2025-03-16,SKU-0085,79,0,11,34.0
2025-03-23,SKU-0085,38,0,11,34.0
2025-03-30,SKU-0085,0,198,11,34.0
2025-04-06,SKU-0085,0,209,11,34.0
2025-04-13,SKU-0085,111,0,11,34.0
2025-04-20,SKU-0085,63,0,11,34.0
2025-04-27,SKU-0085,142,0,11,34.0
2025-05-04,SKU-0085,106,0,11,34.0
2025-05-11,SKU-0085,81,0,11,34.0
2025-05-18,SKU-0085,50,0,11,34.0
2025-05-25,SKU-0085,111,0,11,34.0
2025-06-01,SKU-0085,69,0,11,34.0
2025-06-08,SKU-0085,160,0,11,34.0
2025-06-15,SKU-0085,101,0,11,34.0
2025-06-22,SKU-0085,267,0,11,34.0
2025-06-29,SKU-0085,208,0,11,34.0
2025-07-06,SKU-0085,155,0,11,34.0
2025-07-13,SKU-0085,122,0,11,34.0
2025-07-20,SKU-0085,68,0,11,34.0
2025-07-27,SKU-0085,25,205,11,34.0
2025-08-03,SKU-0085,0,194,11,34.0
2025-08-10,SKU-0085,116,0,11,34.0
2025-08-17,SKU-0085,75,0,11,34.0
2025-08-24,SKU-0085,24,218,11,34.0
2025-08-31,SKU-0085,138,0,11,34.0
2025-09-07,SKU-0085,93,0,11,34.0
2025-09-14,SKU-0085,255,0,11,34.0
2025-09-21,SKU-0085,199,0,11,34.0
2025-09-28,SKU-0085,141,0,11,34.0
2025-10-05,SKU-0085,78,0,11,34.0
2025-10-12,SKU-0085,0,307,11,34.0
2025-10-19,SKU-0085,0,350,11,34.0
2025-10-26,SKU-0085,0,365,11,34.0
2025-11-02,SKU-0085,247,0,11,34.0
2025-11-09,SKU-0085,169,0,11,34.0
2025-11-16,SKU-0085,100,0,11,34.0
2025-11-23,SKU-0085,64,0,11,34.0
2025-11-30,SKU-0085,20,273,11,34.0
2025-12-07,SKU-0085,109,0,11,34.0
2025-12-14,SKU-0085,62,0,11,34.0
2025-12-21,SKU-0085,0,224,11,34.0
2025-12-28,SKU-0085,142,0,11,34.0
2026-01-04,SKU-0085,85,0,11,34.0
2026-01-11,SKU-0085,53,0,11,34.0
2026-01-18,SKU-0085,16,241,11,34.0
2026-01-25,SKU-0085,174,0,11,34.0
2026-02-01,SKU-0085,126,0,11,34.0
2026-02-08,SKU-0085,75,0,11,34.0
2026-02-15,SKU-0085,43,0,11,34.0
2026-02-22,SKU-0085,14,189,11,34.0
2026-03-01,SKU-0085,137,0,11,34.0
2026-03-08,SKU-0085,103,0,11,34.0
2026-03-15,SKU-0085,72,0,11,34.0
2026-03-22,SKU-0085,34,0,11,34.0
2026-03-29,SKU-0085,6,146,11,34.0
2026-04-05,SKU-0085,0,159,11,34.0
2026-04-12,SKU-0085,0,175,11,34.0
2026-04-19,SKU-0085,129,0,11,34.0
2026-04-26,SKU-0085,101,0,11,34.0
2026-05-03,SKU-0085,74,0,11,34.0
2026-05-10,SKU-0085,40,0,11,34.0
2026-05-17,SKU-0085,149,0,11,34.0
2026-05-24,SKU-0085,108,0,11,34.0
2026-05-31,SKU-0085,75,0,11,34.0
2026-06-07,SKU-0085,40,0,11,34.0
2026-06-14,SKU-0085,8,151,11,34.0
2026-06-21,SKU-0085,123,0,11,34.0
2026-06-28,SKU-0085,67,0,11,34.0
2026-07-05,SKU-0085,184,0,11,34.0
2026-07-12,SKU-0085,143,0,11,34.0
2026-07-19,SKU-0085,107,0,11,34.0
2026-07-26,SKU-0085,57,0,11,34.0
2026-08-02,SKU-0085,111,0,11,34.0
2026-08-09,SKU-0085,69,0,11,34.0
2026-08-16,SKU-0085,34,0,11,34.0
2026-08-23,SKU-0085,109,0,11,34.0
2026-08-30,SKU-0085,54,0,11,34.0
2024-11-24,SKU-0086,44,127,26,60.0
2024-12-01,SKU-0086,27,148,26,60.0
2024-12-08,SKU-0086,15,126,26,60.0
2024-12-15,SKU-0086,128,0,26,60.0
2024-12-22,SKU-0086,85,0,26,60.0
2024-12-29,SKU-0086,180,0,26,60.0
2025-01-05,SKU-0086,158,0,26,60.0
2025-01-12,SKU-0086,140,0,26,60.0
2025-01-19,SKU-0086,117,0,26,60.0
2025-01-26,SKU-0086,91,0,26,60.0
2025-02-02,SKU-0086,175,0,26,60.0
2025-02-09,SKU-0086,145,0,26,60.0
2025-02-16,SKU-0086,121,0,26,60.0
2025-02-23,SKU-0086,81,0,26,60.0
2025-03-02,SKU-0086,172,0,26,60.0
2025-03-09,SKU-0086,130,0,26,60.0
2025-03-16,SKU-0086,108,0,26,60.0
2025-03-23,SKU-0086,85,0,26,60.0
2025-03-30,SKU-0086,143,0,26,60.0
2025-04-06,SKU-0086,107,0,26,60.0
2025-04-13,SKU-0086,80,0,26,60.0
2025-04-20,SKU-0086,184,0,26,60.0
2025-04-27,SKU-0086,161,0,26,60.0
2025-05-04,SKU-0086,136,0,26,60.0
2025-05-11,SKU-0086,108,0,26,60.0
2025-05-18,SKU-0086,79,0,26,60.0
2025-05-25,SKU-0086,150,0,26,60.0
2025-06-01,SKU-0086,118,0,26,60.0
2025-06-08,SKU-0086,98,0,26,60.0
2025-06-15,SKU-0086,72,0,26,60.0
2025-06-22,SKU-0086,39,136,26,60.0
2025-06-29,SKU-0086,79,0,26,60.0
2025-07-06,SKU-0086,48,158,26,60.0
2025-07-13,SKU-0086,120,0,26,60.0
2025-07-20,SKU-0086,102,0,26,60.0
2025-07-27,SKU-0086,81,0,26,60.0
2025-08-03,SKU-0086,52,124,26,60.0
2025-08-10,SKU-0086,40,135,26,60.0
2025-08-17,SKU-0086,131,0,26,60.0
2025-08-24,SKU-0086,102,0,26,60.0
2025-08-31,SKU-0086,81,0,26,60.0
2025-09-07,SKU-0086,64,0,26,60.0
2025-09-14,SKU-0086,47,130,26,60.0
2025-09-21,SKU-0086,150,0,26,60.0
2025-09-28,SKU-0086,135,0,26,60.0
2025-10-05,SKU-0086,100,0,26,60.0
2025-10-12,SKU-0086,72,0,26,60.0
2025-10-19,SKU-0086,45,121,26,60.0
2025-10-26,SKU-0086,150,0,26,60.0
2025-11-02,SKU-0086,112,0,26,60.0
2025-11-09,SKU-0086,71,0,26,60.0
2025-11-16,SKU-0086,133,0,26,60.0
2025-11-23,SKU-0086,119,0,26,60.0
2025-11-30,SKU-0086,109,0,26,60.0
2025-12-07,SKU-0086,93,0,26,60.0
2025-12-14,SKU-0086,77,0,26,60.0
2025-12-21,SKU-0086,37,123,26,
2025-12-28,SKU-0086,4,136,26,60.0
2026-01-04,SKU-0086,98,0,26,60.0
2026-01-11,SKU-0086,82,0,26,60.0
2026-01-18,SKU-0086,56,145,26,60.0
2026-01-25,SKU-0086,30,147,26,60.0
2026-02-01,SKU-0086,8,148,26,60.0
2026-02-08,SKU-0086,87,0,26,60.0
2026-02-15,SKU-0086,69,0,26,60.0
2026-02-22,SKU-0086,32,127,26,60.0
2026-03-01,SKU-0086,1,128,26,60.0
2026-03-08,SKU-0086,148,0,26,60.0
2026-03-15,SKU-0086,118,0,26,60.0
2026-03-22,SKU-0086,90,0,26,60.0
2026-03-29,SKU-0086,65,0,26,60.0
2026-04-05,SKU-0086,156,0,26,60.0
2026-04-12,SKU-0086,129,0,26,60.0
2026-04-19,SKU-0086,105,0,26,60.0
2026-04-26,SKU-0086,87,0,26,60.0
2026-05-03,SKU-0086,132,0,26,60.0
2026-05-10,SKU-0086,110,0,26,60.0
2026-05-17,SKU-0086,90,0,26,60.0
2026-05-24,SKU-0086,162,0,26,60.0
2026-05-31,SKU-0086,154,0,26,60.0
2026-06-07,SKU-0086,132,0,26,60.0
2026-06-14,SKU-0086,107,0,26,60.0
2026-06-21,SKU-0086,71,0,26,60.0
2026-06-28,SKU-0086,144,0,26,60.0
2026-07-05,SKU-0086,118,0,26,60.0
2026-07-12,SKU-0086,94,0,26,60.0
2026-07-19,SKU-0086,77,0,26,60.0
2026-07-26,SKU-0086,56,136,26,60.0
2026-08-02,SKU-0086,149,0,26,60.0
2026-08-09,SKU-0086,121,0,26,60.0
2026-08-16,SKU-0086,103,0,26,60.0
2026-08-23,SKU-0086,85,0,26,60.0
2026-08-30,SKU-0086,66,0,26,60.0
2025-02-16,SKU-0087,130,0,24,32.0
2025-02-23,SKU-0087,113,0,24,32.0
2025-03-02,SKU-0087,99,0,24,32.0
2025-03-09,SKU-0087,88,0,24,32.0
2025-03-16,SKU-0087,75,0,24,32.0
2025-03-23,SKU-0087,67,0,24,32.0
2025-03-30,SKU-0087,45,0,24,32.0
2025-04-06,SKU-0087,81,0,24,32.0
2025-04-13,SKU-0087,65,0,24,32.0
2025-04-20,SKU-0087,44,0,24,32.0
2025-04-27,SKU-0087,26,112,24,32.0
2025-05-04,SKU-0087,70,0,24,32.0
2025-05-11,SKU-0087,48,0,24,32.0
2025-05-18,SKU-0087,31,86,24,32.0
2025-05-25,SKU-0087,11,84,24,32.0
2025-06-01,SKU-0087,0,102,24,32.0
2025-06-08,SKU-0087,0,100,24,32.0
2025-06-15,SKU-0087,88,0,24,32.0
2025-06-22,SKU-0087,62,0,24,32.0
2025-06-29,SKU-0087,35,0,24,32.0
2025-07-06,SKU-0087,120,0,24,32.0
2025-07-13,SKU-0087,104,0,24,32.0
2025-07-20,SKU-0087,82,0,24,32.0
2025-07-27,SKU-0087,61,0,24,32.0
2025-08-03,SKU-0087,41,0,24,32.0
2025-08-10,SKU-0087,20,112,24,32.0
2025-08-17,SKU-0087,6,101,24,32.0
2025-08-24,SKU-0087,65,0,24,32.0
2025-08-31,SKU-0087,44,0,24,32.0
2025-09-07,SKU-0087,34,0,24,32.0
2025-09-14,SKU-0087,20,92,24,32.0
2025-09-21,SKU-0087,0,103,24,32.0
2025-09-28,SKU-0087,0,96,24,32.0
2025-10-05,SKU-0087,0,101,24,32.0
2025-10-12,SKU-0087,0,130,24,32.0
2025-10-19,SKU-0087,0,125,24,32.0
2025-10-26,SKU-0087,0,123,24,32.0
2025-11-02,SKU-0087,84,0,24,32.0
2025-11-09,SKU-0087,59,0,24,32.0
2025-11-16,SKU-0087,128,0,24,32.0
2025-11-23,SKU-0087,112,0,24,32.0
2025-11-30,SKU-0087,102,0,24,32.0
2025-12-07,SKU-0087,93,0,24,32.0
2025-12-14,SKU-0087,74,0,24,32.0
2025-12-21,SKU-0087,49,0,24,32.0
2025-12-28,SKU-0087,93,0,24,32.0
2026-01-04,SKU-0087,73,0,24,32.0
2026-01-11,SKU-0087,59,0,24,32.0
2026-01-18,SKU-0087,52,0,24,32.0
2026-01-25,SKU-0087,37,0,24,32.0
2026-02-01,SKU-0087,23,79,24,32.0
2026-02-08,SKU-0087,8,86,24,32.0
2026-02-15,SKU-0087,51,0,24,32.0
2026-02-22,SKU-0087,39,0,24,32.0
2026-03-01,SKU-0087,74,0,24,32.0
2026-03-08,SKU-0087,67,0,24,32.0
2026-03-15,SKU-0087,56,0,24,32.0
2026-03-22,SKU-0087,36,0,24,32.0
2026-03-29,SKU-0087,72,0,24,32.0
2026-04-05,SKU-0087,57,0,24,32.0
2026-04-12,SKU-0087,36,0,24,32.0
2026-04-19,SKU-0087,78,0,24,32.0
2026-04-26,SKU-0087,58,0,24,32.0
2026-05-03,SKU-0087,39,0,24,32.0
2026-05-10,SKU-0087,15,94,24,32.0
2026-05-17,SKU-0087,0,118,24,32.0
2026-05-24,SKU-0087,108,0,24,32.0
2026-05-31,SKU-0087,95,0,24,32.0
2026-06-07,SKU-0087,78,0,24,32.0
2026-06-14,SKU-0087,64,0,24,
2026-06-21,SKU-0087,41,0,24,32.0
2026-06-28,SKU-0087,99,0,24,32.0
2026-07-05,SKU-0087,63,0,24,32.0
2026-07-12,SKU-0087,50,0,24,32.0
2026-07-19,SKU-0087,138,0,24,32.0
2026-07-26,SKU-0087,113,0,24,32.0
2026-08-02,SKU-0087,100,0,24,32.0
2026-08-09,SKU-0087,80,0,24,32.0
2026-08-16,SKU-0087,60,0,24,32.0
2026-08-23,SKU-0087,36,0,24,32.0
2026-08-30,SKU-0087,14,124,24,32.0
2024-07-14,SKU-0088,154,0,18,41.0
2024-07-21,SKU-0088,110,0,18,41.0
2024-07-28,SKU-0088,47,0,18,41.0
2024-08-04,SKU-0088,172,0,18,41.0
2024-08-11,SKU-0088,127,0,18,41.0
2024-08-18,SKU-0088,91,0,18,41.0
2024-08-25,SKU-0088,51,0,18,41.0
2024-09-01,SKU-0088,13,201,18,41.0
2024-09-08,SKU-0088,0,188,18,41.0
2024-09-15,SKU-0088,127,0,18,41.0
2024-09-22,SKU-0088,90,0,18,41.0
2024-09-29,SKU-0088,58,0,18,41.0
2024-10-06,SKU-0088,139,0,18,41.0
2024-10-13,SKU-0088,81,0,18,41.0
2024-10-20,SKU-0088,212,0,18,41.0
2024-10-27,SKU-0088,140,0,18,41.0
2024-11-03,SKU-0088,80,0,18,41.0
2024-11-10,SKU-0088,0,313,18,41.0
2024-11-17,SKU-0088,308,0,18,41.0
2024-11-24,SKU-0088,269,0,18,41.0
2024-12-01,SKU-0088,237,0,18,41.0
2024-12-08,SKU-0088,210,0,18,41.0
2024-12-15,SKU-0088,171,0,18,41.0
2024-12-22,SKU-0088,126,0,18,41.0
2024-12-29,SKU-0088,76,0,18,41.0
2025-01-05,SKU-0088,38,206,18,41.0
2025-01-12,SKU-0088,7,195,18,41.0
2025-01-19,SKU-0088,0,192,18,41.0
2025-01-26,SKU-0088,0,180,18,41.0
2025-02-02,SKU-0088,0,161,18,41.0
2025-02-09,SKU-0088,94,0,18,
2025-02-16,SKU-0088,55,0,18,41.0
2025-02-23,SKU-0088,24,155,18,41.0
2025-03-02,SKU-0088,112,0,18,41.0
2025-03-09,SKU-0088,87,0,18,41.0
2025-03-16,SKU-0088,42,0,18,41.0
2025-03-23,SKU-0088,0,175,18,41.0
2025-03-30,SKU-0088,102,0,18,41.0
2025-04-06,SKU-0088,71,0,18,41.0
2025-04-13,SKU-0088,187,0,18,41.0
2025-04-20,SKU-0088,142,0,18,41.0
2025-04-27,SKU-0088,97,0,18,41.0
2025-05-04,SKU-0088,37,228,18,41.0
2025-05-11,SKU-0088,224,0,18,41.0
2025-05-18,SKU-0088,179,0,18,41.0
2025-05-25,SKU-0088,121,0,18,41.0
2025-06-01,SKU-0088,73,0,18,41.0
2025-06-08,SKU-0088,22,230,18,41.0
2025-06-15,SKU-0088,230,0,18,41.0
2025-06-22,SKU-0088,160,0,18,41.0
2025-06-29,SKU-0088,83,0,18,41.0
2025-07-06,SKU-0088,183,0,18,41.0
2025-07-13,SKU-0088,134,0,18,41.0
2025-07-20,SKU-0088,80,0,18,41.0
2025-07-27,SKU-0088,250,0,18,41.0
2025-08-03,SKU-0088,190,0,18,41.0
2025-08-10,SKU-0088,128,0,18,41.0
2025-08-17,SKU-0088,70,0,18,41.0
2025-08-24,SKU-0088,20,264,18,41.0
2025-08-31,SKU-0088,220,0,18,41.0
2025-09-07,SKU-0088,173,0,18,41.0
2025-09-14,SKU-0088,103,0,18,41.0
2025-09-21,SKU-0088,63,0,18,41.0
2025-09-28,SKU-0088,12,240,18,41.0
2025-10-05,SKU-0088,0,273,18,41.0
2025-10-12,SKU-0088,215,0,18,41.0
2025-10-19,SKU-0088,132,0,18,41.0
2025-10-26,SKU-0088,58,0,18,41.0
2025-11-02,SKU-0088,192,0,18,41.0
2025-11-09,SKU-0088,123,0,18,41.0
2025-11-16,SKU-0088,69,0,18,41.0
2025-11-23,SKU-0088,40,250,18,41.0
2025-11-30,SKU-0088,173,0,18,41.0
2025-12-07,SKU-0088,133,0,18,41.0
2025-12-14,SKU-0088,90,0,18,41.0
2025-12-21,SKU-0088,43,0,18,41.0
2025-12-28,SKU-0088,0,197,18,41.0
2026-01-04,SKU-0088,230,0,18,41.0
2026-01-11,SKU-0088,199,0,18,41.0
2026-01-18,SKU-0088,173,0,18,41.0
2026-01-25,SKU-0088,138,0,18,41.0
2026-02-01,SKU-0088,103,0,18,41.0
2026-02-08,SKU-0088,78,0,18,41.0
2026-02-15,SKU-0088,169,0,18,41.0
2026-02-22,SKU-0088,136,0,18,41.0
2026-03-01,SKU-0088,112,0,18,41.0
2026-03-08,SKU-0088,78,0,18,41.0
2026-03-15,SKU-0088,35,158,18,41.0
2026-03-22,SKU-0088,136,0,18,41.0
2026-03-29,SKU-0088,95,0,18,41.0
2026-04-05,SKU-0088,67,0,18,41.0
2026-04-12,SKU-0088,140,0,18,41.0
2026-04-19,SKU-0088,83,0,18,41.0
2026-04-26,SKU-0088,40,179,18,41.0
2026-05-03,SKU-0088,0,206,18,41.0
2026-05-10,SKU-0088,0,215,18,41.0
2026-05-17,SKU-0088,0,246,18,41.0
2026-05-24,SKU-0088,0,249,18,41.0
2026-05-31,SKU-0088,175,0,18,41.0
2026-06-07,SKU-0088,130,0,18,41.0
2026-06-14,SKU-0088,82,0,18,41.0
2026-06-21,SKU-0088,221,0,18,41.0
2026-06-28,SKU-0088,139,0,18,41.0
2026-07-05,SKU-0088,87,0,18,41.0
2026-07-12,SKU-0088,21,301,18,41.0
2026-07-19,SKU-0088,0,268,18,41.0
2026-07-26,SKU-0088,0,243,18,41.0
2026-08-02,SKU-0088,194,0,18,41.0
2026-08-09,SKU-0088,149,0,18,41.0
2026-08-16,SKU-0088,88,0,18,41.0
2026-08-23,SKU-0088,36,245,18,41.0
2026-08-30,SKU-0088,189,0,18,41.0
2024-03-10,SKU-0089,160,0,17,33.0
2024-03-17,SKU-0089,145,0,17,33.0
2024-03-24,SKU-0089,121,0,17,33.0
2024-03-31,SKU-0089,100,0,17,33.0
2024-04-07,SKU-0089,84,0,17,33.0
2024-04-14,SKU-0089,65,0,17,33.0
2024-04-21,SKU-0089,109,0,17,33.0
2024-04-28,SKU-0089,91,0,17,33.0
2024-05-05,SKU-0089,67,0,17,33.0
2024-05-12,SKU-0089,49,0,17,33.0
2024-05-19,SKU-0089,28,107,17,33.0
2024-05-26,SKU-0089,99,0,17,33.0
2024-06-02,SKU-0089,81,0,17,33.0
2024-06-09,SKU-0089,61,0,17,33.0
2024-06-16,SKU-0089,97,0,17,33.0
2024-06-23,SKU-0089,59,0,17,33.0
2024-06-30,SKU-0089,33,0,17,33.0
2024-07-07,SKU-0089,13,119,17,33.0
2024-07-14,SKU-0089,117,0,17,33.0
2024-07-21,SKU-0089,102,0,17,33.0
2024-07-28,SKU-0089,80,0,17,33.0
2024-08-04,SKU-0089,67,0,17,33.0
2024-08-11,SKU-0089,47,0,17,33.0
2024-08-18,SKU-0089,31,88,17,33.0
2024-08-25,SKU-0089,113,0,17,33.0
2024-09-01,SKU-0089,99,0,17,33.0
2024-09-08,SKU-0089,83,0,17,33.0
2024-09-15,SKU-0089,61,0,17,33.0
2024-09-22,SKU-0089,48,0,17,33.0
2024-09-29,SKU-0089,33,0,17,33.0
2024-10-06,SKU-0089,0,117,17,33.0
2024-10-13,SKU-0089,0,129,17,33.0
2024-10-20,SKU-0089,75,0,17,33.0
2024-10-27,SKU-0089,36,0,17,33.0
2024-11-03,SKU-0089,4,146,17,33.0
2024-11-10,SKU-0089,81,0,17,33.0
2024-11-17,SKU-0089,51,0,17,33.0
2024-11-24,SKU-0089,34,0,17,33.0
2024-12-01,SKU-0089,69,0,17,33.0
2024-12-08,SKU-0089,34,0,17,33.0
2024-12-15,SKU-0089,13,143,17,33.0
2024-12-22,SKU-0089,120,0,17,33.0
2024-12-29,SKU-0089,78,0,17,33.0
2025-01-05,SKU-0089,51,0,17,33.0
2025-01-12,SKU-0089,36,0,17,33.0
2025-01-19,SKU-0089,0,140,17,33.0
2025-01-26,SKU-0089,67,0,17,33.0
2025-02-02,SKU-0089,54,0,17,33.0
2025-02-09,SKU-0089,39,0,17,33.0
2025-02-16,SKU-0089,65,0,17,33.0
2025-02-23,SKU-0089,41,0,17,33.0
2025-03-02,SKU-0089,20,123,17,33.0
2025-03-09,SKU-0089,80,0,17,33.0
2025-03-16,SKU-0089,54,0,17,33.0
2025-03-23,SKU-0089,38,0,17,33.0
2025-03-30,SKU-0089,99,0,17,33.0
2025-04-06,SKU-0089,73,0,17,33.0
2025-04-13,SKU-0089,48,0,17,33.0
2025-04-20,SKU-0089,24,134,17,33.0
2025-04-27,SKU-0089,95,0,17,33.0
2025-05-04,SKU-0089,70,0,17,33.0
2025-05-11,SKU-0089,50,0,17,33.0
2025-05-18,SKU-0089,35,0,17,33.0
2025-05-25,SKU-0089,8,99,17,33.0
2025-06-01,SKU-0089,85,0,17,33.0
2025-06-08,SKU-0089,63,0,17,33.0
2025-06-15,SKU-0089,50,0,17,33.0
2025-06-22,SKU-0089,18,129,17,33.0
2025-06-29,SKU-0089,110,0,17,33.0
2025-07-06,SKU-0089,95,0,17,33.0
2025-07-13,SKU-0089,78,0,17,33.0
2025-07-20,SKU-0089,55,0,17,33.0
2025-07-27,SKU-0089,32,104,17,33.0
2025-08-03,SKU-0089,97,0,17,33.0
2025-08-10,SKU-0089,91,0,17,33.0
2025-08-17,SKU-0089,75,0,17,33.0
2025-08-24,SKU-0089,65,0,17,33.0
2025-08-31,SKU-0089,53,0,17,33.0
2025-09-07,SKU-0089,29,102,17,33.0
2025-09-14,SKU-0089,69,0,17,33.0
2025-09-21,SKU-0089,53,0,17,33.0
2025-09-28,SKU-0089,46,0,17,33.0
2025-10-05,SKU-0089,103,0,17,33.0
2025-10-12,SKU-0089,72,0,17,33.0
2025-10-19,SKU-0089,52,0,17,33.0
2025-10-26,SKU-0089,30,128,17,33.0
2025-11-02,SKU-0089,97,0,17,33.0
2025-11-09,SKU-0089,67,0,17,33.0
2025-11-16,SKU-0089,39,0,17,33.0
2025-11-23,SKU-0089,18,136,17,33.0
2025-11-30,SKU-0089,0,142,17,33.0
2025-12-07,SKU-0089,0,114,17,33.0
2025-12-14,SKU-0089,77,0,17,33.0
2025-12-21,SKU-0089,28,135,17,33.0
2025-12-28,SKU-0089,0,145,17,33.0
2026-01-04,SKU-0089,149,0,17,33.0
2026-01-11,SKU-0089,130,0,17,33.0
2026-01-18,SKU-0089,113,0,17,33.0
2026-01-25,SKU-0089,96,0,17,33.0
2026-02-01,SKU-0089,75,0,17,33.0
2026-02-08,SKU-0089,66,0,17,33.0
2026-02-15,SKU-0089,51,0,17,33.0
2026-02-22,SKU-0089,28,107,17,33.0
2026-03-01,SKU-0089,98,0,17,33.0
2026-03-08,SKU-0089,72,0,17,33.0
2026-03-15,SKU-0089,49,0,17,33.0
2026-03-22,SKU-0089,98,0,17,33.0
2026-03-29,SKU-0089,78,0,17,33.0
2026-04-05,SKU-0089,61,0,17,33.0
2026-04-12,SKU-0089,40,0,17,33.0
2026-04-19,SKU-0089,23,87,17,33.0
2026-04-26,SKU-0089,0,106,17,33.0
2026-05-03,SKU-0089,57,0,17,33.0
2026-05-10,SKU-0089,40,0,17,33.0
2026-05-17,SKU-0089,94,0,17,33.0
2026-05-24,SKU-0089,73,0,17,33.0
2026-05-31,SKU-0089,54,0,17,33.0
2026-06-07,SKU-0089,28,127,17,33.0
2026-06-14,SKU-0089,70,0,17,33.0
2026-06-21,SKU-0089,44,0,17,33.0
2026-06-28,SKU-0089,151,0,17,33.0
2026-07-05,SKU-0089,137,0,17,33.0
2026-07-12,SKU-0089,120,0,17,33.0
2026-07-19,SKU-0089,106,0,17,33.0
2026-07-26,SKU-0089,83,0,17,33.0
2026-08-02,SKU-0089,63,0,17,33.0
2026-08-09,SKU-0089,56,0,17,33.0
2026-08-16,SKU-0089,39,0,17,33.0
2026-08-23,SKU-0089,35,0,17,33.0
2026-08-30,SKU-0089,28,80,17,33.0
2024-04-07,SKU-0090,97,0,18,36.0
2024-04-14,SKU-0090,83,0,18,36.0
2024-04-21,SKU-0090,65,0,18,36.0
2024-04-28,SKU-0090,40,0,18,36.0
2024-05-05,SKU-0090,132,0,18,36.0
2024-05-12,SKU-0090,110,0,18,36.0
2024-05-19,SKU-0090,98,0,18,36.0
2024-05-26,SKU-0090,76,0,18,36.0
2024-06-02,SKU-0090,70,0,18,36.0
2024-06-09,SKU-0090,52,0,18,36.0
2024-06-16,SKU-0090,131,0,18,36.0
2024-06-23,SKU-0090,101,0,18,36.0
2024-06-30,SKU-0090,65,0,18,36.0
2024-07-07,SKU-0090,44,0,18,36.0
2024-07-14,SKU-0090,160,0,18,36.0
2024-07-21,SKU-0090,138,0,18,36.0
2024-07-28,SKU-0090,115,0,18,36.0
2024-08-04,SKU-0090,94,0,18,36.0
2024-08-11,SKU-0090,78,0,18,36.0
2024-08-18,SKU-0090,50,0,18,36.0
2024-08-25,SKU-0090,90,0,18,36.0
2024-09-01,SKU-0090,61,0,18,36.0
2024-09-08,SKU-0090,143,0,18,36.0
2024-09-15,SKU-0090,116,0,18,36.0
2024-09-22,SKU-0090,92,0,18,36.0
2024-09-29,SKU-0090,68,0,18,36.0
2024-10-06,SKU-0090,155,0,18,36.0
2024-10-13,SKU-0090,117,0,18,36.0
2024-10-20,SKU-0090,85,0,18,36.0
2024-10-27,SKU-0090,56,0,18,36.0
2024-11-03,SKU-0090,129,0,18,36.0
2024-11-10,SKU-0090,83,0,18,36.0
2024-11-17,SKU-0090,47,0,18,36.0
2024-11-24,SKU-0090,169,0,18,36.0
2024-12-01,SKU-0090,148,0,18,36.0
2024-12-08,SKU-0090,127,0,18,36.0
2024-12-15,SKU-0090,104,0,18,36.0
2024-12-22,SKU-0090,71,0,18,36.0
2024-12-29,SKU-0090,36,0,18,36.0
2025-01-05,SKU-0090,114,0,18,36.0
2025-01-12,SKU-0090,97,0,18,36.0
2025-01-19,SKU-0090,82,0,18,36.0
2025-01-26,SKU-0090,65,0,18,36.0
2025-02-02,SKU-0090,56,0,18,36.0
2025-02-09,SKU-0090,127,0,18,36.0
2025-02-16,SKU-0090,118,0,18,36.0
2025-02-23,SKU-0090,108,0,18,36.0
2025-03-02,SKU-0090,93,0,18,36.0
2025-03-09,SKU-0090,76,0,18,36.0
2025-03-16,SKU-0090,59,0,18,36.0
2025-03-23,SKU-0090,47,0,18,36.0
2025-03-30,SKU-0090,36,0,18,36.0
2025-04-06,SKU-0090,27,96,18,36.0
2025-04-13,SKU-0090,17,90,18,36.0
2025-04-20,SKU-0090,0,86,18,36.0
2025-04-27,SKU-0090,0,81,18,36.0
2025-05-04,SKU-0090,0,101,18,36.0
2025-05-11,SKU-0090,0,84,18,36.0
2025-05-18,SKU-0090,0,85,18,36.0
2025-05-25,SKU-0090,0,101,18,36.0
2025-06-01,SKU-0090,0,102,18,36.0
2025-06-08,SKU-0090,0,115,18,36.0
2025-06-15,SKU-0090,0,117,18,36.0
2025-06-22,SKU-0090,0,140,18,36.0
2025-06-29,SKU-0090,0,133,18,36.0
2025-07-06,SKU-0090,0,137,18,36.0
2025-07-13,SKU-0090,82,0,18,36.0
2025-07-20,SKU-0090,54,0,18,36.0
2025-07-27,SKU-0090,40,0,18,36.0
2025-08-03,SKU-0090,113,0,18,36.0
2025-08-10,SKU-0090,87,0,18,36.0
2025-08-17,SKU-0090,63,0,18,36.0
2025-08-24,SKU-0090,40,0,18,36.0
2025-08-31,SKU-0090,134,0,18,36.0
2025-09-07,SKU-0090,106,0,18,36.0
2025-09-14,SKU-0090,83,0,18,36.0
2025-09-21,SKU-0090,66,0,18,36.0
2025-09-28,SKU-0090,127,0,18,36.0
2025-10-05,SKU-0090,87,0,18,36.0
2025-10-12,SKU-0090,46,0,18,36.0
2025-10-19,SKU-0090,0,203,18,36.0
2025-10-26,SKU-0090,197,0,18,36.0
2025-11-02,SKU-0090,143,0,18,36.0
2025-11-09,SKU-0090,108,0,18,36.0
2025-11-16,SKU-0090,71,0,18,36.0
2025-11-23,SKU-0090,47,0,18,36.0
2025-11-30,SKU-0090,163,0,18,36.0
2025-12-07,SKU-0090,138,0,18,36.0
2025-12-14,SKU-0090,112,0,18,36.0
2025-12-21,SKU-0090,88,0,18,36.0
2025-12-28,SKU-0090,53,0,18,36.0
2026-01-04,SKU-0090,123,0,18,36.0
2026-01-11,SKU-0090,100,0,18,36.0
2026-01-18,SKU-0090,74,0,18,36.0
2026-01-25,SKU-0090,53,0,18,36.0
2026-02-01,SKU-0090,38,0,18,36.0
2026-02-08,SKU-0090,103,0,18,36.0
2026-02-15,SKU-0090,87,0,18,36.0
2026-02-22,SKU-0090,66,0,18,36.0
2026-03-01,SKU-0090,53,0,18,36.0
2026-03-08,SKU-0090,36,0,18,36.0
2026-03-15,SKU-0090,84,0,18,36.0
2026-03-22,SKU-0090,58,0,18,36.0
2026-03-29,SKU-0090,43,0,18,36.0
2026-04-05,SKU-0090,25,99,18,36.0
2026-04-12,SKU-0090,20,111,18,36.0
2026-04-19,SKU-0090,86,0,18,36.0
2026-04-26,SKU-0090,62,0,18,36.0
2026-05-03,SKU-0090,51,0,18,36.0
2026-05-10,SKU-0090,97,0,18,36.0
2026-05-17,SKU-0090,80,0,18,36.0
2026-05-24,SKU-0090,57,0,18,36.0
2026-05-31,SKU-0090,109,0,18,36.0
2026-06-07,SKU-0090,98,0,18,36.0
2026-06-14,SKU-0090,78,0,18,36.0
2026-06-21,SKU-0090,37,0,18,36.0
2026-06-28,SKU-0090,1,136,18,36.0
2026-07-05,SKU-0090,0,161,18,36.0
2026-07-12,SKU-0090,147,0,18,36.0
2026-07-19,SKU-0090,112,0,18,36.0
2026-07-26,SKU-0090,88,0,18,36.0
2026-08-02,SKU-0090,76,0,18,36.0
2026-08-09,SKU-0090,50,0,18,36.0
2026-08-16,SKU-0090,13,119,18,36.0
2026-08-23,SKU-0090,0,122,18,36.0
2026-08-30,SKU-0090,0,140,18,36.0
2024-04-14,SKU-0091,95,0,23,22.0
2024-04-21,SKU-0091,55,0,23,22.0
2024-04-28,SKU-0091,16,179,23,22.0
2024-05-05,SKU-0091,0,188,23,22.0
2024-05-12,SKU-0091,182,0,23,22.0
2024-05-19,SKU-0091,148,0,23,22.0
2024-05-26,SKU-0091,122,0,23,22.0
2024-06-02,SKU-0091,86,0,23,22.0
2024-06-09,SKU-0091,58,0,23,22.0
2024-06-16,SKU-0091,10,166,23,22.0
2024-06-23,SKU-0091,115,0,23,22.0
2024-06-30,SKU-0091,52,0,23,22.0
2024-07-07,SKU-0091,14,250,23,22.0
2024-07-14,SKU-0091,170,0,23,22.0
2024-07-21,SKU-0091,133,0,23,22.0
2024-07-28,SKU-0091,115,0,23,22.0
2024-08-04,SKU-0091,75,0,23,22.0
2024-08-11,SKU-0091,45,0,23,22.0
2024-08-18,SKU-0091,194,0,23,22.0
2024-08-25,SKU-0091,171,0,23,22.0
2024-09-01,SKU-0091,145,0,23,22.0
2024-09-08,SKU-0091,109,0,23,22.0
2024-09-15,SKU-0091,71,0,23,22.0
2024-09-22,SKU-0091,32,0,23,22.0
2024-09-29,SKU-0091,185,0,23,22.0
2024-10-06,SKU-0091,132,0,23,22.0
2024-10-13,SKU-0091,81,0,23,22.0
2024-10-20,SKU-0091,256,0,23,22.0
2024-10-27,SKU-0091,191,0,23,22.0
2024-11-03,SKU-0091,132,0,23,22.0
2024-11-10,SKU-0091,50,0,23,22.0
2024-11-17,SKU-0091,219,0,23,22.0
2024-11-24,SKU-0091,189,0,23,22.0
2024-12-01,SKU-0091,148,0,23,22.0
2024-12-08,SKU-0091,104,0,23,22.0
2024-12-15,SKU-0091,62,0,23,22.0
2024-12-22,SKU-0091,198,0,23,22.0
2024-12-29,SKU-0091,137,0,23,22.0
2025-01-05,SKU-0091,91,0,23,22.0
2025-01-12,SKU-0091,32,0,23,22.0
2025-01-19,SKU-0091,231,0,23,22.0
2025-01-26,SKU-0091,201,0,23,22.0
2025-02-02,SKU-0091,165,0,23,22.0
2025-02-09,SKU-0091,124,0,23,22.0
2025-02-16,SKU-0091,88,0,23,22.0
2025-02-23,SKU-0091,55,0,23,22.0
2025-03-02,SKU-0091,9,178,23,22.0
2025-03-09,SKU-0091,140,0,23,22.0
2025-03-16,SKU-0091,115,0,23,22.0
2025-03-23,SKU-0091,72,0,23,22.0
2025-03-30,SKU-0091,33,0,23,22.0
2025-04-06,SKU-0091,143,0,23,22.0
2025-04-13,SKU-0091,104,0,23,22.0
2025-04-20,SKU-0091,66,0,23,22.0
2025-04-27,SKU-0091,141,0,23,22.0
2025-05-04,SKU-0091,109,0,23,22.0
2025-05-11,SKU-0091,73,0,23,22.0
2025-05-18,SKU-0091,34,0,23,22.0
2025-05-25,SKU-0091,0,176,23,22.0
2025-06-01,SKU-0091,0,147,23,22.0
2025-06-08,SKU-0091,103,0,23,22.0
2025-06-15,SKU-0091,66,0,23,22.0
2025-06-22,SKU-0091,159,0,23,22.0
2025-06-29,SKU-0091,103,0,23,22.0
2025-07-06,SKU-0091,87,0,23,22.0
2025-07-13,SKU-0091,51,0,23,22.0
2025-07-20,SKU-0091,169,0,23,22.0
2025-07-27,SKU-0091,133,0,23,22.0
2025-08-03,SKU-0091,93,0,23,22.0
2025-08-10,SKU-0091,62,0,23,22.0
2025-08-17,SKU-0091,22,0,23,22.0
2025-08-24,SKU-0091,92,0,23,22.0
2025-08-31,SKU-0091,44,0,23,22.0
2025-09-07,SKU-0091,134,0,23,22.0
2025-09-14,SKU-0091,102,0,23,22.0
2025-09-21,SKU-0091,79,0,23,22.0
2025-09-28,SKU-0091,58,0,23,22.0
2025-10-05,SKU-0091,13,165,23,22.0
2025-10-12,SKU-0091,149,0,23,22.0
2025-10-19,SKU-0091,86,0,23,22.0
2025-10-26,SKU-0091,29,0,23,22.0
2025-11-02,SKU-0091,140,0,23,22.0
2025-11-09,SKU-0091,88,0,23,22.0
2025-11-16,SKU-0091,26,0,23,22.0
2025-11-23,SKU-0091,129,0,23,22.0
2025-11-30,SKU-0091,94,0,23,22.0
2025-12-07,SKU-0091,62,0,23,22.0
2025-12-14,SKU-0091,24,0,23,22.0
2025-12-21,SKU-0091,136,0,23,22.0
2025-12-28,SKU-0091,87,0,23,22.0
2026-01-04,SKU-0091,41,0,23,22.0
2026-01-11,SKU-0091,0,243,23,22.0
2026-01-18,SKU-0091,183,0,23,22.0
2026-01-25,SKU-0091,145,0,23,22.0
2026-02-01,SKU-0091,96,0,23,22.0
2026-02-08,SKU-0091,66,0,23,22.0
2026-02-15,SKU-0091,23,0,23,22.0
2026-02-22,SKU-0091,0,178,23,22.0
2026-03-01,SKU-0091,149,0,23,22.0
2026-03-08,SKU-0091,111,0,23,22.0
2026-03-15,SKU-0091,78,0,23,22.0
2026-03-22,SKU-0091,32,0,23,22.0
2026-03-29,SKU-0091,1,168,23,22.0
2026-04-05,SKU-0091,94,0,23,22.0
2026-04-12,SKU-0091,75,0,23,22.0
2026-04-19,SKU-0091,39,0,23,22.0
2026-04-26,SKU-0091,124,0,23,22.0
2026-05-03,SKU-0091,92,0,23,22.0
2026-05-10,SKU-0091,69,0,23,22.0
2026-05-17,SKU-0091,38,0,23,22.0
2026-05-24,SKU-0091,145,0,23,22.0
2026-05-31,SKU-0091,110,0,23,22.0
2026-06-07,SKU-0091,87,0,23,22.0
2026-06-14,SKU-0091,72,0,23,22.0
2026-06-21,SKU-0091,36,0,23,22.0
2026-06-28,SKU-0091,99,0,23,22.0
2026-07-05,SKU-0091,70,0,23,22.0
2026-07-12,SKU-0091,42,0,23,22.0
2026-07-19,SKU-0091,93,0,23,22.0
2026-07-26,SKU-0091,53,0,23,22.0
2026-08-02,SKU-0091,37,0,23,22.0
2026-08-09,SKU-0091,25,0,23,22.0
2026-08-16,SKU-0091,128,0,23,22.0
2026-08-23,SKU-0091,108,0,23,22.0
2026-08-30,SKU-0091,85,0,23,22.0
2025-02-02,SKU-0092,156,0,27,70.0
2025-02-09,SKU-0092,123,0,27,70.0
2025-02-16,SKU-0092,95,0,27,70.0
2025-02-23,SKU-0092,76,0,27,70.0
2025-03-02,SKU-0092,125,0,27,70.0
2025-03-09,SKU-0092,99,0,27,70.0
2025-03-16,SKU-0092,76,0,27,70.0
2025-03-23,SKU-0092,170,0,27,70.0
2025-03-30,SKU-0092,144,0,27,70.0
2025-04-06,SKU-0092,124,0,27,70.0
2025-04-13,SKU-0092,100,0,27,70.0
2025-04-20,SKU-0092,80,0,27,70.0
2025-04-27,SKU-0092,58,149,27,70.0
2025-05-04,SKU-0092,192,0,27,70.0
2025-05-11,SKU-0092,167,0,27,70.0
2025-05-18,SKU-0092,139,0,27,70.0
2025-05-25,SKU-0092,114,0,27,70.0
2025-06-01,SKU-0092,97,0,27,70.0
2025-06-08,SKU-0092,78,0,27,70.0
2025-06-15,SKU-0092,139,0,27,70.0
2025-06-22,SKU-0092,113,0,27,70.0
2025-06-29,SKU-0092,80,0,27,70.0
2025-07-06,SKU-0092,49,141,27,70.0
2025-07-13,SKU-0092,31,161,27,70.0
2025-07-20,SKU-0092,161,0,27,70.0
2025-07-27,SKU-0092,142,0,27,70.0
2025-08-03,SKU-0092,139,0,27,70.0
2025-08-10,SKU-0092,125,0,27,70.0
2025-08-17,SKU-0092,112,0,27,70.0
2025-08-24,SKU-0092,86,0,27,70.0
2025-08-31,SKU-0092,75,0,27,70.0
2025-09-07,SKU-0092,60,167,27,70.0
2025-09-14,SKU-0092,196,0,27,70.0
2025-09-21,SKU-0092,178,0,27,70.0
2025-09-28,SKU-0092,166,0,27,70.0
2025-10-05,SKU-0092,151,0,27,70.0
2025-10-12,SKU-0092,133,0,27,70.0
2025-10-19,SKU-0092,114,0,27,70.0
2025-10-26,SKU-0092,85,0,27,70.0
2025-11-02,SKU-0092,56,150,27,70.0
2025-11-09,SKU-0092,173,0,27,70.0
2025-11-16,SKU-0092,143,0,27,70.0
2025-11-23,SKU-0092,126,0,27,70.0
2025-11-30,SKU-0092,106,0,27,70.0
2025-12-07,SKU-0092,88,0,27,70.0
2025-12-14,SKU-0092,64,166,27,70.0
2025-12-21,SKU-0092,43,143,27,70.0
2025-12-28,SKU-0092,137,0,27,70.0
2026-01-04,SKU-0092,112,0,27,70.0
2026-01-11,SKU-0092,98,0,27,70.0
2026-01-18,SKU-0092,142,0,27,70.0
2026-01-25,SKU-0092,122,0,27,70.0
2026-02-01,SKU-0092,101,0,27,70.0
2026-02-08,SKU-0092,158,0,27,70.0
2026-02-15,SKU-0092,132,0,27,70.0
2026-02-22,SKU-0092,117,0,27,70.0
2026-03-01,SKU-0092,82,0,27,70.0
2026-03-08,SKU-0092,53,146,27,70.0
2026-03-15,SKU-0092,31,164,27,70.0
2026-03-22,SKU-0092,2,155,27,70.0
2026-03-29,SKU-0092,84,0,27,70.0
2026-04-05,SKU-0092,61,153,27,70.0
2026-04-12,SKU-0092,35,160,27,70.0
2026-04-19,SKU-0092,104,0,27,70.0
2026-04-26,SKU-0092,91,0,27,70.0
2026-05-03,SKU-0092,65,161,27,70.0
2026-05-10,SKU-0092,178,0,27,70.0
2026-05-17,SKU-0092,152,0,27,70.0
2026-05-24,SKU-0092,128,0,27,70.0
2026-05-31,SKU-0092,104,0,27,70.0
2026-06-07,SKU-0092,79,0,27,70.0
2026-06-14,SKU-0092,57,152,27,70.0
2026-06-21,SKU-0092,111,0,27,70.0
2026-06-28,SKU-0092,73,0,27,70.0
2026-07-05,SKU-0092,45,163,27,70.0
2026-07-12,SKU-0092,24,172,27,70.0
2026-07-19,SKU-0092,129,0,27,70.0
2026-07-26,SKU-0092,111,0,27,70.0
2026-08-02,SKU-0092,92,0,27,70.0
2026-08-09,SKU-0092,79,0,27,70.0
2026-08-16,SKU-0092,52,143,27,70.0
2026-08-23,SKU-0092,176,0,27,70.0
2026-08-30,SKU-0092,154,0,27,70.0
2024-07-28,SKU-0093,114,0,16,26.0
2024-08-04,SKU-0093,86,0,16,26.0
2024-08-11,SKU-0093,73,0,16,26.0
2024-08-18,SKU-0093,36,0,16,26.0
2024-08-25,SKU-0093,159,0,16,26.0
2024-09-01,SKU-0093,127,0,16,26.0
2024-09-08,SKU-0093,87,0,16,26.0
2024-09-15,SKU-0093,47,0,16,26.0
2024-09-22,SKU-0093,137,0,16,26.0
2024-09-29,SKU-0093,98,0,16,26.0
2024-10-06,SKU-0093,37,0,16,26.0
2024-10-13,SKU-0093,140,0,16,26.0
2024-10-20,SKU-0093,85,0,16,26.0
2024-10-27,SKU-0093,33,0,16,26.0
2024-11-03,SKU-0093,157,0,16,26.0
2024-11-10,SKU-0093,104,0,16,26.0
2024-11-17,SKU-0093,53,0,16,26.0
2024-11-24,SKU-0093,9,233,16,26.0
2024-12-01,SKU-0093,208,0,16,26.0
2024-12-08,SKU-0093,158,0,16,26.0
2024-12-15,SKU-0093,98,0,16,26.0
2024-12-22,SKU-0093,177,0,16,26.0
2024-12-29,SKU-0093,102,0,16,26.0
2025-01-05,SKU-0093,46,0,16,26.0
2025-01-12,SKU-0093,226,0,16,26.0
2025-01-19,SKU-0093,175,0,16,26.0
2025-01-26,SKU-0093,132,0,16,26.0
2025-02-02,SKU-0093,85,0,16,26.0
2025-02-09,SKU-0093,40,0,16,26.0
2025-02-16,SKU-0093,0,219,16,26.0
2025-02-23,SKU-0093,124,0,16,26.0
2025-03-02,SKU-0093,81,0,16,26.0
2025-03-09,SKU-0093,44,0,16,26.0
2025-03-16,SKU-0093,171,0,16,26.0
2025-03-23,SKU-0093,138,0,16,26.0
2025-03-30,SKU-0093,97,0,16,26.0
2025-04-06,SKU-0093,62,0,16,26.0
2025-04-13,SKU-0093,20,179,16,26.0
2025-04-20,SKU-0093,120,0,16,
2025-04-27,SKU-0093,84,0,16,26.0
2025-05-04,SKU-0093,32,0,16,26.0
2025-05-11,SKU-0093,0,202,16,26.0
2025-05-18,SKU-0093,112,0,16,26.0
2025-05-25,SKU-0093,69,0,16,26.0
2025-06-01,SKU-0093,36,0,16,26.0
2025-06-08,SKU-0093,187,0,16,26.0
2025-06-15,SKU-0093,149,0,16,26.0
2025-06-22,SKU-0093,91,0,16,26.0
2025-06-29,SKU-0093,46,0,16,26.0
2025-07-06,SKU-0093,185,0,16,26.0
2025-07-13,SKU-0093,151,0,16,26.0
2025-07-20,SKU-0093,127,0,16,26.0
2025-07-27,SKU-0093,90,0,16,26.0
2025-08-03,SKU-0093,60,0,16,26.0
2025-08-10,SKU-0093,34,0,16,26.0
2025-08-17,SKU-0093,5,169,16,26.0
2025-08-24,SKU-0093,0,128,16,26.0
2025-08-31,SKU-0093,0,153,16,26.0
2025-09-07,SKU-0093,95,0,16,26.0
2025-09-14,SKU-0093,54,0,16,26.0
2025-09-21,SKU-0093,17,168,16,26.0
2025-09-28,SKU-0093,0,171,16,26.0
2025-10-05,SKU-0093,137,0,16,26.0
2025-10-12,SKU-0093,96,0,16,26.0
2025-10-19,SKU-0093,41,0,16,26.0
2025-10-26,SKU-0093,149,0,16,26.0
2025-11-02,SKU-0093,93,0,16,26.0
2025-11-09,SKU-0093,20,258,16,26.0
2025-11-16,SKU-0093,0,257,16,26.0
2025-11-23,SKU-0093,0,276,16,26.0
2025-11-30,SKU-0093,0,253,16,26.0
2025-12-07,SKU-0093,226,0,16,26.0
2025-12-14,SKU-0093,197,0,16,26.0
2025-12-21,SKU-0093,139,0,16,26.0
2025-12-28,SKU-0093,54,0,16,26.0
2026-01-04,SKU-0093,1,252,16,26.0
2026-01-11,SKU-0093,239,0,16,26.0
2026-01-18,SKU-0093,193,0,16,26.0
2026-01-25,SKU-0093,141,0,16,26.0
2026-02-01,SKU-0093,99,0,16,26.0
2026-02-08,SKU-0093,53,0,16,26.0
2026-02-15,SKU-0093,148,0,16,26.0
2026-02-22,SKU-0093,101,0,16,26.0
2026-03-01,SKU-0093,57,0,16,26.0
2026-03-08,SKU-0093,16,214,16,26.0
2026-03-15,SKU-0093,167,0,16,26.0
2026-03-22,SKU-0093,122,0,16,26.0
2026-03-29,SKU-0093,83,0,16,26.0
2026-04-05,SKU-0093,40,0,16,26.0
2026-04-12,SKU-0093,151,0,16,26.0
2026-04-19,SKU-0093,122,0,16,26.0
2026-04-26,SKU-0093,92,0,16,26.0
2026-05-03,SKU-0093,43,0,16,26.0
2026-05-10,SKU-0093,129,0,16,26.0
2026-05-17,SKU-0093,81,0,16,26.0
2026-05-24,SKU-0093,44,0,16,26.0
2026-05-31,SKU-0093,10,180,16,26.0
2026-06-07,SKU-0093,0,193,16,26.0
2026-06-14,SKU-0093,0,180,16,26.0
2026-06-21,SKU-0093,110,0,16,26.0
2026-06-28,SKU-0093,76,0,16,26.0
2026-07-05,SKU-0093,46,0,16,26.0
2026-07-12,SKU-0093,153,0,16,26.0
2026-07-19,SKU-0093,110,0,16,26.0
2026-07-26,SKU-0093,82,0,16,26.0
2026-08-02,SKU-0093,61,0,16,26.0
2026-08-09,SKU-0093,41,0,16,26.0
2026-08-16,SKU-0093,109,0,16,26.0
2026-08-23,SKU-0093,77,0,16,26.0
2026-08-30,SKU-0093,33,0,16,26.0
2024-12-08,SKU-0094,116,0,13,57.0
2024-12-15,SKU-0094,104,0,13,57.0
2024-12-22,SKU-0094,81,0,13,57.0
2024-12-29,SKU-0094,62,0,13,57.0
2025-01-05,SKU-0094,136,0,13,57.0
2025-01-12,SKU-0094,125,0,13,57.0
2025-01-19,SKU-0094,114,0,13,57.0
2025-01-26,SKU-0094,102,0,13,57.0
2025-02-02,SKU-0094,83,0,13,57.0
2025-02-09,SKU-0094,72,0,13,57.0
2025-02-16,SKU-0094,57,0,13,57.0
2025-02-23,SKU-0094,49,142,13,57.0
2025-03-02,SKU-0094,41,129,13,57.0
2025-03-09,SKU-0094,138,0,13,57.0
2025-03-16,SKU-0094,127,0,13,57.0
2025-03-23,SKU-0094,111,0,13,57.0
2025-03-30,SKU-0094,95,0,13,57.0
2025-04-06,SKU-0094,84,0,13,57.0
2025-04-13,SKU-0094,78,0,13,57.0
2025-04-20,SKU-0094,66,0,13,57.0
2025-04-27,SKU-0094,55,124,13,57.0
2025-05-04,SKU-0094,35,118,13,57.0
2025-05-11,SKU-0094,22,124,13,57.0
2025-05-18,SKU-0094,12,114,13,57.0
2025-05-25,SKU-0094,0,141,13,57.0
2025-06-01,SKU-0094,108,0,13,57.0
2025-06-08,SKU-0094,99,0,13,57.0
2025-06-15,SKU-0094,78,0,13,57.0
2025-06-22,SKU-0094,60,0,13,57.0
2025-06-29,SKU-0094,49,137,13,57.0
2025-07-06,SKU-0094,33,115,13,57.0
2025-07-13,SKU-0094,89,0,13,57.0
2025-07-20,SKU-0094,70,0,13,57.0
2025-07-27,SKU-0094,162,0,13,57.0
2025-08-03,SKU-0094,151,0,13,57.0
2025-08-10,SKU-0094,135,0,13,57.0
2025-08-17,SKU-0094,118,0,13,57.0
2025-08-24,SKU-0094,106,0,13,57.0
2025-08-31,SKU-0094,93,0,13,57.0
2025-09-07,SKU-0094,73,0,13,57.0
2025-09-14,SKU-0094,56,143,13,57.0
2025-09-21,SKU-0094,174,0,13,57.0
2025-09-28,SKU-0094,150,0,13,57.0
2025-10-05,SKU-0094,119,0,13,57.0
2025-10-12,SKU-0094,86,0,13,57.0
2025-10-19,SKU-0094,205,0,13,57.0
2025-10-26,SKU-0094,177,0,13,57.0
2025-11-02,SKU-0094,148,0,13,57.0
2025-11-09,SKU-0094,127,0,13,57.0
2025-11-16,SKU-0094,101,0,13,57.0
2025-11-23,SKU-0094,88,0,13,57.0
2025-11-30,SKU-0094,71,0,13,57.0
2025-12-07,SKU-0094,129,0,13,57.0
2025-12-14,SKU-0094,110,0,13,57.0
2025-12-21,SKU-0094,75,0,13,57.0
2025-12-28,SKU-0094,156,0,13,57.0
2026-01-04,SKU-0094,130,0,13,57.0
2026-01-11,SKU-0094,115,0,13,57.0
2026-01-18,SKU-0094,102,0,13,57.0
2026-01-25,SKU-0094,82,0,13,57.0
2026-02-01,SKU-0094,68,0,13,57.0
2026-02-08,SKU-0094,175,0,13,57.0
2026-02-15,SKU-0094,164,0,13,57.0
2026-02-22,SKU-0094,152,0,13,57.0
2026-03-01,SKU-0094,135,0,13,57.0
2026-03-08,SKU-0094,115,0,13,57.0
2026-03-15,SKU-0094,98,0,13,57.0
2026-03-22,SKU-0094,81,0,13,57.0
2026-03-29,SKU-0094,74,0,13,57.0
2026-04-05,SKU-0094,58,0,13,57.0
2026-04-12,SKU-0094,53,122,13,57.0
2026-04-19,SKU-0094,110,0,13,57.0
2026-04-26,SKU-0094,92,0,13,57.0
2026-05-03,SKU-0094,84,0,13,57.0
2026-05-10,SKU-0094,67,0,13,57.0
2026-05-17,SKU-0094,59,0,13,57.0
2026-05-24,SKU-0094,47,137,13,57.0
2026-05-31,SKU-0094,29,139,13,57.0
2026-06-07,SKU-0094,128,0,13,57.0
2026-06-14,SKU-0094,114,0,13,57.0
2026-06-21,SKU-0094,96,0,13,57.0
2026-06-28,SKU-0094,76,0,13,57.0
2026-07-05,SKU-0094,57,0,13,57.0
2026-07-12,SKU-0094,51,118,13,57.0
2026-07-19,SKU-0094,39,127,13,57.0
2026-07-26,SKU-0094,108,0,13,57.0
2026-08-02,SKU-0094,97,0,13,57.0
2026-08-09,SKU-0094,84,0,13,57.0
2026-08-16,SKU-0094,164,0,13,57.0
2026-08-23,SKU-0094,148,0,13,57.0
2026-08-30,SKU-0094,141,0,13,57.0
2024-09-08,SKU-0095,129,0,15,74.0
2024-09-15,SKU-0095,97,0,15,74.0
2024-09-22,SKU-0095,182,0,15,74.0
2024-09-29,SKU-0095,150,0,15,74.0
2024-10-06,SKU-0095,96,0,15,74.0
2024-10-13,SKU-0095,51,187,15,74.0
2024-10-20,SKU-0095,103,0,15,74.0
2024-10-27,SKU-0095,49,229,15,74.0
2024-11-03,SKU-0095,122,0,15,74.0
2024-11-10,SKU-0095,194,0,15,74.0
2024-11-17,SKU-0095,145,0,15,74.0
2024-11-24,SKU-0095,95,0,15,74.0
2024-12-01,SKU-0095,63,219,15,74.0
2024-12-08,SKU-0095,123,0,15,74.0
2024-12-15,SKU-0095,218,0,15,74.0
2024-12-22,SKU-0095,139,0,15,74.0
2024-12-29,SKU-0095,259,0,15,74.0
2025-01-05,SKU-0095,212,0,15,74.0
2025-01-12,SKU-0095,169,0,15,74.0
2025-01-19,SKU-0095,124,0,15,74.0
2025-01-26,SKU-0095,78,0,15,74.0
2025-02-02,SKU-0095,193,0,15,74.0
2025-02-09,SKU-0095,146,0,15,74.0
2025-02-16,SKU-0095,107,0,15,74.0
2025-02-23,SKU-0095,65,184,15,74.0
2025-03-02,SKU-0095,4,218,15,74.0
2025-03-09,SKU-0095,0,209,15,74.0
2025-03-16,SKU-0095,193,0,15,74.0
2025-03-23,SKU-0095,145,0,15,74.0
2025-03-30,SKU-0095,100,0,15,74.0
2025-04-06,SKU-0095,49,226,15,74.0
2025-04-13,SKU-0095,111,0,15,74.0
2025-04-20,SKU-0095,261,0,15,74.0
2025-04-27,SKU-0095,219,0,15,74.0
2025-05-04,SKU-0095,168,0,15,74.0
2025-05-11,SKU-0095,132,0,15,74.0
2025-05-18,SKU-0095,93,0,15,74.0
2025-05-25,SKU-0095,224,0,15,74.0
2025-06-01,SKU-0095,187,0,15,74.0
2025-06-08,SKU-0095,148,0,15,74.0
2025-06-15,SKU-0095,89,0,15,74.0
2025-06-22,SKU-0095,0,253,15,74.0
2025-06-29,SKU-0095,245,0,15,74.0
2025-07-06,SKU-0095,196,0,15,74.0
2025-07-13,SKU-0095,163,0,15,74.0
2025-07-20,SKU-0095,125,0,15,74.0
2025-07-27,SKU-0095,87,0,15,74.0
2025-08-03,SKU-0095,197,0,15,74.0
2025-08-10,SKU-0095,173,0,15,74.0
2025-08-17,SKU-0095,143,0,15,74.0
2025-08-24,SKU-0095,115,0,15,74.0
2025-08-31,SKU-0095,80,0,15,74.0
2025-09-07,SKU-0095,30,157,15,74.0
2025-09-14,SKU-0095,150,0,15,74.0
2025-09-21,SKU-0095,122,0,15,74.0
2025-09-28,SKU-0095,93,0,15,74.0
2025-10-05,SKU-0095,40,167,15,74.0
2025-10-12,SKU-0095,139,0,15,74.0
2025-10-19,SKU-0095,85,0,15,74.0
2025-10-26,SKU-0095,39,240,15,74.0
2025-11-02,SKU-0095,0,247,15,74.0
2025-11-09,SKU-0095,156,0,15,74.0
2025-11-16,SKU-0095,99,0,15,74.0
2025-11-23,SKU-0095,269,0,15,74.0
2025-11-30,SKU-0095,239,0,15,74.0
2025-12-07,SKU-0095,221,0,15,74.0
2025-12-14,SKU-0095,185,0,15,74.0
2025-12-21,SKU-0095,131,0,15,74.0
2025-12-28,SKU-0095,75,0,15,74.0
2026-01-04,SKU-0095,218,0,15,74.0
2026-01-11,SKU-0095,173,0,15,74.0
2026-01-18,SKU-0095,138,0,15,74.0
2026-01-25,SKU-0095,94,0,15,74.0
2026-02-01,SKU-0095,51,205,15,74.0
2026-02-08,SKU-0095,7,181,15,74.0
2026-02-15,SKU-0095,182,0,15,74.0
2026-02-22,SKU-0095,145,0,15,74.0
2026-03-01,SKU-0095,110,0,15,74.0
2026-03-08,SKU-0095,81,0,15,74.0
2026-03-15,SKU-0095,51,162,15,74.0
2026-03-22,SKU-0095,0,194,15,74.0
2026-03-29,SKU-0095,129,0,15,74.0
2026-04-05,SKU-0095,79,0,15,74.0
2026-04-12,SKU-0095,45,209,15,74.0
2026-04-19,SKU-0095,0,204,15,74.0
2026-04-26,SKU-0095,154,0,15,74.0
2026-05-03,SKU-0095,117,0,15,74.0
2026-05-10,SKU-0095,79,0,15,74.0
2026-05-17,SKU-0095,39,192,15,74.0
2026-05-24,SKU-0095,126,0,15,74.0
2026-05-31,SKU-0095,90,0,15,74.0
2026-06-07,SKU-0095,47,197,15,74.0
2026-06-14,SKU-0095,109,0,15,74.0
2026-06-21,SKU-0095,227,0,15,74.0
2026-06-28,SKU-0095,170,0,15,74.0
2026-07-05,SKU-0095,123,0,15,74.0
2026-07-12,SKU-0095,102,0,15,74.0
2026-07-19,SKU-0095,78,0,15,74.0
2026-07-26,SKU-0095,59,172,15,74.0
2026-08-02,SKU-0095,149,0,15,74.0
2026-08-09,SKU-0095,119,0,15,74.0
2026-08-16,SKU-0095,91,0,15,74.0
2026-08-23,SKU-0095,190,0,15,74.0
2026-08-30,SKU-0095,174,0,15,74.0
2024-12-29,SKU-0096,65,0,19,65.0
2025-01-05,SKU-0096,200,0,19,65.0
2025-01-12,SKU-0096,198,0,19,65.0
2025-01-19,SKU-0096,189,0,19,65.0
2025-01-26,SKU-0096,176,0,19,65.0
2025-02-02,SKU-0096,166,0,19,65.0
2025-02-09,SKU-0096,160,0,19,65.0
2025-02-16,SKU-0096,154,0,19,65.0
2025-02-23,SKU-0096,138,0,19,65.0
2025-03-02,SKU-0096,136,0,19,65.0
2025-03-09,SKU-0096,123,0,19,65.0
2025-03-16,SKU-0096,114,0,19,65.0
2025-03-23,SKU-0096,100,0,19,65.0
2025-03-30,SKU-0096,91,0,19,65.0
2025-04-06,SKU-0096,80,0,19,65.0
2025-04-13,SKU-0096,76,0,19,65.0
2025-04-20,SKU-0096,166,0,19,65.0
2025-04-27,SKU-0096,157,0,19,65.0
2025-05-04,SKU-0096,150,0,19,65.0
2025-05-11,SKU-0096,140,0,19,65.0
2025-05-18,SKU-0096,131,0,19,65.0
2025-05-25,SKU-0096,116,0,19,65.0
2025-06-01,SKU-0096,101,0,19,65.0
2025-06-08,SKU-0096,84,0,19,65.0
2025-06-15,SKU-0096,77,0,19,65.0
2025-06-22,SKU-0096,156,0,19,65.0
2025-06-29,SKU-0096,127,0,19,65.0
2025-07-06,SKU-0096,112,0,19,65.0
2025-07-13,SKU-0096,90,0,19,65.0
2025-07-20,SKU-0096,79,0,19,65.0
2025-07-27,SKU-0096,61,146,19,65.0
2025-08-03,SKU-0096,154,0,19,65.0
2025-08-10,SKU-0096,144,0,19,65.0
2025-08-17,SKU-0096,131,0,19,65.0
2025-08-24,SKU-0096,112,0,19,65.0
2025-08-31,SKU-0096,93,0,19,65.0
2025-09-07,SKU-0096,77,0,19,65.0
2025-09-14,SKU-0096,64,133,19,65.0
2025-09-21,SKU-0096,48,138,19,65.0
2025-09-28,SKU-0096,139,0,19,65.0
2025-10-05,SKU-0096,103,0,19,65.0
2025-10-12,SKU-0096,63,137,19,65.0
2025-10-19,SKU-0096,34,162,19,
2025-10-26,SKU-0096,147,0,19,65.0
2025-11-02,SKU-0096,119,0,19,65.0
2025-11-09,SKU-0096,89,0,19,65.0
2025-11-16,SKU-0096,185,0,19,65.0
2025-11-23,SKU-0096,173,0,19,65.0
2025-11-30,SKU-0096,165,0,19,65.0
2025-12-07,SKU-0096,150,0,19,65.0
2025-12-14,SKU-0096,138,0,19,65.0
2025-12-21,SKU-0096,119,0,19,65.0
2025-12-28,SKU-0096,104,0,19,65.0
2026-01-04,SKU-0096,91,0,19,65.0
2026-01-11,SKU-0096,73,0,19,65.0
2026-01-18,SKU-0096,65,0,19,65.0
2026-01-25,SKU-0096,52,131,19,65.0
2026-02-01,SKU-0096,133,0,19,65.0
2026-02-08,SKU-0096,130,0,19,65.0
2026-02-15,SKU-0096,118,0,19,65.0
2026-02-22,SKU-0096,105,0,19,65.0
2026-03-01,SKU-0096,86,0,19,65.0
2026-03-08,SKU-0096,74,0,19,65.0
2026-03-15,SKU-0096,70,0,19,65.0
2026-03-22,SKU-0096,62,156,19,65.0
2026-03-29,SKU-0096,162,0,19,65.0
2026-04-05,SKU-0096,149,0,19,65.0
2026-04-12,SKU-0096,135,0,19,65.0
2026-04-19,SKU-0096,122,0,19,65.0
2026-04-26,SKU-0096,104,0,19,65.0
2026-05-03,SKU-0096,92,0,19,65.0
2026-05-10,SKU-0096,79,0,19,65.0
2026-05-17,SKU-0096,65,0,19,65.0
2026-05-24,SKU-0096,169,0,19,65.0
2026-05-31,SKU-0096,147,0,19,65.0
2026-06-07,SKU-0096,134,0,19,65.0
2026-06-14,SKU-0096,113,0,19,65.0
2026-06-21,SKU-0096,87,0,19,65.0
2026-06-28,SKU-0096,64,158,19,65.0
2026-07-05,SKU-0096,123,0,19,65.0
2026-07-12,SKU-0096,110,0,19,65.0
2026-07-19,SKU-0096,93,0,19,65.0
2026-07-26,SKU-0096,76,0,19,65.0
2026-08-02,SKU-0096,67,0,19,65.0
2026-08-09,SKU-0096,57,139,19,65.0
2026-08-16,SKU-0096,113,0,19,65.0
2026-08-23,SKU-0096,105,0,19,65.0
2026-08-30,SKU-0096,96,0,19,65.0
2024-08-11,SKU-0097,104,0,28,51.0
2024-08-18,SKU-0097,74,0,28,51.0
2024-08-25,SKU-0097,51,0,28,51.0
2024-09-01,SKU-0097,106,0,28,51.0
2024-09-08,SKU-0097,84,0,28,51.0
2024-09-15,SKU-0097,58,0,28,51.0
2024-09-22,SKU-0097,46,111,28,51.0
2024-09-29,SKU-0097,18,127,28,51.0
2024-10-06,SKU-0097,127,0,28,51.0
2024-10-13,SKU-0097,83,0,28,51.0
2024-10-20,SKU-0097,52,0,28,51.0
2024-10-27,SKU-0097,158,0,28,51.0
2024-11-03,SKU-0097,117,0,28,51.0
2024-11-10,SKU-0097,77,0,28,51.0
2024-11-17,SKU-0097,24,206,28,51.0
2024-11-24,SKU-0097,0,172,28,51.0
2024-12-01,SKU-0097,0,172,28,51.0
2024-12-08,SKU-0097,121,0,28,51.0
2024-12-15,SKU-0097,93,0,28,51.0
2024-12-22,SKU-0097,167,0,28,51.0
2024-12-29,SKU-0097,125,0,28,51.0
2025-01-05,SKU-0097,84,0,28,51.0
2025-01-12,SKU-0097,59,0,28,51.0
2025-01-19,SKU-0097,170,0,28,51.0
2025-01-26,SKU-0097,147,0,28,51.0
2025-02-02,SKU-0097,114,0,28,51.0
2025-02-09,SKU-0097,97,0,28,51.0
2025-02-16,SKU-0097,61,0,28,51.0
2025-02-23,SKU-0097,115,0,28,51.0
2025-03-02,SKU-0097,84,0,28,51.0
2025-03-09,SKU-0097,175,0,28,51.0
2025-03-16,SKU-0097,134,0,28,51.0
2025-03-23,SKU-0097,94,0,28,51.0
2025-03-30,SKU-0097,54,0,28,51.0
2025-04-06,SKU-0097,145,0,28,51.0
2025-04-13,SKU-0097,118,0,28,51.0
2025-04-20,SKU-0097,78,0,28,51.0
2025-04-27,SKU-0097,34,181,28,51.0
2025-05-04,SKU-0097,117,0,28,51.0
2025-05-11,SKU-0097,84,0,28,51.0
2025-05-18,SKU-0097,134,0,28,51.0
2025-05-25,SKU-0097,102,0,28,51.0
2025-06-01,SKU-0097,76,0,28,51.0
2025-06-08,SKU-0097,59,0,28,51.0
2025-06-15,SKU-0097,138,0,28,51.0
2025-06-22,SKU-0097,96,0,28,51.0
2025-06-29,SKU-0097,52,0,28,51.0
2025-07-06,SKU-0097,182,0,28,51.0
2025-07-13,SKU-0097,149,0,28,51.0
2025-07-20,SKU-0097,116,0,28,51.0
2025-07-27,SKU-0097,99,0,28,51.0
2025-08-03,SKU-0097,76,0,28,51.0
2025-08-10,SKU-0097,52,0,28,51.0
2025-08-17,SKU-0097,31,128,28,51.0
2025-08-24,SKU-0097,122,0,28,51.0
2025-08-31,SKU-0097,101,0,28,51.0
2025-09-07,SKU-0097,59,0,28,51.0
2025-09-14,SKU-0097,136,0,28,51.0
2025-09-21,SKU-0097,109,0,28,51.0
2025-09-28,SKU-0097,79,0,28,51.0
2025-10-05,SKU-0097,43,151,28,51.0
2025-10-12,SKU-0097,105,0,28,51.0
2025-10-19,SKU-0097,70,0,28,51.0
2025-10-26,SKU-0097,169,0,28,51.0
2025-11-02,SKU-0097,150,0,28,51.0
2025-11-09,SKU-0097,148,0,28,51.0
2025-11-16,SKU-0097,147,0,28,51.0
2025-11-23,SKU-0097,145,0,28,51.0
2025-11-30,SKU-0097,144,0,28,51.0
2025-12-07,SKU-0097,144,0,28,51.0
2025-12-14,SKU-0097,147,0,28,51.0
2025-12-21,SKU-0097,148,0,28,51.0
2025-12-28,SKU-0097,147,0,28,51.0
2026-01-04,SKU-0097,150,0,28,51.0
2026-01-11,SKU-0097,149,0,28,51.0
2026-01-18,SKU-0097,149,0,28,51.0
2026-01-25,SKU-0097,154,0,28,51.0
2026-02-01,SKU-0097,151,0,28,51.0
2026-02-08,SKU-0097,155,0,28,51.0
2026-02-15,SKU-0097,160,0,28,51.0
2026-02-22,SKU-0097,163,0,28,51.0
2026-03-01,SKU-0097,162,0,28,51.0
2026-03-08,SKU-0097,162,0,28,51.0
2026-03-15,SKU-0097,162,0,28,51.0
2026-03-22,SKU-0097,165,0,28,51.0
2026-03-29,SKU-0097,167,0,28,51.0
2026-04-05,SKU-0097,171,0,28,
2026-04-12,SKU-0097,178,0,28,51.0
2026-04-19,SKU-0097,183,0,28,51.0
2026-04-26,SKU-0097,185,0,28,51.0
2026-05-03,SKU-0097,186,0,28,51.0
2026-05-10,SKU-0097,187,0,28,51.0
2026-05-17,SKU-0097,190,0,28,51.0
2026-05-24,SKU-0097,191,0,28,51.0
2026-05-31,SKU-0097,191,0,28,51.0
2026-06-07,SKU-0097,194,0,28,51.0
2026-06-14,SKU-0097,199,0,28,51.0
2026-06-21,SKU-0097,198,0,28,51.0
2026-06-28,SKU-0097,195,0,28,51.0
2026-07-05,SKU-0097,200,0,28,51.0
2026-07-12,SKU-0097,201,0,28,51.0
2026-07-19,SKU-0097,206,0,28,51.0
2026-07-26,SKU-0097,211,0,28,51.0
2026-08-02,SKU-0097,216,0,28,51.0
2026-08-09,SKU-0097,222,0,28,51.0
2026-08-16,SKU-0097,223,0,28,51.0
2026-08-23,SKU-0097,223,0,28,51.0
2026-08-30,SKU-0097,223,0,28,51.0
2024-03-03,SKU-0098,95,0,17,59.0
2024-03-10,SKU-0098,86,0,17,59.0
2024-03-17,SKU-0098,79,0,17,59.0
2024-03-24,SKU-0098,68,0,17,59.0
2024-03-31,SKU-0098,59,0,17,59.0
2024-04-07,SKU-0098,50,127,17,59.0
2024-04-14,SKU-0098,111,0,17,59.0
2024-04-21,SKU-0098,95,0,17,59.0
2024-04-28,SKU-0098,75,0,17,59.0
2024-05-05,SKU-0098,76,0,17,59.0
2024-05-12,SKU-0098,56,135,17,59.0
2024-05-19,SKU-0098,36,125,17,59.0
2024-05-26,SKU-0098,98,0,17,59.0
2024-06-02,SKU-0098,79,0,17,59.0
2024-06-09,SKU-0098,53,123,17,59.0
2024-06-16,SKU-0098,152,0,17,59.0
2024-06-23,SKU-0098,128,0,17,59.0
2024-06-30,SKU-0098,98,0,17,59.0
2024-07-07,SKU-0098,80,0,17,59.0
2024-07-14,SKU-0098,66,0,17,59.0
2024-07-21,SKU-0098,52,133,17,59.0
2024-07-28,SKU-0098,24,138,17,59.0
2024-08-04,SKU-0098,104,0,17,59.0
2024-08-11,SKU-0098,85,0,17,59.0
2024-08-18,SKU-0098,63,0,17,59.0
2024-08-25,SKU-0098,128,0,17,59.0
2024-09-01,SKU-0098,106,0,17,59.0
2024-09-08,SKU-0098,91,0,17,59.0
2024-09-15,SKU-0098,66,0,17,59.0
2024-09-22,SKU-0098,47,137,17,59.0
2024-09-29,SKU-0098,121,0,17,59.0
2024-10-06,SKU-0098,87,0,17,59.0
2024-10-13,SKU-0098,181,0,17,59.0
2024-10-20,SKU-0098,131,0,17,59.0
2024-10-27,SKU-0098,99,0,17,59.0
2024-11-03,SKU-0098,54,194,17,59.0
2024-11-10,SKU-0098,12,193,17,59.0
2024-11-17,SKU-0098,106,0,17,59.0
2024-11-24,SKU-0098,82,0,17,59.0
2024-12-01,SKU-0098,138,0,17,59.0
2024-12-08,SKU-0098,117,0,17,59.0
2024-12-15,SKU-0098,95,0,17,59.0
2024-12-22,SKU-0098,66,0,17,59.0
2024-12-29,SKU-0098,24,161,17,59.0
2025-01-05,SKU-0098,96,0,17,59.0
2025-01-12,SKU-0098,80,0,17,59.0
2025-01-19,SKU-0098,66,0,17,59.0
2025-01-26,SKU-0098,154,0,17,59.0
2025-02-02,SKU-0098,141,0,17,59.0
2025-02-09,SKU-0098,122,0,17,59.0
2025-02-16,SKU-0098,101,0,17,59.0
2025-02-23,SKU-0098,87,0,17,59.0
2025-03-02,SKU-0098,63,0,17,59.0
2025-03-09,SKU-0098,54,132,17,59.0
2025-03-16,SKU-0098,47,146,17,59.0
2025-03-23,SKU-0098,27,135,17,59.0
2025-03-30,SKU-0098,6,147,17,59.0
2025-04-06,SKU-0098,0,122,17,59.0
2025-04-13,SKU-0098,71,0,17,59.0
2025-04-20,SKU-0098,62,0,17,59.0
2025-04-27,SKU-0098,56,133,17,59.0
2025-05-04,SKU-0098,158,0,17,59.0
2025-05-11,SKU-0098,147,0,17,59.0
2025-05-18,SKU-0098,134,0,17,59.0
2025-05-25,SKU-0098,121,0,17,59.0
2025-06-01,SKU-0098,104,0,17,59.0
2025-06-08,SKU-0098,87,0,17,59.0
2025-06-15,SKU-0098,139,0,17,59.0
2025-06-22,SKU-0098,102,0,17,59.0
2025-06-29,SKU-0098,78,0,17,59.0
2025-07-06,SKU-0098,60,0,17,59.0
2025-07-13,SKU-0098,173,0,17,59.0
2025-07-20,SKU-0098,147,0,17,59.0
2025-07-27,SKU-0098,129,0,17,59.0
2025-08-03,SKU-0098,108,0,17,59.0
2025-08-10,SKU-0098,68,0,17,59.0
2025-08-17,SKU-0098,171,0,17,59.0
2025-08-24,SKU-0098,152,0,17,59.0
2025-08-31,SKU-0098,123,0,17,59.0
2025-09-07,SKU-0098,98,0,17,59.0
2025-09-14,SKU-0098,74,0,17,59.0
2025-09-21,SKU-0098,46,146,17,59.0
2025-09-28,SKU-0098,126,0,17,59.0
2025-10-05,SKU-0098,91,0,17,59.0
2025-10-12,SKU-0098,53,154,17,59.0
2025-10-19,SKU-0098,18,168,17,59.0
2025-10-26,SKU-0098,146,0,17,59.0
2025-11-02,SKU-0098,113,0,17,59.0
2025-11-09,SKU-0098,62,0,17,59.0
2025-11-16,SKU-0098,188,0,17,59.0
2025-11-23,SKU-0098,170,0,17,59.0
2025-11-30,SKU-0098,147,0,17,59.0
2025-12-07,SKU-0098,120,0,17,59.0
2025-12-14,SKU-0098,96,0,17,59.0
2025-12-21,SKU-0098,67,0,17,59.0
2025-12-28,SKU-0098,32,145,17,59.0
2026-01-04,SKU-0098,92,0,17,59.0
2026-01-11,SKU-0098,76,0,17,59.0
2026-01-18,SKU-0098,177,0,17,59.0
2026-01-25,SKU-0098,156,0,17,59.0
2026-02-01,SKU-0098,137,0,17,59.0
2026-02-08,SKU-0098,118,0,17,59.0
2026-02-15,SKU-0098,100,0,17,59.0
2026-02-22,SKU-0098,80,0,17,59.0
2026-03-01,SKU-0098,59,0,17,59.0
2026-03-08,SKU-0098,46,143,17,59.0
2026-03-15,SKU-0098,149,0,17,59.0
2026-03-22,SKU-0098,136,0,17,59.0
2026-03-29,SKU-0098,121,0,17,59.0
2026-04-05,SKU-0098,112,0,17,59.0
2026-04-12,SKU-0098,93,0,17,59.0
2026-04-19,SKU-0098,71,0,17,59.0
2026-04-26,SKU-0098,134,0,17,59.0
2026-05-03,SKU-0098,115,0,17,59.0
2026-05-10,SKU-0098,109,0,17,59.0
2026-05-17,SKU-0098,98,0,17,59.0
2026-05-24,SKU-0098,83,0,17,59.0
2026-05-31,SKU-0098,77,0,17,59.0
2026-06-07,SKU-0098,59,0,17,59.0
2026-06-14,SKU-0098,147,0,17,59.0
2026-06-21,SKU-0098,114,0,17,59.0
2026-06-28,SKU-0098,79,0,17,59.0
2026-07-05,SKU-0098,148,0,17,59.0
2026-07-12,SKU-0098,132,0,17,59.0
2026-07-19,SKU-0098,105,0,17,59.0
2026-07-26,SKU-0098,90,0,17,59.0
2026-08-02,SKU-0098,67,0,17,59.0
2026-08-09,SKU-0098,152,0,17,59.0
2026-08-16,SKU-0098,127,0,17,59.0
2026-08-23,SKU-0098,96,0,17,59.0
2026-08-30,SKU-0098,73,0,17,59.0
2025-01-26,SKU-0099,143,0,13,37.0
2025-02-02,SKU-0099,98,0,13,37.0
2025-02-09,SKU-0099,43,0,13,37.0
2025-02-16,SKU-0099,113,0,13,37.0
2025-02-23,SKU-0099,47,0,13,37.0
2025-03-02,SKU-0099,197,0,13,37.0
2025-03-09,SKU-0099,138,0,13,37.0
2025-03-16,SKU-0099,98,0,13,37.0
2025-03-23,SKU-0099,54,0,13,37.0
2025-03-30,SKU-0099,163,0,13,37.0
2025-04-06,SKU-0099,111,0,13,37.0
2025-04-13,SKU-0099,64,0,13,37.0
2025-04-20,SKU-0099,175,0,13,37.0
2025-04-27,SKU-0099,138,0,13,37.0
2025-05-04,SKU-0099,93,0,13,37.0
2025-05-11,SKU-0099,45,0,13,37.0
2025-05-18,SKU-0099,158,0,13,
2025-05-25,SKU-0099,108,0,13,37.0
2025-06-01,SKU-0099,73,0,13,37.0
2025-06-08,SKU-0099,181,0,13,37.0
2025-06-15,SKU-0099,130,0,13,37.0
2025-06-22,SKU-0099,60,0,13,37.0
2025-06-29,SKU-0099,6,252,13,37.0
2025-07-06,SKU-0099,0,232,13,37.0
2025-07-13,SKU-0099,0,239,13,37.0
2025-07-20,SKU-0099,0,214,13,37.0
2025-07-27,SKU-0099,0,207,13,37.0
2025-08-03,SKU-0099,0,208,13,37.0
2025-08-10,SKU-0099,124,0,13,37.0
2025-08-17,SKU-0099,71,0,13,37.0
2025-08-24,SKU-0099,219,0,13,37.0
2025-08-31,SKU-0099,171,0,13,37.0
2025-09-07,SKU-0099,116,0,13,37.0
2025-09-14,SKU-0099,61,0,13,37.0
2025-09-21,SKU-0099,243,0,13,37.0
2025-09-28,SKU-0099,201,0,13,37.0
2025-10-05,SKU-0099,138,0,13,37.0
2025-10-12,SKU-0099,51,0,13,37.0
2025-10-19,SKU-0099,182,0,13,37.0
2025-10-26,SKU-0099,90,0,13,37.0
2025-11-02,SKU-0099,0,396,13,37.0
2025-11-09,SKU-0099,0,414,13,37.0
2025-11-16,SKU-0099,282,0,13,37.0
2025-11-23,SKU-0099,238,0,13,37.0
2025-11-30,SKU-0099,177,0,13,37.0
2025-12-07,SKU-0099,132,0,13,37.0
2025-12-14,SKU-0099,77,0,13,37.0
2025-12-21,SKU-0099,0,291,13,37.0
2025-12-28,SKU-0099,0,317,13,37.0
2026-01-04,SKU-0099,0,359,13,37.0
2026-01-11,SKU-0099,339,0,13,37.0
2026-01-18,SKU-0099,262,0,13,37.0
2026-01-25,SKU-0099,194,0,13,37.0
2026-02-01,SKU-0099,134,0,13,37.0
2026-02-08,SKU-0099,69,0,13,37.0
2026-02-15,SKU-0099,15,289,13,37.0
2026-02-22,SKU-0099,0,273,13,37.0
2026-03-01,SKU-0099,236,0,13,37.0
2026-03-08,SKU-0099,180,0,13,37.0
2026-03-15,SKU-0099,121,0,13,37.0
2026-03-22,SKU-0099,76,0,13,37.0
2026-03-29,SKU-0099,204,0,13,37.0
2026-04-05,SKU-0099,151,0,13,37.0
2026-04-12,SKU-0099,92,0,13,37.0
2026-04-19,SKU-0099,45,0,13,37.0
2026-04-26,SKU-0099,198,0,13,37.0
2026-05-03,SKU-0099,165,0,13,37.0
2026-05-10,SKU-0099,125,0,13,37.0
2026-05-17,SKU-0099,71,0,13,37.0
2026-05-24,SKU-0099,136,0,13,37.0
2026-05-31,SKU-0099,88,0,13,37.0
2026-06-07,SKU-0099,56,0,13,37.0
2026-06-14,SKU-0099,157,0,13,37.0
2026-06-21,SKU-0099,95,0,13,37.0
2026-06-28,SKU-0099,183,0,13,37.0
2026-07-05,SKU-0099,129,0,13,37.0
2026-07-12,SKU-0099,88,0,13,37.0
2026-07-19,SKU-0099,286,0,13,37.0
2026-07-26,SKU-0099,231,0,13,37.0
2026-08-02,SKU-0099,188,0,13,37.0
2026-08-09,SKU-0099,135,0,13,37.0
2026-08-16,SKU-0099,84,0,13,37.0
2026-08-23,SKU-0099,189,0,13,37.0
2026-08-30,SKU-0099,143,0,13,37.0
2024-04-21,SKU-0100,144,0,19,48.0
2024-04-28,SKU-0100,111,0,19,48.0
2024-05-05,SKU-0100,58,0,19,48.0
2024-05-12,SKU-0100,129,0,19,48.0
2024-05-19,SKU-0100,95,0,19,48.0
2024-05-26,SKU-0100,52,0,19,48.0
2024-06-02,SKU-0100,125,0,19,48.0
2024-06-09,SKU-0100,81,0,19,48.0
2024-06-16,SKU-0100,170,0,19,48.0
2024-06-23,SKU-0100,121,0,19,48.0
2024-06-30,SKU-0100,63,0,19,48.0
2024-07-07,SKU-0100,20,234,19,48.0
2024-07-14,SKU-0100,0,224,19,48.0
2024-07-21,SKU-0100,0,193,19,48.0
2024-07-28,SKU-0100,89,0,19,48.0
2024-08-04,SKU-0100,62,0,19,48.0
2024-08-11,SKU-0100,28,136,19,48.0
2024-08-18,SKU-0100,100,0,19,48.0
2024-08-25,SKU-0100,84,0,19,48.0
2024-09-01,SKU-0100,52,0,19,48.0
2024-09-08,SKU-0100,16,135,19,48.0
2024-09-15,SKU-0100,0,132,19,48.0
2024-09-22,SKU-0100,76,0,19,48.0
2024-09-29,SKU-0100,55,0,19,48.0
2024-10-06,SKU-0100,15,162,19,48.0
2024-10-13,SKU-0100,88,0,19,48.0
2024-10-20,SKU-0100,148,0,19,48.0
2024-10-27,SKU-0100,115,0,19,48.0
2024-11-03,SKU-0100,75,0,19,48.0
2024-11-10,SKU-0100,32,179,19,48.0
2024-11-17,SKU-0100,0,193,19,48.0
2024-11-24,SKU-0100,0,192,19,48.0
2024-12-01,SKU-0100,90,0,19,48.0
2024-12-08,SKU-0100,63,0,19,48.0
2024-12-15,SKU-0100,36,149,19,48.0
2024-12-22,SKU-0100,0,147,19,48.0
2024-12-29,SKU-0100,0,176,19,48.0
2025-01-05,SKU-0100,122,0,19,48.0
2025-01-12,SKU-0100,104,0,19,48.0
2025-01-19,SKU-0100,82,0,19,48.0
2025-01-26,SKU-0100,56,0,19,48.0
2025-02-02,SKU-0100,78,0,19,48.0
2025-02-09,SKU-0100,47,146,19,48.0
2025-02-16,SKU-0100,5,170,19,48.0
2025-02-23,SKU-0100,0,159,19,48.0
2025-03-02,SKU-0100,77,0,19,48.0
2025-03-09,SKU-0100,153,0,19,48.0
2025-03-16,SKU-0100,111,0,19,48.0
2025-03-23,SKU-0100,77,0,19,48.0
2025-03-30,SKU-0100,164,0,19,48.0
2025-04-06,SKU-0100,109,0,19,48.0
2025-04-13,SKU-0100,56,0,19,48.0
2025-04-20,SKU-0100,220,0,19,48.0
2025-04-27,SKU-0100,191,0,19,48.0
2025-05-04,SKU-0100,147,0,19,48.0
2025-05-11,SKU-0100,99,0,19,48.0
2025-05-18,SKU-0100,53,0,19,48.0
2025-05-25,SKU-0100,19,209,19,48.0
2025-06-01,SKU-0100,0,193,19,48.0
2025-06-08,SKU-0100,0,186,19,48.0
2025-06-15,SKU-0100,0,167,19,48.0
2025-06-22,SKU-0100,194,0,19,48.0
2025-06-29,SKU-0100,131,0,19,48.0
2025-07-06,SKU-0100,85,0,19,48.0
2025-07-13,SKU-0100,57,0,19,48.0
2025-07-20,SKU-0100,29,212,19,48.0
2025-07-27,SKU-0100,170,0,19,48.0
2025-08-03,SKU-0100,131,0,19,48.0
2025-08-10,SKU-0100,93,0,19,48.0
2025-08-17,SKU-0100,69,0,19,48.0
2025-08-24,SKU-0100,202,0,19,48.0
2025-08-31,SKU-0100,173,0,19,48.0
2025-09-07,SKU-0100,141,0,19,48.0
2025-09-14,SKU-0100,105,0,19,48.0
2025-09-21,SKU-0100,74,0,19,48.0
2025-09-28,SKU-0100,50,0,19,48.0
2025-10-05,SKU-0100,11,175,19,48.0
2025-10-12,SKU-0100,104,0,19,48.0
2025-10-19,SKU-0100,54,0,19,48.0
2025-10-26,SKU-0100,140,0,19,48.0
2025-11-02,SKU-0100,94,0,19,48.0
2025-11-09,SKU-0100,51,0,19,48.0
2025-11-16,SKU-0100,15,191,19,48.0
2025-11-23,SKU-0100,179,0,19,48.0
2025-11-30,SKU-0100,148,0,19,48.0
2025-12-07,SKU-0100,103,0,19,48.0
2025-12-14,SKU-0100,63,0,19,48.0
2025-12-21,SKU-0100,0,212,19,48.0
2025-12-28,SKU-0100,144,0,19,48.0
2026-01-04,SKU-0100,91,0,19,48.0
2026-01-11,SKU-0100,279,0,19,48.0
2026-01-18,SKU-0100,244,0,19,48.0
2026-01-25,SKU-0100,205,0,19,48.0
2026-02-01,SKU-0100,169,0,19,48.0
2026-02-08,SKU-0100,137,0,19,48.0
2026-02-15,SKU-0100,103,0,19,48.0
2026-02-22,SKU-0100,67,0,19,48.0
2026-03-01,SKU-0100,169,0,19,48.0
2026-03-08,SKU-0100,136,0,19,48.0
2026-03-15,SKU-0100,103,0,19,48.0
2026-03-22,SKU-0100,53,0,19,48.0
2026-03-29,SKU-0100,8,201,19,48.0
2026-04-05,SKU-0100,0,201,19,48.0
2026-04-12,SKU-0100,139,0,19,48.0
2026-04-19,SKU-0100,93,0,19,48.0
2026-04-26,SKU-0100,205,0,19,48.0
2026-05-03,SKU-0100,156,0,19,48.0
2026-05-10,SKU-0100,115,0,19,48.0
2026-05-17,SKU-0100,66,0,19,48.0
2026-05-24,SKU-0100,229,0,19,48.0
2026-05-31,SKU-0100,182,0,19,48.0
2026-06-07,SKU-0100,139,0,19,48.0
2026-06-14,SKU-0100,82,0,19,48.0
2026-06-21,SKU-0100,174,0,19,48.0
2026-06-28,SKU-0100,115,0,19,48.0
2026-07-05,SKU-0100,64,0,19,48.0
2026-07-12,SKU-0100,163,0,19,48.0
2026-07-19,SKU-0100,118,0,19,48.0
2026-07-26,SKU-0100,89,0,19,48.0
2026-08-02,SKU-0100,37,201,19,48.0
2026-08-09,SKU-0100,6,188,19,48.0
2026-08-16,SKU-0100,98,0,19,48.0
2026-08-23,SKU-0100,72,0,19,48.0
2026-08-30,SKU-0100,172,0,19,48.0
2024-01-07,SKU-0101,86,0,8,64.0
2024-01-14,SKU-0101,64,0,8,64.0
2024-01-21,SKU-0101,39,152,8,64.0
2024-01-28,SKU-0101,118,0,8,64.0
2024-02-04,SKU-0101,95,0,8,64.0
2024-02-11,SKU-0101,64,0,8,64.0
2024-02-18,SKU-0101,115,0,8,64.0
2024-02-25,SKU-0101,76,0,8,64.0
2024-03-03,SKU-0101,42,167,8,64.0
2024-03-10,SKU-0101,106,0,8,64.0
2024-03-17,SKU-0101,67,0,8,64.0
2024-03-24,SKU-0101,43,140,8,64.0
2024-03-31,SKU-0101,111,0,8,64.0
2024-04-07,SKU-0101,82,0,8,64.0
2024-04-14,SKU-0101,137,0,8,64.0
2024-04-21,SKU-0101,104,0,8,64.0
2024-04-28,SKU-0101,87,0,8,64.0
2024-05-05,SKU-0101,56,141,8,64.0
2024-05-12,SKU-0101,158,0,8,64.0
2024-05-19,SKU-0101,125,0,8,64.0
2024-05-26,SKU-0101,104,0,8,64.0
2024-06-02,SKU-0101,78,0,8,64.0
2024-06-09,SKU-0101,166,0,8,64.0
2024-06-16,SKU-0101,137,0,8,64.0
2024-06-23,SKU-0101,100,0,8,64.0
2024-06-30,SKU-0101,145,0,8,64.0
2024-07-07,SKU-0101,116,0,8,64.0
2024-07-14,SKU-0101,95,0,8,64.0
2024-07-21,SKU-0101,82,0,8,64.0
2024-07-28,SKU-0101,59,147,8,64.0
2024-08-04,SKU-0101,121,0,8,64.0
2024-08-11,SKU-0101,108,0,8,64.0
2024-08-18,SKU-0101,94,0,8,64.0
2024-08-25,SKU-0101,76,0,8,64.0
2024-09-01,SKU-0101,60,133,8,64.0
2024-09-08,SKU-0101,132,0,8,64.0
2024-09-15,SKU-0101,108,0,8,64.0
2024-09-22,SKU-0101,88,0,8,64.0
2024-09-29,SKU-0101,75,0,8,64.0
2024-10-06,SKU-0101,49,136,8,64.0
2024-10-13,SKU-0101,16,149,8,64.0
2024-10-20,SKU-0101,94,0,8,64.0
2024-10-27,SKU-0101,56,161,8,64.0
2024-11-03,SKU-0101,186,0,8,64.0
2024-11-10,SKU-0101,147,0,8,64.0
2024-11-17,SKU-0101,119,0,8,64.0
2024-11-24,SKU-0101,99,0,8,64.0
2024-12-01,SKU-0101,71,0,8,64.0
2024-12-08,SKU-0101,140,0,8,64.0
2024-12-15,SKU-0101,121,0,8,64.0
2024-12-22,SKU-0101,83,0,8,64.0
2024-12-29,SKU-0101,183,0,8,64.0
2025-01-05,SKU-0101,161,0,8,64.0
2025-01-12,SKU-0101,137,0,8,64.0
2025-01-19,SKU-0101,112,0,8,64.0
2025-01-26,SKU-0101,85,0,8,64.0
2025-02-02,SKU-0101,72,0,8,64.0
2025-02-09,SKU-0101,174,0,8,64.0
2025-02-16,SKU-0101,144,0,8,64.0
2025-02-23,SKU-0101,114,0,8,64.0
2025-03-02,SKU-0101,98,0,8,64.0
2025-03-09,SKU-0101,66,0,8,64.0
2025-03-16,SKU-0101,179,0,8,64.0
2025-03-23,SKU-0101,156,0,8,64.0
2025-03-30,SKU-0101,122,0,8,64.0
2025-04-06,SKU-0101,94,0,8,64.0
2025-04-13,SKU-0101,72,0,8,64.0
2025-04-20,SKU-0101,167,0,8,64.0
2025-04-27,SKU-0101,148,0,8,64.0
2025-05-04,SKU-0101,124,0,8,64.0
2025-05-11,SKU-0101,98,0,8,64.0
2025-05-18,SKU-0101,67,0,8,64.0
2025-05-25,SKU-0101,160,0,8,64.0
2025-06-01,SKU-0101,152,0,8,64.0
2025-06-08,SKU-0101,132,0,8,64.0
2025-06-15,SKU-0101,108,0,8,64.0
2025-06-22,SKU-0101,81,0,8,64.0
2025-06-29,SKU-0101,181,0,8,64.0
2025-07-06,SKU-0101,160,0,8,64.0
2025-07-13,SKU-0101,131,0,8,64.0
2025-07-20,SKU-0101,110,0,8,64.0
2025-07-27,SKU-0101,93,0,8,64.0
2025-08-03,SKU-0101,81,0,8,64.0
2025-08-10,SKU-0101,194,0,8,64.0
2025-08-17,SKU-0101,185,0,8,64.0
2025-08-24,SKU-0101,177,0,8,64.0
2025-08-31,SKU-0101,166,0,8,64.0
2025-09-07,SKU-0101,147,0,8,64.0
2025-09-14,SKU-0101,129,0,8,64.0
2025-09-21,SKU-0101,112,0,8,64.0
2025-09-28,SKU-0101,88,0,8,64.0
2025-10-05,SKU-0101,176,0,8,64.0
2025-10-12,SKU-0101,151,0,8,64.0
2025-10-19,SKU-0101,126,0,8,64.0
2025-10-26,SKU-0101,98,0,8,64.0
2025-11-02,SKU-0101,129,0,8,64.0
2025-11-09,SKU-0101,91,0,8,64.0
2025-11-16,SKU-0101,76,0,8,64.0
2025-11-23,SKU-0101,166,0,8,64.0
2025-11-30,SKU-0101,142,0,8,64.0
2025-12-07,SKU-0101,126,0,8,64.0
2025-12-14,SKU-0101,112,0,8,64.0
2025-12-21,SKU-0101,81,0,8,64.0
2025-12-28,SKU-0101,167,0,8,64.0
2026-01-04,SKU-0101,145,0,8,64.0
2026-01-11,SKU-0101,125,0,8,64.0
2026-01-18,SKU-0101,110,0,8,64.0
2026-01-25,SKU-0101,88,0,8,64.0
2026-02-01,SKU-0101,73,0,8,64.0
2026-02-08,SKU-0101,183,0,8,64.0
2026-02-15,SKU-0101,160,0,8,64.0
2026-02-22,SKU-0101,148,0,8,64.0
2026-03-01,SKU-0101,125,0,8,64.0
2026-03-08,SKU-0101,99,0,8,64.0
2026-03-15,SKU-0101,71,0,8,64.0
2026-03-22,SKU-0101,144,0,8,64.0
2026-03-29,SKU-0101,121,0,8,64.0
2026-04-05,SKU-0101,94,0,8,64.0
2026-04-12,SKU-0101,81,0,8,64.0
2026-04-19,SKU-0101,56,138,8,64.0
2026-04-26,SKU-0101,34,145,8,64.0
2026-05-03,SKU-0101,26,144,8,
2026-05-10,SKU-0101,130,0,8,64.0
2026-05-17,SKU-0101,122,0,8,64.0
2026-05-24,SKU-0101,102,0,8,64.0
2026-05-31,SKU-0101,81,0,8,64.0
2026-06-07,SKU-0101,160,0,8,64.0
2026-06-14,SKU-0101,141,0,8,64.0
2026-06-21,SKU-0101,112,0,8,64.0
2026-06-28,SKU-0101,79,0,8,
2026-07-05,SKU-0101,154,0,8,64.0
2026-07-12,SKU-0101,137,0,8,64.0
2026-07-19,SKU-0101,117,0,8,64.0
2026-07-26,SKU-0101,102,0,8,64.0
2026-08-02,SKU-0101,74,0,8,64.0
2026-08-09,SKU-0101,59,152,8,64.0
2026-08-16,SKU-0101,51,148,8,64.0
2026-08-23,SKU-0101,152,0,8,64.0
2026-08-30,SKU-0101,138,0,8,64.0
2024-07-14,SKU-0102,101,0,12,61.0
2024-07-21,SKU-0102,94,0,12,61.0
2024-07-28,SKU-0102,76,0,12,61.0
2024-08-04,SKU-0102,51,149,12,61.0
2024-08-11,SKU-0102,149,0,12,61.0
2024-08-18,SKU-0102,132,0,12,61.0
2024-08-25,SKU-0102,118,0,12,61.0
2024-09-01,SKU-0102,103,0,12,61.0
2024-09-08,SKU-0102,85,0,12,61.0
2024-09-15,SKU-0102,62,0,12,61.0
2024-09-22,SKU-0102,164,0,12,61.0
2024-09-29,SKU-0102,148,0,12,61.0
2024-10-06,SKU-0102,124,0,12,61.0
2024-10-13,SKU-0102,94,0,12,61.0
2024-10-20,SKU-0102,66,0,12,61.0
2024-10-27,SKU-0102,134,0,12,61.0
2024-11-03,SKU-0102,100,0,12,61.0
2024-11-10,SKU-0102,66,0,12,61.0
2024-11-17,SKU-0102,153,0,12,61.0
2024-11-24,SKU-0102,127,0,12,61.0
2024-12-01,SKU-0102,114,0,12,61.0
2024-12-08,SKU-0102,91,0,12,61.0
2024-12-15,SKU-0102,68,0,12,61.0
2024-12-22,SKU-0102,37,122,12,61.0
2024-12-29,SKU-0102,132,0,12,61.0
2025-01-05,SKU-0102,104,0,12,61.0
2025-01-12,SKU-0102,78,0,12,61.0
2025-01-19,SKU-0102,51,155,12,61.0
2025-01-26,SKU-0102,157,0,12,61.0
2025-02-02,SKU-0102,138,0,12,61.0
2025-02-09,SKU-0102,121,0,12,61.0
2025-02-16,SKU-0102,98,0,12,61.0
2025-02-23,SKU-0102,74,0,12,61.0
2025-03-02,SKU-0102,151,0,12,61.0
2025-03-09,SKU-0102,133,0,12,61.0
2025-03-16,SKU-0102,113,0,12,61.0
2025-03-23,SKU-0102,97,0,12,61.0
2025-03-30,SKU-0102,72,0,12,61.0
2025-04-06,SKU-0102,182,0,12,61.0
2025-04-13,SKU-0102,165,0,12,61.0
2025-04-20,SKU-0102,154,0,12,61.0
2025-04-27,SKU-0102,128,0,12,61.0
2025-05-04,SKU-0102,109,0,12,61.0
2025-05-11,SKU-0102,97,0,12,61.0
2025-05-18,SKU-0102,77,0,12,61.0
2025-05-25,SKU-0102,127,0,12,61.0
2025-06-01,SKU-0102,119,0,12,61.0
2025-06-08,SKU-0102,106,0,12,61.0
2025-06-15,SKU-0102,94,0,12,61.0
2025-06-22,SKU-0102,63,0,12,61.0
2025-06-29,SKU-0102,39,132,12,61.0
2025-07-06,SKU-0102,29,131,12,61.0
2025-07-13,SKU-0102,10,126,12,61.0
2025-07-20,SKU-0102,73,0,12,61.0
2025-07-27,SKU-0102,57,140,12,61.0
2025-08-03,SKU-0102,49,141,12,61.0
2025-08-10,SKU-0102,143,0,12,61.0
2025-08-17,SKU-0102,131,0,12,61.0
2025-08-24,SKU-0102,120,0,12,61.0
2025-08-31,SKU-0102,102,0,12,61.0
2025-09-07,SKU-0102,87,0,12,61.0
2025-09-14,SKU-0102,76,0,12,61.0
2025-09-21,SKU-0102,60,143,12,61.0
2025-09-28,SKU-0102,40,151,12,61.0
2025-10-05,SKU-0102,2,126,12,61.0
2025-10-12,SKU-0102,87,0,12,61.0
2025-10-19,SKU-0102,62,0,12,61.0
2025-10-26,SKU-0102,118,0,12,61.0
2025-11-02,SKU-0102,78,0,12,61.0
2025-11-09,SKU-0102,134,0,12,61.0
2025-11-16,SKU-0102,108,0,12,61.0
2025-11-23,SKU-0102,92,0,12,61.0
2025-11-30,SKU-0102,62,0,12,61.0
2025-12-07,SKU-0102,47,130,12,61.0
2025-12-14,SKU-0102,23,140,12,61.0
2025-12-21,SKU-0102,74,0,12,61.0
2025-12-28,SKU-0102,40,134,12,61.0
2026-01-04,SKU-0102,145,0,12,61.0
2026-01-11,SKU-0102,134,0,12,61.0
2026-01-18,SKU-0102,106,0,12,61.0
2026-01-25,SKU-0102,88,0,12,61.0
2026-02-01,SKU-0102,66,0,12,61.0
2026-02-08,SKU-0102,47,138,12,61.0
2026-02-15,SKU-0102,97,0,12,61.0
2026-02-22,SKU-0102,79,0,12,61.0
2026-03-01,SKU-0102,157,0,12,61.0
2026-03-08,SKU-0102,140,0,12,61.0
2026-03-15,SKU-0102,119,0,12,61.0
2026-03-22,SKU-0102,101,0,12,61.0
2026-03-29,SKU-0102,74,0,12,61.0
2026-04-05,SKU-0102,202,0,12,61.0
2026-04-12,SKU-0102,186,0,12,61.0
2026-04-19,SKU-0102,169,0,12,61.0
2026-04-26,SKU-0102,152,0,12,61.0
2026-05-03,SKU-0102,140,0,12,61.0
2026-05-10,SKU-0102,125,0,12,61.0
2026-05-17,SKU-0102,107,0,12,61.0
2026-05-24,SKU-0102,83,0,12,61.0
2026-05-31,SKU-0102,70,0,12,61.0
2026-06-07,SKU-0102,54,147,12,61.0
2026-06-14,SKU-0102,34,122,12,61.0
2026-06-21,SKU-0102,84,0,12,61.0
2026-06-28,SKU-0102,63,0,12,61.0
2026-07-05,SKU-0102,161,0,12,61.0
2026-07-12,SKU-0102,139,0,12,61.0
2026-07-19,SKU-0102,134,0,12,61.0
2026-07-26,SKU-0102,119,0,12,61.0
2026-08-02,SKU-0102,100,0,12,61.0
2026-08-09,SKU-0102,93,0,12,61.0
2026-08-16,SKU-0102,81,0,12,61.0
2026-08-23,SKU-0102,70,0,12,61.0
2026-08-30,SKU-0102,139,0,12,61.0
2024-03-03,SKU-0103,178,0,27,61.0
2024-03-10,SKU-0103,95,0,27,61.0
2024-03-17,SKU-0103,224,0,27,61.0
2024-03-24,SKU-0103,162,0,27,61.0
2024-03-31,SKU-0103,77,0,27,61.0
2024-04-07,SKU-0103,0,354,27,61.0
2024-04-14,SKU-0103,288,0,27,61.0
2024-04-21,SKU-0103,198,0,27,61.0
2024-04-28,SKU-0103,122,0,27,61.0
2024-05-05,SKU-0103,244,0,27,61.0
2024-05-12,SKU-0103,160,0,27,61.0
2024-05-19,SKU-0103,70,0,27,61.0
2024-05-26,SKU-0103,0,409,27,61.0
2024-06-02,SKU-0103,305,0,27,61.0
2024-06-09,SKU-0103,230,0,27,61.0
2024-06-16,SKU-0103,133,0,27,61.0
2024-06-23,SKU-0103,365,0,27,61.0
2024-06-30,SKU-0103,240,0,27,61.0
2024-07-07,SKU-0103,153,0,27,61.0
2024-07-14,SKU-0103,82,0,27,61.0
2024-07-21,SKU-0103,317,0,27,61.0
2024-07-28,SKU-0103,237,0,27,61.0
2024-08-04,SKU-0103,167,0,27,61.0
2024-08-11,SKU-0103,83,0,27,61.0
2024-08-18,SKU-0103,223,0,27,61.0
2024-08-25,SKU-0103,164,0,27,61.0
2024-09-01,SKU-0103,93,0,27,61.0
2024-09-08,SKU-0103,173,0,27,61.0
2024-09-15,SKU-0103,119,0,27,61.0
2024-09-22,SKU-0103,283,0,27,61.0
2024-09-29,SKU-0103,235,0,27,61.0
2024-10-06,SKU-0103,148,0,27,61.0
2024-10-13,SKU-0103,58,317,27,61.0
2024-10-20,SKU-0103,0,346,27,61.0
2024-10-27,SKU-0103,0,399,27,61.0
2024-11-03,SKU-0103,348,0,27,61.0
2024-11-10,SKU-0103,250,0,27,61.0
2024-11-17,SKU-0103,146,0,27,
2024-11-24,SKU-0103,72,0,27,61.0
2024-12-01,SKU-0103,369,0,27,61.0
2024-12-08,SKU-0103,304,0,27,61.0
2024-12-15,SKU-0103,226,0,27,
2024-12-22,SKU-0103,136,0,27,61.0
2024-12-29,SKU-0103,297,0,27,61.0
2025-01-05,SKU-0103,222,0,27,61.0
2025-01-12,SKU-0103,157,0,27,61.0
2025-01-19,SKU-0103,68,0,27,61.0
2025-01-26,SKU-0103,223,0,27,61.0
2025-02-02,SKU-0103,151,0,27,61.0
2025-02-09,SKU-0103,87,0,27,61.0
2025-02-16,SKU-0103,9,321,27,61.0
2025-02-23,SKU-0103,0,329,27,61.0
2025-03-02,SKU-0103,277,0,27,61.0
2025-03-09,SKU-0103,205,0,27,61.0
2025-03-16,SKU-0103,112,0,27,61.0
2025-03-23,SKU-0103,283,0,27,61.0
2025-03-30,SKU-0103,172,0,27,61.0
2025-04-06,SKU-0103,102,0,27,61.0
2025-04-13,SKU-0103,0,402,27,61.0
2025-04-20,SKU-0103,0,398,27,61.0
2025-04-27,SKU-0103,265,0,27,61.0
2025-05-04,SKU-0103,185,0,27,61.0
2025-05-11,SKU-0103,72,0,27,61.0
2025-05-18,SKU-0103,334,0,27,61.0
2025-05-25,SKU-0103,243,0,27,61.0
2025-06-01,SKU-0103,141,0,27,61.0
2025-06-08,SKU-0103,349,0,27,61.0
2025-06-15,SKU-0103,253,0,27,61.0
2025-06-22,SKU-0103,92,0,27,61.0
2025-06-29,SKU-0103,0,531,27,61.0
2025-07-06,SKU-0103,0,539,27,61.0
2025-07-13,SKU-0103,0,530,27,61.0
2025-07-20,SKU-0103,0,426,27,61.0
2025-07-27,SKU-0103,301,0,27,61.0
2025-08-03,SKU-0103,205,0,27,61.0
2025-08-10,SKU-0103,120,0,27,61.0
2025-08-17,SKU-0103,38,372,27,61.0
2025-08-24,SKU-0103,205,0,27,61.0
2025-08-31,SKU-0103,132,0,27,61.0
2025-09-07,SKU-0103,52,319,27,61.0
2025-09-14,SKU-0103,0,307,27,61.0
2025-09-21,SKU-0103,0,343,27,61.0
2025-09-28,SKU-0103,214,0,27,61.0
2025-10-05,SKU-0103,118,0,27,61.0
2025-10-12,SKU-0103,10,395,27,61.0
2025-10-19,SKU-0103,0,422,27,61.0
2025-10-26,SKU-0103,0,479,27,61.0
2025-11-02,SKU-0103,317,0,27,61.0
2025-11-09,SKU-0103,192,0,27,61.0
2025-11-16,SKU-0103,102,0,27,61.0
2025-11-23,SKU-0103,42,410,27,61.0
2025-11-30,SKU-0103,290,0,27,61.0
2025-12-07,SKU-0103,222,0,27,61.0
2025-12-14,SKU-0103,141,0,27,61.0
2025-12-21,SKU-0103,345,0,27,61.0
2025-12-28,SKU-0103,217,0,27,61.0
2026-01-04,SKU-0103,117,0,27,61.0
2026-01-11,SKU-0103,313,0,27,61.0
2026-01-18,SKU-0103,223,0,27,61.0
2026-01-25,SKU-0103,151,0,27,61.0
2026-02-01,SKU-0103,71,0,27,61.0
2026-02-08,SKU-0103,0,355,27,61.0
2026-02-15,SKU-0103,352,0,27,61.0
2026-02-22,SKU-0103,265,0,27,61.0
2026-03-01,SKU-0103,166,0,27,61.0
2026-03-08,SKU-0103,73,0,27,61.0
2026-03-15,SKU-0103,251,0,27,61.0
2026-03-22,SKU-0103,158,0,27,61.0
2026-03-29,SKU-0103,66,0,27,61.0
2026-04-05,SKU-0103,214,0,27,61.0
2026-04-12,SKU-0103,117,0,27,61.0
2026-04-19,SKU-0103,290,0,27,61.0
2026-04-26,SKU-0103,178,0,27,61.0
2026-05-03,SKU-0103,71,0,27,61.0
2026-05-10,SKU-0103,0,480,27,61.0
2026-05-17,SKU-0103,387,0,27,61.0
2026-05-24,SKU-0103,273,0,27,61.0
2026-05-31,SKU-0103,157,0,27,61.0
2026-06-07,SKU-0103,34,485,27,61.0
2026-06-14,SKU-0103,0,474,27,61.0
2026-06-21,SKU-0103,505,0,27,61.0
2026-06-28,SKU-0103,358,0,27,61.0
2026-07-05,SKU-0103,255,0,27,61.0
2026-07-12,SKU-0103,158,0,27,61.0
2026-07-19,SKU-0103,508,0,27,61.0
2026-07-26,SKU-0103,430,0,27,61.0
2026-08-02,SKU-0103,345,0,27,61.0
2026-08-09,SKU-0103,263,0,27,61.0
2026-08-16,SKU-0103,183,0,27,61.0
2026-08-23,SKU-0103,96,0,27,61.0
2026-08-30,SKU-0103,15,358,27,61.0
2024-02-25,SKU-0104,137,0,13,23.0
2024-03-03,SKU-0104,98,0,13,23.0
2024-03-10,SKU-0104,47,0,13,23.0
2024-03-17,SKU-0104,205,0,13,23.0
2024-03-24,SKU-0104,160,0,13,23.0
2024-03-31,SKU-0104,116,0,13,23.0
2024-04-07,SKU-0104,62,0,13,23.0
2024-04-14,SKU-0104,19,216,13,23.0
2024-04-21,SKU-0104,106,0,13,23.0
2024-04-28,SKU-0104,56,0,13,23.0
2024-05-05,SKU-0104,16,201,13,23.0
2024-05-12,SKU-0104,0,224,13,23.0
2024-05-19,SKU-0104,0,215,13,23.0
2024-05-26,SKU-0104,0,216,13,23.0
2024-06-02,SKU-0104,129,0,13,23.0
2024-06-09,SKU-0104,81,0,13,23.0
2024-06-16,SKU-0104,16,256,13,23.0
2024-06-23,SKU-0104,155,0,13,23.0
2024-06-30,SKU-0104,66,0,13,23.0
2024-07-07,SKU-0104,320,0,13,23.0
2024-07-14,SKU-0104,273,0,13,23.0
2024-07-21,SKU-0104,228,0,13,23.0
2024-07-28,SKU-0104,180,0,13,23.0
2024-08-04,SKU-0104,128,0,13,23.0
2024-08-11,SKU-0104,92,0,13,23.0
2024-08-18,SKU-0104,45,0,13,23.0
2024-08-25,SKU-0104,0,216,13,23.0
2024-09-01,SKU-0104,0,211,13,23.0
2024-09-08,SKU-0104,0,206,13,23.0
2024-09-15,SKU-0104,0,208,13,23.0
2024-09-22,SKU-0104,152,0,13,23.0
2024-09-29,SKU-0104,104,0,13,23.0
2024-10-06,SKU-0104,36,0,13,23.0
2024-10-13,SKU-0104,229,0,13,23.0
2024-10-20,SKU-0104,163,0,13,23.0
2024-10-27,SKU-0104,116,0,13,23.0
2024-11-03,SKU-0104,70,0,13,23.0
2024-11-10,SKU-0104,218,0,13,23.0
2024-11-17,SKU-0104,168,0,13,23.0
2024-11-24,SKU-0104,128,0,13,23.0
2024-12-01,SKU-0104,99,0,13,23.0
2024-12-08,SKU-0104,68,0,13,23.0
2024-12-15,SKU-0104,37,0,13,23.0
2024-12-22,SKU-0104,186,0,13,23.0
2024-12-29,SKU-0104,126,0,13,23.0
2025-01-05,SKU-0104,82,0,13,23.0
2025-01-12,SKU-0104,46,0,13,23.0
2025-01-19,SKU-0104,27,0,13,23.0
2025-01-26,SKU-0104,0,179,13,23.0
2025-02-02,SKU-0104,145,0,13,23.0
2025-02-09,SKU-0104,113,0,13,23.0
2025-02-16,SKU-0104,88,0,13,23.0
2025-02-23,SKU-0104,51,0,13,23.0
2025-03-02,SKU-0104,182,0,13,23.0
2025-03-09,SKU-0104,134,0,13,23.0
2025-03-16,SKU-0104,91,0,13,23.0
2025-03-23,SKU-0104,51,0,13,23.0
2025-03-30,SKU-0104,120,0,13,23.0
2025-04-06,SKU-0104,62,0,13,23.0
2025-04-13,SKU-0104,30,0,13,23.0
2025-04-20,SKU-0104,166,0,13,23.0
2025-04-27,SKU-0104,123,0,13,23.0
2025-05-04,SKU-0104,76,0,13,23.0
2025-05-11,SKU-0104,33,0,13,23.0
2025-05-18,SKU-0104,0,197,13,23.0
2025-05-25,SKU-0104,179,0,13,23.0
2025-06-01,SKU-0104,137,0,13,23.0
2025-06-08,SKU-0104,97,0,13,23.0
2025-06-15,SKU-0104,49,0,13,23.0
2025-06-22,SKU-0104,0,222,13,23.0
2025-06-29,SKU-0104,0,230,13,23.0
2025-07-06,SKU-0104,252,0,13,23.0
2025-07-13,SKU-0104,209,0,13,23.0
2025-07-20,SKU-0104,167,0,13,23.0
2025-07-27,SKU-0104,120,0,13,23.0
2025-08-03,SKU-0104,66,0,13,23.0
2025-08-10,SKU-0104,181,0,13,23.0
2025-08-17,SKU-0104,139,0,13,23.0
2025-08-24,SKU-0104,103,0,13,23.0
2025-08-31,SKU-0104,75,0,13,23.0
2025-09-07,SKU-0104,47,0,13,23.0
2025-09-14,SKU-0104,0,169,13,23.0
2025-09-21,SKU-0104,0,185,13,23.0
2025-09-28,SKU-0104,0,167,13,23.0
2025-10-05,SKU-0104,0,198,13,23.0
2025-10-12,SKU-0104,165,0,13,23.0
2025-10-19,SKU-0104,116,0,13,23.0
2025-10-26,SKU-0104,73,0,13,23.0
2025-11-02,SKU-0104,36,0,13,23.0
2025-11-09,SKU-0104,102,0,13,23.0
2025-11-16,SKU-0104,62,0,13,23.0
2025-11-23,SKU-0104,41,0,13,23.0
2025-11-30,SKU-0104,135,0,13,23.0
2025-12-07,SKU-0104,94,0,13,23.0
2025-12-14,SKU-0104,69,0,13,23.0
2025-12-21,SKU-0104,148,0,13,23.0
2025-12-28,SKU-0104,102,0,13,23.0
2026-01-04,SKU-0104,71,0,13,23.0
2026-01-11,SKU-0104,47,0,13,23.0
2026-01-18,SKU-0104,170,0,13,23.0
2026-01-25,SKU-0104,155,0,13,23.0
2026-02-01,SKU-0104,122,0,13,23.0
2026-02-08,SKU-0104,91,0,13,23.0
2026-02-15,SKU-0104,65,0,13,23.0
2026-02-22,SKU-0104,43,0,13,23.0
2026-03-01,SKU-0104,152,0,13,23.0
2026-03-08,SKU-0104,133,0,13,23.0
2026-03-15,SKU-0104,103,0,13,23.0
2026-03-22,SKU-0104,85,0,13,23.0
2026-03-29,SKU-0104,54,0,13,23.0
2026-04-05,SKU-0104,89,0,13,23.0
2026-04-12,SKU-0104,42,0,13,23.0
2026-04-19,SKU-0104,109,0,13,23.0
2026-04-26,SKU-0104,71,0,13,23.0
2026-05-03,SKU-0104,28,0,13,23.0
2026-05-10,SKU-0104,129,0,13,23.0
2026-05-17,SKU-0104,88,0,13,23.0
2026-05-24,SKU-0104,55,0,13,23.0
2026-05-31,SKU-0104,14,180,13,23.0
2026-06-07,SKU-0104,170,0,13,23.0
2026-06-14,SKU-0104,135,0,13,23.0
2026-06-21,SKU-0104,63,0,13,23.0
2026-06-28,SKU-0104,158,0,13,23.0
2026-07-05,SKU-0104,114,0,13,23.0
2026-07-12,SKU-0104,80,0,13,23.0
2026-07-19,SKU-0104,43,0,13,23.0
2026-07-26,SKU-0104,173,0,13,23.0
2026-08-02,SKU-0104,136,0,13,23.0
2026-08-09,SKU-0104,109,0,13,23.0
2026-08-16,SKU-0104,71,0,13,23.0
2026-08-23,SKU-0104,43,0,13,23.0
2026-08-30,SKU-0104,139,0,13,23.0
2024-03-31,SKU-0105,146,0,23,68.0
2024-04-07,SKU-0105,109,0,23,68.0
2024-04-14,SKU-0105,86,0,23,68.0
2024-04-21,SKU-0105,45,142,23,68.0
2024-04-28,SKU-0105,94,0,23,68.0
2024-05-05,SKU-0105,207,0,23,68.0
2024-05-12,SKU-0105,165,0,23,68.0
2024-05-19,SKU-0105,115,0,23,68.0
2024-05-26,SKU-0105,81,0,23,68.0
2024-06-02,SKU-0105,158,0,23,68.0
2024-06-09,SKU-0105,121,0,23,68.0
2024-06-16,SKU-0105,56,201,23,68.0
2024-06-23,SKU-0105,161,0,23,68.0
2024-06-30,SKU-0105,83,0,23,68.0
2024-07-07,SKU-0105,265,0,23,68.0
2024-07-14,SKU-0105,218,0,23,68.0
2024-07-21,SKU-0105,189,0,23,68.0
2024-07-28,SKU-0105,137,0,23,68.0
2024-08-04,SKU-0105,83,0,23,68.0
2024-08-11,SKU-0105,152,0,23,68.0
2024-08-18,SKU-0105,102,0,23,68.0
2024-08-25,SKU-0105,177,0,23,68.0
2024-09-01,SKU-0105,132,0,23,68.0
2024-09-08,SKU-0105,77,0,23,68.0
2024-09-15,SKU-0105,33,224,23,68.0
2024-09-22,SKU-0105,0,237,23,68.0
2024-09-29,SKU-0105,0,212,23,68.0
2024-10-06,SKU-0105,135,0,23,68.0
2024-10-13,SKU-0105,209,0,23,68.0
2024-10-20,SKU-0105,131,0,23,68.0
2024-10-27,SKU-0105,307,0,23,68.0
2024-11-03,SKU-0105,227,0,23,68.0
2024-11-10,SKU-0105,145,0,23,68.0
2024-11-17,SKU-0105,74,0,23,68.0
2024-11-24,SKU-0105,27,297,23,68.0
2024-12-01,SKU-0105,255,0,23,68.0
2024-12-08,SKU-0105,212,0,23,68.0
2024-12-15,SKU-0105,165,0,23,68.0
2024-12-22,SKU-0105,102,0,23,68.0
2024-12-29,SKU-0105,214,0,23,68.0
2025-01-05,SKU-0105,172,0,23,68.0
2025-01-12,SKU-0105,131,0,23,68.0
2025-01-19,SKU-0105,83,0,23,68.0
2025-01-26,SKU-0105,40,194,23,68.0
2025-02-02,SKU-0105,5,189,23,68.0
2025-02-09,SKU-0105,0,187,23,68.0
2025-02-16,SKU-0105,120,0,23,68.0
2025-02-23,SKU-0105,87,0,23,68.0
2025-03-02,SKU-0105,205,0,23,68.0
2025-03-09,SKU-0105,168,0,23,68.0
2025-03-16,SKU-0105,144,0,23,68.0
2025-03-23,SKU-0105,113,0,23,68.0
2025-03-30,SKU-0105,79,0,23,68.0
2025-04-06,SKU-0105,33,164,23,68.0
2025-04-13,SKU-0105,0,178,23,68.0
2025-04-20,SKU-0105,133,0,23,68.0
2025-04-27,SKU-0105,88,0,23,68.0
2025-05-04,SKU-0105,200,0,23,68.0
2025-05-11,SKU-0105,156,0,23,68.0
2025-05-18,SKU-0105,117,0,23,68.0
2025-05-25,SKU-0105,84,0,23,68.0
2025-06-01,SKU-0105,54,191,23,68.0
2025-06-08,SKU-0105,6,172,23,68.0
2025-06-15,SKU-0105,0,190,23,68.0
2025-06-22,SKU-0105,0,240,23,68.0
2025-06-29,SKU-0105,247,0,23,68.0
2025-07-06,SKU-0105,199,0,23,68.0
2025-07-13,SKU-0105,162,0,23,68.0
2025-07-20,SKU-0105,116,0,23,68.0
2025-07-27,SKU-0105,81,0,23,68.0
2025-08-03,SKU-0105,173,0,23,68.0
2025-08-10,SKU-0105,113,0,23,68.0
2025-08-17,SKU-0105,237,0,23,68.0
2025-08-24,SKU-0105,190,0,23,68.0
2025-08-31,SKU-0105,133,0,23,68.0
2025-09-07,SKU-0105,75,0,23,68.0
2025-09-14,SKU-0105,178,0,23,68.0
2025-09-21,SKU-0105,125,0,23,68.0
2025-09-28,SKU-0105,73,0,23,68.0
2025-10-05,SKU-0105,1,257,23,68.0
2025-10-12,SKU-0105,0,294,23,68.0
2025-10-19,SKU-0105,219,0,23,68.0
2025-10-26,SKU-0105,153,0,23,68.0
2025-11-02,SKU-0105,77,0,23,68.0
2025-11-09,SKU-0105,209,0,23,68.0
2025-11-16,SKU-0105,139,0,23,68.0
2025-11-23,SKU-0105,97,0,23,68.0
2025-11-30,SKU-0105,263,0,23,68.0
2025-12-07,SKU-0105,232,0,23,68.0
2025-12-14,SKU-0105,192,0,23,68.0
2025-12-21,SKU-0105,114,0,23,68.0
2025-12-28,SKU-0105,56,257,23,68.0
2026-01-04,SKU-0105,233,0,23,68.0
2026-01-11,SKU-0105,200,0,23,68.0
2026-01-18,SKU-0105,164,0,23,68.0
2026-01-25,SKU-0105,136,0,23,68.0
2026-02-01,SKU-0105,99,0,23,68.0
2026-02-08,SKU-0105,175,0,23,68.0
2026-02-15,SKU-0105,119,0,23,68.0
2026-02-22,SKU-0105,77,0,23,68.0
2026-03-01,SKU-0105,166,0,23,68.0
2026-03-08,SKU-0105,134,0,23,68.0
2026-03-15,SKU-0105,92,0,23,68.0
2026-03-22,SKU-0105,55,173,23,68.0
2026-03-29,SKU-0105,28,153,23,68.0
2026-04-05,SKU-0105,0,157,23,68.0
2026-04-12,SKU-0105,78,0,23,68.0
2026-04-19,SKU-0105,47,162,23,68.0
2026-04-26,SKU-0105,25,153,23,68.0
2026-05-03,SKU-0105,126,0,23,68.0
2026-05-10,SKU-0105,99,0,23,68.0
2026-05-17,SKU-0105,55,152,23,68.0
2026-05-24,SKU-0105,18,165,23,68.0
2026-05-31,SKU-0105,109,0,23,68.0
2026-06-07,SKU-0105,69,0,23,68.0
2026-06-14,SKU-0105,45,160,23,68.0
2026-06-21,SKU-0105,146,0,23,68.0
2026-06-28,SKU-0105,75,0,23,68.0
2026-07-05,SKU-0105,28,250,23,68.0
2026-07-12,SKU-0105,161,0,23,68.0
2026-07-19,SKU-0105,123,0,23,68.0
2026-07-26,SKU-0105,84,0,23,68.0
2026-08-02,SKU-0105,160,0,23,68.0
2026-08-09,SKU-0105,114,0,23,68.0
2026-08-16,SKU-0105,244,0,23,68.0
2026-08-23,SKU-0105,196,0,23,68.0
2026-08-30,SKU-0105,153,0,23,68.0
2024-05-26,SKU-0106,109,0,13,57.0
2024-06-02,SKU-0106,70,0,13,57.0
2024-06-09,SKU-0106,11,221,13,57.0
2024-06-16,SKU-0106,0,210,13,57.0
2024-06-23,SKU-0106,0,269,13,57.0
2024-06-30,SKU-0106,0,304,13,57.0
2024-07-07,SKU-0106,230,0,13,57.0
2024-07-14,SKU-0106,186,0,13,57.0
2024-07-21,SKU-0106,151,0,13,57.0
2024-07-28,SKU-0106,112,0,13,57.0
2024-08-04,SKU-0106,195,0,13,57.0
2024-08-11,SKU-0106,145,0,13,57.0
2024-08-18,SKU-0106,95,0,13,57.0
2024-08-25,SKU-0106,40,260,13,57.0
2024-09-01,SKU-0106,0,245,13,57.0
2024-09-08,SKU-0106,139,0,13,57.0
2024-09-15,SKU-0106,99,0,13,57.0
2024-09-22,SKU-0106,178,0,13,57.0
2024-09-29,SKU-0106,143,0,13,57.0
2024-10-06,SKU-0106,87,0,13,57.0
2024-10-13,SKU-0106,32,214,13,57.0
2024-10-20,SKU-0106,201,0,13,57.0
2024-10-27,SKU-0106,136,0,13,57.0
2024-11-03,SKU-0106,78,0,13,57.0
2024-11-10,SKU-0106,199,0,13,57.0
2024-11-17,SKU-0106,133,0,13,57.0
2024-11-24,SKU-0106,96,0,13,57.0
2024-12-01,SKU-0106,54,235,13,57.0
2024-12-08,SKU-0106,17,214,13,57.0
2024-12-15,SKU-0106,0,165,13,57.0
2024-12-22,SKU-0106,176,0,13,57.0
2024-12-29,SKU-0106,123,0,13,57.0
2025-01-05,SKU-0106,76,0,13,57.0
2025-01-12,SKU-0106,213,0,13,57.0
2025-01-19,SKU-0106,181,0,13,57.0
2025-01-26,SKU-0106,128,0,13,57.0
2025-02-02,SKU-0106,99,0,13,57.0
2025-02-09,SKU-0106,72,0,13,57.0
2025-02-16,SKU-0106,30,202,13,57.0
2025-02-23,SKU-0106,119,0,13,57.0
2025-03-02,SKU-0106,89,0,13,57.0
2025-03-09,SKU-0106,223,0,13,57.0
2025-03-16,SKU-0106,182,0,13,57.0
2025-03-23,SKU-0106,131,0,13,57.0
2025-03-30,SKU-0106,92,0,13,57.0
2025-04-06,SKU-0106,65,0,13,57.0
2025-04-13,SKU-0106,14,185,13,57.0
2025-04-20,SKU-0106,0,209,13,57.0
2025-04-27,SKU-0106,0,212,13,57.0
2025-05-04,SKU-0106,140,0,13,57.0
2025-05-11,SKU-0106,90,0,13,57.0
2025-05-18,SKU-0106,28,246,13,57.0
2025-05-25,SKU-0106,0,249,13,57.0
2025-06-01,SKU-0106,211,0,13,57.0
2025-06-08,SKU-0106,145,0,13,57.0
2025-06-15,SKU-0106,82,0,13,57.0
2025-06-22,SKU-0106,207,0,13,57.0
2025-06-29,SKU-0106,119,0,13,57.0
2025-07-06,SKU-0106,65,0,13,57.0
2025-07-13,SKU-0106,10,313,13,57.0
2025-07-20,SKU-0106,0,292,13,57.0
2025-07-27,SKU-0106,154,0,13,
2025-08-03,SKU-0106,91,0,13,57.0
2025-08-10,SKU-0106,19,282,13,57.0
2025-08-17,SKU-0106,236,0,13,57.0
2025-08-24,SKU-0106,189,0,13,57.0
2025-08-31,SKU-0106,135,0,13,57.0
2025-09-07,SKU-0106,79,0,13,57.0
2025-09-14,SKU-0106,206,0,13,57.0
2025-09-21,SKU-0106,159,0,13,57.0
2025-09-28,SKU-0106,118,0,13,57.0
2025-10-05,SKU-0106,241,0,13,57.0
2025-10-12,SKU-0106,173,0,13,57.0
2025-10-19,SKU-0106,108,0,13,57.0
2025-10-26,SKU-0106,256,0,13,57.0
2025-11-02,SKU-0106,178,0,13,57.0
2025-11-09,SKU-0106,103,0,13,57.0
2025-11-16,SKU-0106,26,332,13,57.0
2025-11-23,SKU-0106,0,304,13,57.0
2025-11-30,SKU-0106,260,0,13,57.0
2025-12-07,SKU-0106,220,0,13,57.0
2025-12-14,SKU-0106,173,0,13,57.0
2025-12-21,SKU-0106,113,0,13,57.0
2025-12-28,SKU-0106,29,259,13,57.0
2026-01-04,SKU-0106,138,0,13,57.0
2026-01-11,SKU-0106,99,0,13,57.0
2026-01-18,SKU-0106,57,0,13,57.0
2026-01-25,SKU-0106,29,179,13,57.0
2026-02-01,SKU-0106,171,0,13,57.0
2026-02-08,SKU-0106,127,0,13,57.0
2026-02-15,SKU-0106,77,0,13,57.0
2026-02-22,SKU-0106,158,0,13,57.0
2026-03-01,SKU-0106,126,0,13,57.0
2026-03-08,SKU-0106,87,0,13,57.0
2026-03-15,SKU-0106,157,0,13,57.0
2026-03-22,SKU-0106,112,0,13,57.0
2026-03-29,SKU-0106,69,0,13,57.0
2026-04-05,SKU-0106,217,0,13,57.0
2026-04-12,SKU-0106,154,0,13,57.0
2026-04-19,SKU-0106,115,0,13,57.0
2026-04-26,SKU-0106,65,0,13,57.0
2026-05-03,SKU-0106,15,219,13,57.0
2026-05-10,SKU-0106,117,0,13,57.0
2026-05-17,SKU-0106,218,0,13,57.0
2026-05-24,SKU-0106,163,0,13,57.0
2026-05-31,SKU-0106,102,0,13,57.0
2026-06-07,SKU-0106,47,260,13,57.0
2026-06-14,SKU-0106,221,0,13,57.0
2026-06-21,SKU-0106,108,0,13,57.0
2026-06-28,SKU-0106,13,372,13,57.0
2026-07-05,SKU-0106,0,348,13,57.0
2026-07-12,SKU-0106,0,372,13,57.0
2026-07-19,SKU-0106,232,0,13,57.0
2026-07-26,SKU-0106,166,0,13,57.0
2026-08-02,SKU-0106,79,0,13,57.0
2026-08-09,SKU-0106,234,0,13,57.0
2026-08-16,SKU-0106,168,0,13,57.0
2026-08-23,SKU-0106,101,0,13,57.0
2026-08-30,SKU-0106,45,293,13,57.0
2024-05-12,SKU-0107,170,0,24,38.0
2024-05-19,SKU-0107,154,0,24,38.0
2024-05-26,SKU-0107,134,0,24,38.0
2024-06-02,SKU-0107,118,0,24,38.0
2024-06-09,SKU-0107,96,0,24,38.0
2024-06-16,SKU-0107,80,0,24,38.0
2024-06-23,SKU-0107,51,0,24,38.0
2024-06-30,SKU-0107,19,123,24,38.0
2024-07-07,SKU-0107,3,120,24,38.0
2024-07-14,SKU-0107,67,0,24,38.0
2024-07-21,SKU-0107,57,0,24,38.0
2024-07-28,SKU-0107,44,0,24,38.0
2024-08-04,SKU-0107,18,83,24,38.0
2024-08-11,SKU-0107,9,99,24,38.0
2024-08-18,SKU-0107,56,0,24,38.0
2024-08-25,SKU-0107,48,0,24,38.0
2024-09-01,SKU-0107,80,0,24,38.0
2024-09-08,SKU-0107,60,0,24,38.0
2024-09-15,SKU-0107,42,0,24,38.0
2024-09-22,SKU-0107,21,110,24,38.0
2024-09-29,SKU-0107,119,0,24,38.0
2024-10-06,SKU-0107,83,0,24,38.0
2024-10-13,SKU-0107,64,0,24,38.0
2024-10-20,SKU-0107,29,158,24,38.0
2024-10-27,SKU-0107,0,145,24,38.0
2024-11-03,SKU-0107,0,147,24,38.0
2024-11-10,SKU-0107,0,142,24,38.0
2024-11-17,SKU-0107,124,0,24,38.0
2024-11-24,SKU-0107,106,0,24,38.0
2024-12-01,SKU-0107,103,0,24,38.0
2024-12-08,SKU-0107,84,0,24,38.0
2024-12-15,SKU-0107,61,0,24,38.0
2024-12-22,SKU-0107,47,0,24,38.0
2024-12-29,SKU-0107,28,111,24,38.0
2025-01-05,SKU-0107,15,102,24,38.0
2025-01-12,SKU-0107,61,0,24,38.0
2025-01-19,SKU-0107,54,0,24,38.0
2025-01-26,SKU-0107,45,0,24,38.0
2025-02-02,SKU-0107,122,0,24,38.0
2025-02-09,SKU-0107,114,0,24,38.0
2025-02-16,SKU-0107,102,0,24,38.0
2025-02-23,SKU-0107,86,0,24,38.0
2025-03-02,SKU-0107,72,0,24,38.0
2025-03-09,SKU-0107,57,0,24,38.0
2025-03-16,SKU-0107,42,0,24,38.0
2025-03-23,SKU-0107,97,0,24,38.0
2025-03-30,SKU-0107,78,0,24,
2025-04-06,SKU-0107,58,0,24,38.0
2025-04-13,SKU-0107,46,0,24,38.0
2025-04-20,SKU-0107,38,0,24,38.0
2025-04-27,SKU-0107,22,102,24,38.0
2025-05-04,SKU-0107,68,0,24,38.0
2025-05-11,SKU-0107,53,0,24,38.0
2025-05-18,SKU-0107,40,0,24,38.0
2025-05-25,SKU-0107,24,98,24,38.0
2025-06-01,SKU-0107,75,0,24,38.0
2025-06-08,SKU-0107,57,0,24,38.0
2025-06-15,SKU-0107,30,96,24,38.0
2025-06-22,SKU-0107,0,128,24,38.0
2025-06-29,SKU-0107,104,0,24,38.0
2025-07-06,SKU-0107,75,0,24,38.0
2025-07-13,SKU-0107,59,0,24,38.0
2025-07-20,SKU-0107,38,0,24,38.0
2025-07-27,SKU-0107,104,0,24,38.0
2025-08-03,SKU-0107,83,0,24,38.0
2025-08-10,SKU-0107,66,0,24,38.0
2025-08-17,SKU-0107,105,0,24,38.0
2025-08-24,SKU-0107,77,0,24,38.0
2025-08-31,SKU-0107,49,0,24,38.0
2025-09-07,SKU-0107,144,0,24,38.0
2025-09-14,SKU-0107,133,0,24,38.0
2025-09-21,SKU-0107,102,0,24,38.0
2025-09-28,SKU-0107,84,0,24,38.0
2025-10-05,SKU-0107,58,0,24,38.0
2025-10-12,SKU-0107,143,0,24,38.0
2025-10-19,SKU-0107,116,0,24,38.0
2025-10-26,SKU-0107,80,0,24,38.0
2025-11-02,SKU-0107,53,0,24,38.0
2025-11-09,SKU-0107,142,0,24,38.0
2025-11-16,SKU-0107,111,0,24,38.0
2025-11-23,SKU-0107,91,0,24,38.0
2025-11-30,SKU-0107,78,0,24,38.0
2025-12-07,SKU-0107,52,0,24,38.0
2025-12-14,SKU-0107,128,0,24,38.0
2025-12-21,SKU-0107,104,0,24,38.0
2025-12-28,SKU-0107,78,0,24,38.0
2026-01-04,SKU-0107,48,0,24,38.0
2026-01-11,SKU-0107,39,0,24,38.0
2026-01-18,SKU-0107,22,133,24,38.0
2026-01-25,SKU-0107,83,0,24,38.0
2026-02-01,SKU-0107,60,0,24,38.0
2026-02-08,SKU-0107,44,0,24,38.0
2026-02-15,SKU-0107,33,100,24,38.0
2026-02-22,SKU-0107,22,96,24,38.0
2026-03-01,SKU-0107,57,0,24,38.0
2026-03-08,SKU-0107,52,0,24,38.0
2026-03-15,SKU-0107,76,0,24,38.0
2026-03-22,SKU-0107,65,0,24,38.0
2026-03-29,SKU-0107,40,0,24,38.0
2026-04-05,SKU-0107,112,0,24,38.0
2026-04-12,SKU-0107,101,0,24,38.0
2026-04-19,SKU-0107,82,0,24,38.0
2026-04-26,SKU-0107,66,0,24,38.0
2026-05-03,SKU-0107,40,0,24,38.0
2026-05-10,SKU-0107,80,0,24,38.0
2026-05-17,SKU-0107,59,0,24,38.0
2026-05-24,SKU-0107,52,0,24,38.0
2026-05-31,SKU-0107,41,0,24,38.0
2026-06-07,SKU-0107,100,0,24,38.0
2026-06-14,SKU-0107,80,0,24,38.0
2026-06-21,SKU-0107,38,0,24,38.0
2026-06-28,SKU-0107,11,156,24,38.0
2026-07-05,SKU-0107,90,0,24,38.0
2026-07-12,SKU-0107,73,0,24,38.0
2026-07-19,SKU-0107,53,0,24,38.0
2026-07-26,SKU-0107,151,0,24,38.0
2026-08-02,SKU-0107,111,0,24,38.0
2026-08-09,SKU-0107,84,0,24,38.0
2026-08-16,SKU-0107,45,0,24,38.0
2026-08-23,SKU-0107,26,148,24,38.0
2026-08-30,SKU-0107,134,0,24,38.0
2024-03-03,SKU-0108,71,0,15,44.0
2024-03-10,SKU-0108,115,0,15,44.0
2024-03-17,SKU-0108,64,0,15,44.0
2024-03-24,SKU-0108,114,0,15,44.0
2024-03-31,SKU-0108,77,0,15,44.0
2024-04-07,SKU-0108,156,0,15,44.0
2024-04-14,SKU-0108,121,0,15,44.0
2024-04-21,SKU-0108,75,0,15,44.0
2024-04-28,SKU-0108,174,0,15,44.0
2024-05-05,SKU-0108,123,0,15,44.0
2024-05-12,SKU-0108,90,0,15,44.0
2024-05-19,SKU-0108,38,200,15,44.0
2024-05-26,SKU-0108,124,0,15,44.0
2024-06-02,SKU-0108,80,0,15,44.0
2024-06-09,SKU-0108,48,0,15,44.0
2024-06-16,SKU-0108,115,0,15,44.0
2024-06-23,SKU-0108,46,0,15,44.0
2024-06-30,SKU-0108,0,254,15,44.0
2024-07-07,SKU-0108,0,248,15,44.0
2024-07-14,SKU-0108,187,0,15,44.0
2024-07-21,SKU-0108,152,0,15,44.0
2024-07-28,SKU-0108,114,0,15,44.0
2024-08-04,SKU-0108,84,0,15,44.0
2024-08-11,SKU-0108,46,0,15,44.0
2024-08-18,SKU-0108,15,169,15,44.0
2024-08-25,SKU-0108,148,0,15,44.0
2024-09-01,SKU-0108,115,0,15,44.0
2024-09-08,SKU-0108,93,0,15,44.0
2024-09-15,SKU-0108,75,0,15,44.0
2024-09-22,SKU-0108,50,0,15,44.0
2024-09-29,SKU-0108,142,0,15,44.0
2024-10-06,SKU-0108,95,0,15,44.0
2024-10-13,SKU-0108,54,0,15,44.0
2024-10-20,SKU-0108,14,207,15,44.0
2024-10-27,SKU-0108,0,211,15,44.0
2024-11-03,SKU-0108,160,0,15,44.0
2024-11-10,SKU-0108,119,0,15,44.0
2024-11-17,SKU-0108,81,0,15,44.0
2024-11-24,SKU-0108,223,0,15,44.0
2024-12-01,SKU-0108,206,0,15,44.0
2024-12-08,SKU-0108,181,0,15,44.0
2024-12-15,SKU-0108,157,0,15,44.0
2024-12-22,SKU-0108,106,0,15,44.0
2024-12-29,SKU-0108,71,0,15,44.0
2025-01-05,SKU-0108,122,0,15,44.0
2025-01-12,SKU-0108,96,0,15,44.0
2025-01-19,SKU-0108,66,0,15,44.0
2025-01-26,SKU-0108,31,161,15,44.0
2025-02-02,SKU-0108,91,0,15,44.0
2025-02-09,SKU-0108,67,0,15,44.0
2025-02-16,SKU-0108,35,158,15,44.0
2025-02-23,SKU-0108,0,175,15,44.0
2025-03-02,SKU-0108,142,0,15,44.0
2025-03-09,SKU-0108,117,0,15,44.0
2025-03-16,SKU-0108,84,0,15,44.0
2025-03-23,SKU-0108,55,0,15,44.0
2025-03-30,SKU-0108,14,158,15,44.0
2025-04-06,SKU-0108,0,158,15,44.0
2025-04-13,SKU-0108,0,162,15,44.0
2025-04-20,SKU-0108,169,0,15,44.0
2025-04-27,SKU-0108,131,0,15,44.0
2025-05-04,SKU-0108,94,0,15,44.0
2025-05-11,SKU-0108,44,0,15,44.0
2025-05-18,SKU-0108,6,197,15,44.0
2025-05-25,SKU-0108,169,0,15,44.0
2025-06-01,SKU-0108,126,0,15,44.0
2025-06-08,SKU-0108,102,0,15,44.0
2025-06-15,SKU-0108,72,0,15,44.0
2025-06-22,SKU-0108,12,211,15,44.0
2025-06-29,SKU-0108,166,0,15,44.0
2025-07-06,SKU-0108,138,0,15,44.0
2025-07-13,SKU-0108,104,0,15,44.0
2025-07-20,SKU-0108,74,0,15,44.0
2025-07-27,SKU-0108,181,0,15,44.0
2025-08-03,SKU-0108,150,0,15,44.0
2025-08-10,SKU-0108,115,0,15,44.0
2025-08-17,SKU-0108,83,0,15,44.0
2025-08-24,SKU-0108,50,0,15,44.0
2025-08-31,SKU-0108,17,158,15,44.0
2025-09-07,SKU-0108,0,153,15,44.0
2025-09-14,SKU-0108,115,0,15,44.0
2025-09-21,SKU-0108,96,0,15,44.0
2025-09-28,SKU-0108,72,0,15,44.0
2025-10-05,SKU-0108,119,0,15,44.0
2025-10-12,SKU-0108,80,0,15,44.0
2025-10-19,SKU-0108,29,180,15,44.0
2025-10-26,SKU-0108,151,0,15,44.0
2025-11-02,SKU-0108,115,0,15,44.0
2025-11-09,SKU-0108,67,0,15,44.0
2025-11-16,SKU-0108,14,185,15,44.0
2025-11-23,SKU-0108,144,0,15,44.0
2025-11-30,SKU-0108,128,0,15,44.0
2025-12-07,SKU-0108,94,0,15,44.0
2025-12-14,SKU-0108,60,0,15,44.0
2025-12-21,SKU-0108,156,0,15,44.0
2025-12-28,SKU-0108,117,0,15,44.0
2026-01-04,SKU-0108,84,0,15,44.0
2026-01-11,SKU-0108,46,0,15,44.0
2026-01-18,SKU-0108,16,158,15,44.0
2026-01-25,SKU-0108,129,0,15,44.0
2026-02-01,SKU-0108,105,0,15,44.0
2026-02-08,SKU-0108,73,0,15,44.0
2026-02-15,SKU-0108,129,0,15,44.0
2026-02-22,SKU-0108,95,0,15,44.0
2026-03-01,SKU-0108,63,0,15,44.0
2026-03-08,SKU-0108,22,184,15,44.0
2026-03-15,SKU-0108,0,171,15,44.0
2026-03-22,SKU-0108,141,0,15,44.0
2026-03-29,SKU-0108,107,0,15,44.0
2026-04-05,SKU-0108,73,0,15,44.0
2026-04-12,SKU-0108,45,0,15,44.0
2026-04-19,SKU-0108,135,0,15,44.0
2026-04-26,SKU-0108,90,0,15,44.0
2026-05-03,SKU-0108,60,0,15,44.0
2026-05-10,SKU-0108,125,0,15,44.0
2026-05-17,SKU-0108,83,0,15,44.0
2026-05-24,SKU-0108,48,0,15,44.0
2026-05-31,SKU-0108,186,0,15,44.0
2026-06-07,SKU-0108,150,0,15,44.0
2026-06-14,SKU-0108,109,0,15,44.0
2026-06-21,SKU-0108,46,0,15,44.0
2026-06-28,SKU-0108,0,220,15,44.0
2026-07-05,SKU-0108,0,225,15,44.0
2026-07-12,SKU-0108,119,0,15,44.0
2026-07-19,SKU-0108,81,0,15,44.0
2026-07-26,SKU-0108,53,0,15,44.0
2026-08-02,SKU-0108,119,0,15,44.0
2026-08-09,SKU-0108,93,0,15,44.0
2026-08-16,SKU-0108,63,0,15,44.0
2026-08-23,SKU-0108,126,0,15,44.0
2026-08-30,SKU-0108,96,0,15,44.0
2025-02-02,SKU-0109,138,0,18,61.0
2025-02-09,SKU-0109,0,379,18,61.0
2025-02-16,SKU-0109,417,0,18,61.0
2025-02-23,SKU-0109,276,0,18,61.0
2025-03-02,SKU-0109,138,0,18,61.0
2025-03-09,SKU-0109,0,636,18,61.0
2025-03-16,SKU-0109,608,0,18,61.0
2025-03-23,SKU-0109,445,0,18,61.0
2025-03-30,SKU-0109,297,0,18,61.0
2025-04-06,SKU-0109,167,0,18,61.0
2025-04-13,SKU-0109,18,607,18,61.0
2025-04-20,SKU-0109,298,0,18,61.0
2025-04-27,SKU-0109,153,0,18,61.0
2025-05-04,SKU-0109,363,0,18,61.0
2025-05-11,SKU-0109,219,0,18,61.0
2025-05-18,SKU-0109,94,0,18,61.0
2025-05-25,SKU-0109,526,0,18,61.0
2025-06-01,SKU-0109,399,0,18,61.0
2025-06-08,SKU-0109,272,0,18,61.0
2025-06-15,SKU-0109,111,0,18,61.0
2025-06-22,SKU-0109,347,0,18,61.0
2025-06-29,SKU-0109,169,0,18,61.0
2025-07-06,SKU-0109,46,715,18,61.0
2025-07-13,SKU-0109,0,646,18,61.0
2025-07-20,SKU-0109,328,0,18,61.0
2025-07-27,SKU-0109,214,0,18,61.0
2025-08-03,SKU-0109,108,0,18,61.0
2025-08-10,SKU-0109,328,0,18,61.0
2025-08-17,SKU-0109,202,0,18,61.0
2025-08-24,SKU-0109,69,0,18,61.0
2025-08-31,SKU-0109,0,542,18,61.0
2025-09-07,SKU-0109,0,577,18,61.0
2025-09-14,SKU-0109,0,568,18,61.0
2025-09-21,SKU-0109,495,0,18,61.0
2025-09-28,SKU-0109,364,0,18,61.0
2025-10-05,SKU-0109,147,0,18,61.0
2025-10-12,SKU-0109,0,767,18,61.0
2025-10-19,SKU-0109,646,0,18,61.0
2025-10-26,SKU-0109,403,0,18,61.0
2025-11-02,SKU-0109,170,0,18,61.0
2025-11-09,SKU-0109,0,956,18,61.0
2025-11-16,SKU-0109,791,0,18,61.0
2025-11-23,SKU-0109,611,0,18,61.0
2025-11-30,SKU-0109,420,0,18,61.0
2025-12-07,SKU-0109,243,0,18,61.0
2025-12-14,SKU-0109,66,0,18,61.0
2025-12-21,SKU-0109,489,0,18,61.0
2025-12-28,SKU-0109,189,0,18,61.0
2026-01-04,SKU-0109,0,1036,18,61.0
2026-01-11,SKU-0109,0,1053,18,61.0
2026-01-18,SKU-0109,808,0,18,61.0
2026-01-25,SKU-0109,617,0,18,61.0
2026-02-01,SKU-0109,425,0,18,61.0
2026-02-08,SKU-0109,228,0,18,61.0
2026-02-15,SKU-0109,31,798,18,61.0
2026-02-22,SKU-0109,626,0,18,61.0
2026-03-01,SKU-0109,431,0,18,61.0
2026-03-08,SKU-0109,228,0,18,61.0
2026-03-15,SKU-0109,68,0,18,61.0
2026-03-22,SKU-0109,0,751,18,61.0
2026-03-29,SKU-0109,0,718,18,61.0
2026-04-05,SKU-0109,418,0,18,61.0
2026-04-12,SKU-0109,249,0,18,61.0
2026-04-19,SKU-0109,62,0,18,61.0
2026-04-26,SKU-0109,0,730,18,61.0
2026-05-03,SKU-0109,629,0,18,61.0
2026-05-10,SKU-0109,458,0,18,61.0
2026-05-17,SKU-0109,277,0,18,61.0
2026-05-24,SKU-0109,131,0,18,61.0
2026-05-31,SKU-0109,350,0,18,61.0
2026-06-07,SKU-0109,201,0,18,61.0
2026-06-14,SKU-0109,59,606,18,61.0
2026-06-21,SKU-0109,500,0,18,61.0
2026-06-28,SKU-0109,280,0,18,61.0
2026-07-05,SKU-0109,107,0,18,61.0
2026-07-12,SKU-0109,0,793,18,61.0
2026-07-19,SKU-0109,480,0,18,61.0
2026-07-26,SKU-0109,337,0,18,61.0
2026-08-02,SKU-0109,201,0,18,61.0
2026-08-09,SKU-0109,585,0,18,61.0
2026-08-16,SKU-0109,441,0,18,61.0
2026-08-23,SKU-0109,275,0,18,61.0
2026-08-30,SKU-0109,103,0,18,61.0
2024-11-24,SKU-0110,49,0,9,49.0
2024-12-01,SKU-0110,24,123,9,49.0
2024-12-08,SKU-0110,0,120,9,49.0
2024-12-15,SKU-0110,0,109,9,49.0
2024-12-22,SKU-0110,77,0,9,49.0
2024-12-29,SKU-0110,59,0,9,49.0
2025-01-05,SKU-0110,102,0,9,49.0
2025-01-12,SKU-0110,89,0,9,49.0
2025-01-19,SKU-0110,72,0,9,49.0
2025-01-26,SKU-0110,53,0,9,49.0
2025-02-02,SKU-0110,31,123,9,49.0
2025-02-09,SKU-0110,13,119,9,49.0
2025-02-16,SKU-0110,0,116,9,49.0
2025-02-23,SKU-0110,89,0,9,49.0
2025-03-02,SKU-0110,75,0,9,49.0
2025-03-09,SKU-0110,68,0,9,49.0
2025-03-16,SKU-0110,53,0,9,49.0
2025-03-23,SKU-0110,92,0,9,49.0
2025-03-30,SKU-0110,78,0,9,49.0
2025-04-06,SKU-0110,64,0,9,49.0
2025-04-13,SKU-0110,52,0,9,49.0
2025-04-20,SKU-0110,115,0,9,49.0
2025-04-27,SKU-0110,106,0,9,49.0
2025-05-04,SKU-0110,94,0,9,49.0
2025-05-11,SKU-0110,74,0,9,49.0
2025-05-18,SKU-0110,56,0,9,49.0
2025-05-25,SKU-0110,129,0,9,49.0
2025-06-01,SKU-0110,117,0,9,49.0
2025-06-08,SKU-0110,111,0,9,49.0
2025-06-15,SKU-0110,92,0,9,49.0
2025-06-22,SKU-0110,68,0,9,49.0
2025-06-29,SKU-0110,34,112,9,49.0
2025-07-06,SKU-0110,22,130,9,49.0
2025-07-13,SKU-0110,3,130,9,49.0
2025-07-20,SKU-0110,0,99,9,49.0
2025-07-27,SKU-0110,0,127,9,49.0
2025-08-03,SKU-0110,0,126,9,49.0
2025-08-10,SKU-0110,0,108,9,49.0
2025-08-17,SKU-0110,64,0,9,49.0
2025-08-24,SKU-0110,108,0,9,49.0
2025-08-31,SKU-0110,92,0,9,49.0
2025-09-07,SKU-0110,75,0,9,49.0
2025-09-14,SKU-0110,121,0,9,49.0
2025-09-21,SKU-0110,94,0,9,49.0
2025-09-28,SKU-0110,67,0,9,49.0
2025-10-05,SKU-0110,30,150,9,49.0
2025-10-12,SKU-0110,100,0,9,49.0
2025-10-19,SKU-0110,58,0,9,49.0
2025-10-26,SKU-0110,19,179,9,49.0
2025-11-02,SKU-0110,113,0,9,49.0
2025-11-09,SKU-0110,84,0,9,49.0
2025-11-16,SKU-0110,62,0,9,49.0
2025-11-23,SKU-0110,160,0,9,49.0
2025-11-30,SKU-0110,139,0,9,49.0
2025-12-07,SKU-0110,108,0,9,49.0
2025-12-14,SKU-0110,87,0,9,49.0
2025-12-21,SKU-0110,65,0,9,49.0
2025-12-28,SKU-0110,30,127,9,49.0
2026-01-04,SKU-0110,88,0,9,49.0
2026-01-11,SKU-0110,68,0,9,49.0
2026-01-18,SKU-0110,58,0,9,49.0
2026-01-25,SKU-0110,141,0,9,49.0
2026-02-01,SKU-0110,118,0,9,49.0
2026-02-08,SKU-0110,108,0,9,49.0
2026-02-15,SKU-0110,94,0,9,49.0
2026-02-22,SKU-0110,81,0,9,49.0
2026-03-01,SKU-0110,69,0,9,49.0
2026-03-08,SKU-0110,49,0,9,49.0
2026-03-15,SKU-0110,36,117,9,49.0
2026-03-22,SKU-0110,87,0,9,49.0
2026-03-29,SKU-0110,69,0,9,49.0
2026-04-05,SKU-0110,55,0,9,49.0
2026-04-12,SKU-0110,46,126,9,49.0
2026-04-19,SKU-0110,107,0,9,49.0
2026-04-26,SKU-0110,89,0,9,49.0
2026-05-03,SKU-0110,75,0,9,49.0
2026-05-10,SKU-0110,53,0,9,49.0
2026-05-17,SKU-0110,122,0,9,49.0
2026-05-24,SKU-0110,100,0,9,49.0
2026-05-31,SKU-0110,89,0,9,49.0
2026-06-07,SKU-0110,73,0,9,49.0
2026-06-14,SKU-0110,58,0,9,49.0
2026-06-21,SKU-0110,87,0,9,49.0
2026-06-28,SKU-0110,49,0,9,49.0
2026-07-05,SKU-0110,32,133,9,49.0
2026-07-12,SKU-0110,127,0,9,49.0
2026-07-19,SKU-0110,96,0,9,49.0
2026-07-26,SKU-0110,76,0,9,49.0
2026-08-02,SKU-0110,57,0,9,49.0
2026-08-09,SKU-0110,133,0,9,49.0
2026-08-16,SKU-0110,105,0,9,49.0
2026-08-23,SKU-0110,81,0,9,49.0
2026-08-30,SKU-0110,60,0,9,49.0
2024-06-30,SKU-0111,144,0,15,45.0
2024-07-07,SKU-0111,124,0,15,45.0
2024-07-14,SKU-0111,113,0,15,45.0
2024-07-21,SKU-0111,100,0,15,45.0
2024-07-28,SKU-0111,76,0,15,45.0
2024-08-04,SKU-0111,56,0,15,45.0
2024-08-11,SKU-0111,37,118,15,45.0
2024-08-18,SKU-0111,15,119,15,45.0
2024-08-25,SKU-0111,0,110,15,45.0
2024-09-01,SKU-0111,104,0,15,45.0
2024-09-08,SKU-0111,87,0,15,45.0
2024-09-15,SKU-0111,74,0,15,45.0
2024-09-22,SKU-0111,60,0,15,45.0
2024-09-29,SKU-0111,94,0,15,45.0
2024-10-06,SKU-0111,56,0,15,45.0
2024-10-13,SKU-0111,31,138,15,45.0
2024-10-20,SKU-0111,5,142,15,45.0
2024-10-27,SKU-0111,0,141,15,45.0
2024-11-03,SKU-0111,105,0,15,45.0
2024-11-10,SKU-0111,71,0,15,45.0
2024-11-17,SKU-0111,53,0,15,45.0
2024-11-24,SKU-0111,152,0,15,45.0
2024-12-01,SKU-0111,134,0,15,45.0
2024-12-08,SKU-0111,107,0,15,45.0
2024-12-15,SKU-0111,89,0,15,45.0
2024-12-22,SKU-0111,53,0,15,45.0
2024-12-29,SKU-0111,26,142,15,45.0
2025-01-05,SKU-0111,4,129,15,45.0
2025-01-12,SKU-0111,79,0,15,45.0
2025-01-19,SKU-0111,61,0,15,45.0
2025-01-26,SKU-0111,95,0,15,45.0
2025-02-02,SKU-0111,79,0,15,45.0
2025-02-09,SKU-0111,65,0,15,45.0
2025-02-16,SKU-0111,130,0,15,45.0
2025-02-23,SKU-0111,106,0,15,45.0
2025-03-02,SKU-0111,73,0,15,45.0
2025-03-09,SKU-0111,49,0,15,45.0
2025-03-16,SKU-0111,92,0,15,45.0
2025-03-23,SKU-0111,76,0,15,45.0
2025-03-30,SKU-0111,53,0,15,45.0
2025-04-06,SKU-0111,29,111,15,45.0
2025-04-13,SKU-0111,101,0,15,45.0
2025-04-20,SKU-0111,78,0,15,45.0
2025-04-27,SKU-0111,48,0,15,45.0
2025-05-04,SKU-0111,27,136,15,45.0
2025-05-11,SKU-0111,13,123,15,45.0
2025-05-18,SKU-0111,0,106,15,45.0
2025-05-25,SKU-0111,92,0,15,45.0
2025-06-01,SKU-0111,71,0,15,45.0
2025-06-08,SKU-0111,57,0,15,45.0
2025-06-15,SKU-0111,130,0,15,45.0
2025-06-22,SKU-0111,99,0,15,45.0
2025-06-29,SKU-0111,69,0,15,45.0
2025-07-06,SKU-0111,45,0,15,45.0
2025-07-13,SKU-0111,155,0,15,45.0
2025-07-20,SKU-0111,139,0,15,45.0
2025-07-27,SKU-0111,118,0,15,45.0
2025-08-03,SKU-0111,98,0,15,45.0
2025-08-10,SKU-0111,72,0,15,45.0
2025-08-17,SKU-0111,58,0,15,45.0
2025-08-24,SKU-0111,118,0,15,45.0
2025-08-31,SKU-0111,107,0,15,45.0
2025-09-07,SKU-0111,98,0,15,45.0
2025-09-14,SKU-0111,75,0,15,45.0
2025-09-21,SKU-0111,64,0,15,45.0
2025-09-28,SKU-0111,48,0,15,45.0
2025-10-05,SKU-0111,81,0,15,45.0
2025-10-12,SKU-0111,59,0,15,45.0
2025-10-19,SKU-0111,32,130,15,45.0
2025-10-26,SKU-0111,115,0,15,45.0
2025-11-02,SKU-0111,94,0,15,45.0
2025-11-09,SKU-0111,62,0,15,45.0
2025-11-16,SKU-0111,41,115,15,45.0
2025-11-23,SKU-0111,100,0,15,45.0
2025-11-30,SKU-0111,85,0,15,45.0
2025-12-07,SKU-0111,77,0,15,45.0
2025-12-14,SKU-0111,63,0,15,45.0
2025-12-21,SKU-0111,45,0,15,45.0
2025-12-28,SKU-0111,17,109,15,45.0
2026-01-04,SKU-0111,89,0,15,45.0
2026-01-11,SKU-0111,78,0,15,45.0
2026-01-18,SKU-0111,57,0,15,45.0
2026-01-25,SKU-0111,45,0,15,45.0
2026-02-01,SKU-0111,28,111,15,45.0
2026-02-08,SKU-0111,65,0,15,45.0
2026-02-15,SKU-0111,54,0,15,45.0
2026-02-22,SKU-0111,42,100,15,45.0
2026-03-01,SKU-0111,89,0,15,45.0
2026-03-08,SKU-0111,74,0,15,45.0
2026-03-15,SKU-0111,60,0,15,45.0
2026-03-22,SKU-0111,50,0,15,45.0
2026-03-29,SKU-0111,91,0,15,45.0
2026-04-05,SKU-0111,82,0,15,45.0
2026-04-12,SKU-0111,63,0,15,45.0
2026-04-19,SKU-0111,113,0,15,45.0
2026-04-26,SKU-0111,96,0,15,45.0
2026-05-03,SKU-0111,82,0,15,45.0
2026-05-10,SKU-0111,67,0,15,45.0
2026-05-17,SKU-0111,45,0,15,45.0
2026-05-24,SKU-0111,79,0,15,45.0
2026-05-31,SKU-0111,59,0,15,45.0
2026-06-07,SKU-0111,46,0,15,45.0
2026-06-14,SKU-0111,26,103,15,45.0
2026-06-21,SKU-0111,0,98,15,45.0
2026-06-28,SKU-0111,107,0,15,45.0
2026-07-05,SKU-0111,90,0,15,45.0
2026-07-12,SKU-0111,79,0,15,45.0
2026-07-19,SKU-0111,70,0,15,45.0
2026-07-26,SKU-0111,65,0,15,45.0
2026-08-02,SKU-0111,53,0,15,45.0
2026-08-09,SKU-0111,49,0,15,45.0
2026-08-16,SKU-0111,98,0,15,45.0
2026-08-23,SKU-0111,87,0,15,45.0
2026-08-30,SKU-0111,77,0,15,45.0
2024-12-29,SKU-0112,65,0,21,35.0
2025-01-05,SKU-0112,36,0,21,35.0
2025-01-12,SKU-0112,1,191,21,35.0
2025-01-19,SKU-0112,0,174,21,35.0
2025-01-26,SKU-0112,0,177,21,35.0
2025-02-02,SKU-0112,102,0,21,35.0
2025-02-09,SKU-0112,53,0,21,35.0
2025-02-16,SKU-0112,10,232,21,35.0
2025-02-23,SKU-0112,0,212,21,35.0
2025-03-02,SKU-0112,179,0,21,35.0
2025-03-09,SKU-0112,142,0,21,35.0
2025-03-16,SKU-0112,102,0,21,35.0
2025-03-23,SKU-0112,57,0,21,35.0
2025-03-30,SKU-0112,175,0,21,35.0
2025-04-06,SKU-0112,122,0,21,35.0
2025-04-13,SKU-0112,73,0,21,35.0
2025-04-20,SKU-0112,218,0,21,35.0
2025-04-27,SKU-0112,177,0,21,35.0
2025-05-04,SKU-0112,137,0,21,35.0
2025-05-11,SKU-0112,84,0,21,35.0
2025-05-18,SKU-0112,144,0,21,35.0
2025-05-25,SKU-0112,101,0,21,35.0
2025-06-01,SKU-0112,58,0,21,35.0
2025-06-08,SKU-0112,15,221,21,35.0
2025-06-15,SKU-0112,0,219,21,35.0
2025-06-22,SKU-0112,0,245,21,35.0
2025-06-29,SKU-0112,0,266,21,35.0
2025-07-06,SKU-0112,140,0,21,35.0
2025-07-13,SKU-0112,100,0,21,35.0
2025-07-20,SKU-0112,56,0,21,35.0
2025-07-27,SKU-0112,9,201,21,35.0
2025-08-03,SKU-0112,174,0,21,35.0
2025-08-10,SKU-0112,130,0,21,35.0
2025-08-17,SKU-0112,92,0,21,35.0
2025-08-24,SKU-0112,49,0,21,35.0
2025-08-31,SKU-0112,187,0,21,35.0
2025-09-07,SKU-0112,148,0,21,35.0
2025-09-14,SKU-0112,117,0,21,35.0
2025-09-21,SKU-0112,80,0,21,35.0
2025-09-28,SKU-0112,46,0,21,35.0
2025-10-05,SKU-0112,3,177,21,35.0
2025-10-12,SKU-0112,180,0,21,35.0
2025-10-19,SKU-0112,135,0,21,35.0
2025-10-26,SKU-0112,84,0,21,35.0
2025-11-02,SKU-0112,35,0,21,35.0
2025-11-09,SKU-0112,144,0,21,35.0
2025-11-16,SKU-0112,98,0,21,35.0
2025-11-23,SKU-0112,60,0,21,35.0
2025-11-30,SKU-0112,19,223,21,35.0
2025-12-07,SKU-0112,0,176,21,35.0
2025-12-14,SKU-0112,163,0,21,35.0
2025-12-21,SKU-0112,98,0,21,35.0
2025-12-28,SKU-0112,42,0,21,35.0
2026-01-04,SKU-0112,232,0,21,35.0
2026-01-11,SKU-0112,184,0,21,35.0
2026-01-18,SKU-0112,141,0,21,35.0
2026-01-25,SKU-0112,102,0,21,35.0
2026-02-01,SKU-0112,52,0,21,35.0
2026-02-08,SKU-0112,21,204,21,35.0
2026-02-15,SKU-0112,0,205,21,35.0
2026-02-22,SKU-0112,0,196,21,35.0
2026-03-01,SKU-0112,105,0,21,35.0
2026-03-08,SKU-0112,71,0,21,35.0
2026-03-15,SKU-0112,14,222,21,35.0
2026-03-22,SKU-0112,195,0,21,35.0
2026-03-29,SKU-0112,149,0,21,35.0
2026-04-05,SKU-0112,89,0,21,35.0
2026-04-12,SKU-0112,37,0,21,35.0
2026-04-19,SKU-0112,0,217,21,35.0
2026-04-26,SKU-0112,0,222,21,35.0
2026-05-03,SKU-0112,0,235,21,35.0
2026-05-10,SKU-0112,173,0,21,35.0
2026-05-17,SKU-0112,121,0,21,35.0
2026-05-24,SKU-0112,82,0,21,35.0
2026-05-31,SKU-0112,12,262,21,35.0
2026-06-07,SKU-0112,176,0,21,35.0
2026-06-14,SKU-0112,115,0,21,35.0
2026-06-21,SKU-0112,28,305,21,35.0
2026-06-28,SKU-0112,216,0,21,35.0
2026-07-05,SKU-0112,160,0,21,35.0
2026-07-12,SKU-0112,111,0,21,35.0
2026-07-19,SKU-0112,78,0,21,35.0
2026-07-26,SKU-0112,41,0,21,35.0
2026-08-02,SKU-0112,161,0,21,35.0
2026-08-09,SKU-0112,132,0,21,35.0
2026-08-16,SKU-0112,83,0,21,35.0
2026-08-23,SKU-0112,42,0,21,35.0
2026-08-30,SKU-0112,128,0,21,35.0
2024-02-11,SKU-0113,64,0,11,53.0
2024-02-18,SKU-0113,44,121,11,53.0
2024-02-25,SKU-0113,21,108,11,53.0
2024-03-03,SKU-0113,93,0,11,53.0
2024-03-10,SKU-0113,81,0,11,53.0
2024-03-17,SKU-0113,66,0,11,53.0
2024-03-24,SKU-0113,43,109,11,53.0
2024-03-31,SKU-0113,100,0,11,53.0
2024-04-07,SKU-0113,84,0,11,53.0
2024-04-14,SKU-0113,64,0,11,53.0
2024-04-21,SKU-0113,165,0,11,53.0
2024-04-28,SKU-0113,142,0,11,53.0
2024-05-05,SKU-0113,125,0,11,53.0
2024-05-12,SKU-0113,107,0,11,53.0
2024-05-19,SKU-0113,85,0,11,53.0
2024-05-26,SKU-0113,71,0,11,53.0
2024-06-02,SKU-0113,42,111,11,53.0
2024-06-09,SKU-0113,120,0,11,53.0
2024-06-16,SKU-0113,97,0,11,53.0
2024-06-23,SKU-0113,63,0,11,53.0
2024-06-30,SKU-0113,28,135,11,53.0
2024-07-07,SKU-0113,6,124,11,53.0
2024-07-14,SKU-0113,89,0,11,53.0
2024-07-21,SKU-0113,64,0,11,53.0
2024-07-28,SKU-0113,53,0,11,53.0
2024-08-04,SKU-0113,158,0,11,53.0
2024-08-11,SKU-0113,140,0,11,53.0
2024-08-18,SKU-0113,119,0,11,53.0
2024-08-25,SKU-0113,100,0,11,53.0
2024-09-01,SKU-0113,89,0,11,53.0
2024-09-08,SKU-0113,76,0,11,53.0
2024-09-15,SKU-0113,59,0,11,53.0
2024-09-22,SKU-0113,120,0,11,53.0
2024-09-29,SKU-0113,108,0,11,53.0
2024-10-06,SKU-0113,93,0,11,53.0
2024-10-13,SKU-0113,71,0,11,53.0
2024-10-20,SKU-0113,53,0,11,53.0
2024-10-27,SKU-0113,133,0,11,
2024-11-03,SKU-0113,111,0,11,53.0
2024-11-10,SKU-0113,100,0,11,53.0
2024-11-17,SKU-0113,90,0,11,53.0
2024-11-24,SKU-0113,82,0,11,53.0
2024-12-01,SKU-0113,70,0,11,53.0
2024-12-08,SKU-0113,66,0,11,53.0
2024-12-15,SKU-0113,47,121,11,53.0
2024-12-22,SKU-0113,21,107,11,53.0
2024-12-29,SKU-0113,108,0,11,53.0
2025-01-05,SKU-0113,85,0,11,53.0
2025-01-12,SKU-0113,70,0,11,53.0
2025-01-19,SKU-0113,52,134,11,53.0
2025-01-26,SKU-0113,103,0,11,53.0
2025-02-02,SKU-0113,90,0,11,53.0
2025-02-09,SKU-0113,70,0,11,53.0
2025-02-16,SKU-0113,47,117,11,53.0
2025-02-23,SKU-0113,110,0,11,53.0
2025-03-02,SKU-0113,81,0,11,53.0
2025-03-09,SKU-0113,70,0,11,53.0
2025-03-16,SKU-0113,60,0,11,53.0
2025-03-23,SKU-0113,106,0,11,53.0
2025-03-30,SKU-0113,82,0,11,53.0
2025-04-06,SKU-0113,65,0,11,53.0
2025-04-13,SKU-0113,99,0,11,53.0
2025-04-20,SKU-0113,86,0,11,53.0
2025-04-27,SKU-0113,60,0,11,53.0
2025-05-04,SKU-0113,103,0,11,53.0
2025-05-11,SKU-0113,92,0,11,53.0
2025-05-18,SKU-0113,67,0,11,53.0
2025-05-25,SKU-0113,56,0,11,53.0
2025-06-01,SKU-0113,39,121,11,53.0
2025-06-08,SKU-0113,27,130,11,53.0
2025-06-15,SKU-0113,11,121,11,53.0
2025-06-22,SKU-0113,0,111,11,53.0
2025-06-29,SKU-0113,85,0,11,53.0
2025-07-06,SKU-0113,63,0,11,53.0
2025-07-13,SKU-0113,54,0,11,53.0
2025-07-20,SKU-0113,171,0,11,53.0
2025-07-27,SKU-0113,168,0,11,53.0
2025-08-03,SKU-0113,162,0,11,53.0
2025-08-10,SKU-0113,140,0,11,53.0
2025-08-17,SKU-0113,137,0,11,53.0
2025-08-24,SKU-0113,122,0,11,53.0
2025-08-31,SKU-0113,116,0,11,53.0
2025-09-07,SKU-0113,102,0,11,53.0
2025-09-14,SKU-0113,93,0,11,53.0
2025-09-21,SKU-0113,80,0,11,53.0
2025-09-28,SKU-0113,71,0,11,53.0
2025-10-05,SKU-0113,49,107,11,53.0
2025-10-12,SKU-0113,34,126,11,53.0
2025-10-19,SKU-0113,143,0,11,53.0
2025-10-26,SKU-0113,128,0,11,53.0
2025-11-02,SKU-0113,110,0,11,53.0
2025-11-09,SKU-0113,95,0,11,53.0
2025-11-16,SKU-0113,77,0,11,53.0
2025-11-23,SKU-0113,72,0,11,53.0
2025-11-30,SKU-0113,51,118,11,53.0
2025-12-07,SKU-0113,41,128,11,53.0
2025-12-14,SKU-0113,28,113,11,53.0
2025-12-21,SKU-0113,82,0,11,53.0
2025-12-28,SKU-0113,54,0,11,53.0
2026-01-04,SKU-0113,117,0,11,53.0
2026-01-11,SKU-0113,106,0,11,53.0
2026-01-18,SKU-0113,103,0,11,53.0
2026-01-25,SKU-0113,95,0,11,53.0
2026-02-01,SKU-0113,78,0,11,53.0
2026-02-08,SKU-0113,54,0,11,53.0
2026-02-15,SKU-0113,33,111,11,53.0
2026-02-22,SKU-0113,26,112,11,53.0
2026-03-01,SKU-0113,81,0,11,53.0
2026-03-08,SKU-0113,56,0,11,53.0
2026-03-15,SKU-0113,117,0,11,53.0
2026-03-22,SKU-0113,104,0,11,53.0
2026-03-29,SKU-0113,81,0,11,53.0
2026-04-05,SKU-0113,71,0,11,53.0
2026-04-12,SKU-0113,56,0,11,53.0
2026-04-19,SKU-0113,153,0,11,53.0
2026-04-26,SKU-0113,135,0,11,53.0
2026-05-03,SKU-0113,114,0,11,53.0
2026-05-10,SKU-0113,98,0,11,53.0
2026-05-17,SKU-0113,80,0,11,53.0
2026-05-24,SKU-0113,68,0,11,53.0
2026-05-31,SKU-0113,54,0,11,53.0
2026-06-07,SKU-0113,51,120,11,53.0
2026-06-14,SKU-0113,36,117,11,53.0
2026-06-21,SKU-0113,110,0,11,53.0
2026-06-28,SKU-0113,85,0,11,53.0
2026-07-05,SKU-0113,76,0,11,53.0
2026-07-12,SKU-0113,70,0,11,53.0
2026-07-19,SKU-0113,61,0,11,53.0
2026-07-26,SKU-0113,53,0,11,53.0
2026-08-02,SKU-0113,40,127,11,53.0
2026-08-09,SKU-0113,137,0,11,53.0
2026-08-16,SKU-0113,131,0,11,53.0
2026-08-23,SKU-0113,121,0,11,53.0
2026-08-30,SKU-0113,115,0,11,53.0
2024-12-15,SKU-0114,109,0,22,54.0
2024-12-22,SKU-0114,71,0,22,54.0
2024-12-29,SKU-0114,143,0,22,54.0
2025-01-05,SKU-0114,111,0,22,54.0
2025-01-12,SKU-0114,87,0,22,54.0
2025-01-19,SKU-0114,47,181,22,54.0
2025-01-26,SKU-0114,19,139,22,54.0
2025-02-02,SKU-0114,0,169,22,54.0
2025-02-09,SKU-0114,154,0,22,54.0
2025-02-16,SKU-0114,133,0,22,54.0
2025-02-23,SKU-0114,95,0,22,54.0
2025-03-02,SKU-0114,76,0,22,54.0
2025-03-09,SKU-0114,148,0,22,54.0
2025-03-16,SKU-0114,126,0,22,54.0
2025-03-23,SKU-0114,83,0,22,54.0
2025-03-30,SKU-0114,203,0,22,54.0
2025-04-06,SKU-0114,178,0,22,54.0
2025-04-13,SKU-0114,138,0,22,54.0
2025-04-20,SKU-0114,97,0,22,54.0
2025-04-27,SKU-0114,62,0,22,54.0
2025-05-04,SKU-0114,161,0,22,54.0
2025-05-11,SKU-0114,135,0,22,54.0
2025-05-18,SKU-0114,102,0,22,54.0
2025-05-25,SKU-0114,60,0,22,54.0
2025-06-01,SKU-0114,118,0,22,54.0
2025-06-08,SKU-0114,72,0,22,54.0
2025-06-15,SKU-0114,166,0,22,54.0
2025-06-22,SKU-0114,105,0,22,54.0
2025-06-29,SKU-0114,202,0,22,54.0
2025-07-06,SKU-0114,161,0,22,54.0
2025-07-13,SKU-0114,124,0,22,54.0
2025-07-20,SKU-0114,87,0,22,54.0
2025-07-27,SKU-0114,50,171,22,54.0
2025-08-03,SKU-0114,17,157,22,54.0
2025-08-10,SKU-0114,134,0,22,54.0
2025-08-17,SKU-0114,92,0,22,54.0
2025-08-24,SKU-0114,56,0,22,54.0
2025-08-31,SKU-0114,14,189,22,54.0
2025-09-07,SKU-0114,165,0,22,54.0
2025-09-14,SKU-0114,140,0,22,54.0
2025-09-21,SKU-0114,99,0,22,54.0
2025-09-28,SKU-0114,66,0,22,54.0
2025-10-05,SKU-0114,138,0,22,54.0
2025-10-12,SKU-0114,89,0,22,54.0
2025-10-19,SKU-0114,36,205,22,54.0
2025-10-26,SKU-0114,217,0,22,54.0
2025-11-02,SKU-0114,167,0,22,54.0
2025-11-09,SKU-0114,127,0,22,54.0
2025-11-16,SKU-0114,73,0,22,54.0
2025-11-23,SKU-0114,44,200,22,54.0
2025-11-30,SKU-0114,20,188,22,54.0
2025-12-07,SKU-0114,0,156,22,54.0
2025-12-14,SKU-0114,69,0,22,54.0
2025-12-21,SKU-0114,22,136,22,54.0
2025-12-28,SKU-0114,133,0,22,54.0
2026-01-04,SKU-0114,103,0,22,54.0
2026-01-11,SKU-0114,78,0,22,54.0
2026-01-18,SKU-0114,51,143,22,54.0
2026-01-25,SKU-0114,41,133,22,54.0
2026-02-01,SKU-0114,82,0,22,54.0
2026-02-08,SKU-0114,175,0,22,54.0
2026-02-15,SKU-0114,153,0,22,54.0
2026-02-22,SKU-0114,129,0,22,54.0
2026-03-01,SKU-0114,107,0,22,54.0
2026-03-08,SKU-0114,72,0,22,54.0
2026-03-15,SKU-0114,44,137,22,54.0
2026-03-22,SKU-0114,10,166,22,54.0
2026-03-29,SKU-0114,0,157,22,54.0
2026-04-05,SKU-0114,0,154,22,54.0
2026-04-12,SKU-0114,141,0,22,54.0
2026-04-19,SKU-0114,116,0,22,
2026-04-26,SKU-0114,90,0,22,54.0
2026-05-03,SKU-0114,57,0,22,54.0
2026-05-10,SKU-0114,111,0,22,54.0
2026-05-17,SKU-0114,72,0,22,54.0
2026-05-24,SKU-0114,30,196,22,54.0
2026-05-31,SKU-0114,206,0,22,54.0
2026-06-07,SKU-0114,167,0,22,54.0
2026-06-14,SKU-0114,121,0,22,54.0
2026-06-21,SKU-0114,54,0,22,54.0
2026-06-28,SKU-0114,0,259,22,54.0
2026-07-05,SKU-0114,236,0,22,54.0
2026-07-12,SKU-0114,193,0,22,54.0
2026-07-19,SKU-0114,153,0,22,54.0
2026-07-26,SKU-0114,113,0,22,54.0
2026-08-02,SKU-0114,75,0,22,54.0
2026-08-09,SKU-0114,34,198,22,54.0
2026-08-16,SKU-0114,0,192,22,54.0
2026-08-23,SKU-0114,111,0,22,54.0
2026-08-30,SKU-0114,78,0,22,54.0
2024-11-10,SKU-0115,71,0,23,20.0
2024-11-17,SKU-0115,0,331,23,20.0
2024-11-24,SKU-0115,297,0,23,20.0
2024-12-01,SKU-0115,244,0,23,20.0
2024-12-08,SKU-0115,188,0,23,20.0
2024-12-15,SKU-0115,135,0,23,20.0
2024-12-22,SKU-0115,44,0,23,20.0
2024-12-29,SKU-0115,176,0,23,20.0
2025-01-05,SKU-0115,77,0,23,20.0
2025-01-12,SKU-0115,252,0,23,20.0
2025-01-19,SKU-0115,191,0,23,20.0
2025-01-26,SKU-0115,117,0,23,20.0
2025-02-02,SKU-0115,50,0,23,20.0
2025-02-09,SKU-0115,187,0,23,20.0
2025-02-16,SKU-0115,128,0,23,20.0
2025-02-23,SKU-0115,57,0,23,20.0
2025-03-02,SKU-0115,170,0,23,20.0
2025-03-09,SKU-0115,111,0,23,20.0
2025-03-16,SKU-0115,62,0,23,20.0
2025-03-23,SKU-0115,2,258,23,20.0
2025-03-30,SKU-0115,239,0,23,20.0
2025-04-06,SKU-0115,177,0,23,20.0
2025-04-13,SKU-0115,111,0,23,20.0
2025-04-20,SKU-0115,48,0,23,20.0
2025-04-27,SKU-0115,176,0,23,20.0
2025-05-04,SKU-0115,111,0,23,20.0
2025-05-11,SKU-0115,69,0,23,20.0
2025-05-18,SKU-0115,29,0,23,20.0
2025-05-25,SKU-0115,0,240,23,20.0
2025-06-01,SKU-0115,222,0,23,20.0
2025-06-08,SKU-0115,168,0,23,20.0
2025-06-15,SKU-0115,115,0,23,20.0
2025-06-22,SKU-0115,31,0,23,20.0
2025-06-29,SKU-0115,248,0,23,20.0
2025-07-06,SKU-0115,180,0,23,20.0
2025-07-13,SKU-0115,145,0,23,20.0
2025-07-20,SKU-0115,100,0,23,20.0
2025-07-27,SKU-0115,59,0,23,20.0
2025-08-03,SKU-0115,21,0,23,20.0
2025-08-10,SKU-0115,98,0,23,20.0
2025-08-17,SKU-0115,45,0,23,20.0
2025-08-24,SKU-0115,175,0,23,20.0
2025-08-31,SKU-0115,112,0,23,20.0
2025-09-07,SKU-0115,81,0,23,20.0
2025-09-14,SKU-0115,26,0,23,20.0
2025-09-21,SKU-0115,221,0,23,20.0
2025-09-28,SKU-0115,182,0,23,20.0
2025-10-05,SKU-0115,106,0,23,20.0
2025-10-12,SKU-0115,10,294,23,20.0
2025-10-19,SKU-0115,190,0,23,20.0
2025-10-26,SKU-0115,95,0,23,20.0
2025-11-02,SKU-0115,7,409,23,20.0
2025-11-09,SKU-0115,378,0,23,20.0
2025-11-16,SKU-0115,282,0,23,20.0
2025-11-23,SKU-0115,241,0,23,20.0
2025-11-30,SKU-0115,166,0,23,20.0
2025-12-07,SKU-0115,85,0,23,20.0
2025-12-14,SKU-0115,32,0,23,20.0
2025-12-21,SKU-0115,0,319,23,20.0
2025-12-28,SKU-0115,0,344,23,20.0
2026-01-04,SKU-0115,330,0,23,20.0
2026-01-11,SKU-0115,283,0,23,20.0
2026-01-18,SKU-0115,188,0,23,20.0
2026-01-25,SKU-0115,115,0,23,20.0
2026-02-01,SKU-0115,35,0,23,20.0
2026-02-08,SKU-0115,0,368,23,20.0
2026-02-15,SKU-0115,0,333,23,20.0
2026-02-22,SKU-0115,182,0,23,20.0
2026-03-01,SKU-0115,108,0,23,20.0
2026-03-08,SKU-0115,21,0,23,20.0
2026-03-15,SKU-0115,212,0,23,20.0
2026-03-22,SKU-0115,177,0,23,20.0
2026-03-29,SKU-0115,103,0,23,20.0
2026-04-05,SKU-0115,40,0,23,20.0
2026-04-12,SKU-0115,0,257,23,20.0
2026-04-19,SKU-0115,238,0,23,20.0
2026-04-26,SKU-0115,186,0,23,20.0
2026-05-03,SKU-0115,109,0,23,20.0
2026-05-10,SKU-0115,44,0,23,20.0
2026-05-17,SKU-0115,161,0,23,20.0
2026-05-24,SKU-0115,103,0,23,20.0
2026-05-31,SKU-0115,46,0,23,20.0
2026-06-07,SKU-0115,0,264,23,20.0
2026-06-14,SKU-0115,0,238,23,20.0
2026-06-21,SKU-0115,260,0,23,20.0
2026-06-28,SKU-0115,149,0,23,20.0
2026-07-05,SKU-0115,89,0,23,20.0
2026-07-12,SKU-0115,11,358,23,20.0
2026-07-19,SKU-0115,0,333,23,20.0
2026-07-26,SKU-0115,0,250,23,20.0
2026-08-02,SKU-0115,0,246,23,20.0
2026-08-09,SKU-0115,204,0,23,20.0
2026-08-16,SKU-0115,144,0,23,20.0
2026-08-23,SKU-0115,89,0,23,20.0
2026-08-30,SKU-0115,29,0,23,20.0
2024-02-18,SKU-0116,153,0,15,53.0
2024-02-25,SKU-0116,106,0,15,53.0
2024-03-03,SKU-0116,82,0,15,53.0
2024-03-10,SKU-0116,50,152,15,53.0
2024-03-17,SKU-0116,169,0,15,53.0
2024-03-24,SKU-0116,118,0,15,53.0
2024-03-31,SKU-0116,81,0,15,53.0
2024-04-07,SKU-0116,158,0,15,53.0
2024-04-14,SKU-0116,100,0,15,53.0
2024-04-21,SKU-0116,216,0,15,53.0
2024-04-28,SKU-0116,163,0,15,53.0
2024-05-05,SKU-0116,117,0,15,53.0
2024-05-12,SKU-0116,64,0,15,53.0
2024-05-19,SKU-0116,166,0,15,53.0
2024-05-26,SKU-0116,103,0,15,53.0
2024-06-02,SKU-0116,41,258,15,53.0
2024-06-09,SKU-0116,219,0,15,53.0
2024-06-16,SKU-0116,142,0,15,53.0
2024-06-23,SKU-0116,66,0,15,53.0
2024-06-30,SKU-0116,216,0,15,53.0
2024-07-07,SKU-0116,150,0,15,53.0
2024-07-14,SKU-0116,71,0,15,53.0
2024-07-21,SKU-0116,13,307,15,53.0
2024-07-28,SKU-0116,0,284,15,53.0
2024-08-04,SKU-0116,169,0,15,53.0
2024-08-11,SKU-0116,112,0,15,53.0
2024-08-18,SKU-0116,64,0,15,53.0
2024-08-25,SKU-0116,16,264,15,53.0
2024-09-01,SKU-0116,141,0,15,53.0
2024-09-08,SKU-0116,93,0,15,53.0
2024-09-15,SKU-0116,24,275,15,53.0
2024-09-22,SKU-0116,142,0,15,53.0
2024-09-29,SKU-0116,79,0,15,53.0
2024-10-06,SKU-0116,174,0,15,53.0
2024-10-13,SKU-0116,93,0,15,53.0
2024-10-20,SKU-0116,10,326,15,53.0
2024-10-27,SKU-0116,0,364,15,53.0
2024-11-03,SKU-0116,0,349,15,53.0
2024-11-10,SKU-0116,0,331,15,53.0
2024-11-17,SKU-0116,0,287,15,53.0
2024-11-24,SKU-0116,151,0,15,53.0
2024-12-01,SKU-0116,108,0,15,53.0
2024-12-08,SKU-0116,80,0,15,53.0
2024-12-15,SKU-0116,32,204,15,53.0
2024-12-22,SKU-0116,0,231,15,53.0
2024-12-29,SKU-0116,182,0,15,
2025-01-05,SKU-0116,132,0,15,53.0
2025-01-12,SKU-0116,94,0,15,53.0
2025-01-19,SKU-0116,46,252,15,53.0
2025-01-26,SKU-0116,191,0,15,53.0
2025-02-02,SKU-0116,155,0,15,53.0
2025-02-09,SKU-0116,116,0,15,53.0
2025-02-16,SKU-0116,65,0,15,53.0
2025-02-23,SKU-0116,182,0,15,53.0
2025-03-02,SKU-0116,130,0,15,53.0
2025-03-09,SKU-0116,81,0,15,53.0
2025-03-16,SKU-0116,228,0,15,53.0
2025-03-23,SKU-0116,174,0,15,53.0
2025-03-30,SKU-0116,130,0,15,53.0
2025-04-06,SKU-0116,98,0,15,53.0
2025-04-13,SKU-0116,49,223,15,53.0
2025-04-20,SKU-0116,163,0,15,53.0
2025-04-27,SKU-0116,125,0,15,53.0
2025-05-04,SKU-0116,87,0,15,53.0
2025-05-11,SKU-0116,24,204,15,53.0
2025-05-18,SKU-0116,205,0,15,53.0
2025-05-25,SKU-0116,149,0,15,53.0
2025-06-01,SKU-0116,88,0,15,53.0
2025-06-08,SKU-0116,236,0,15,53.0
2025-06-15,SKU-0116,166,0,15,53.0
2025-06-22,SKU-0116,75,0,15,53.0
2025-06-29,SKU-0116,0,330,15,53.0
2025-07-06,SKU-0116,0,312,15,53.0
2025-07-13,SKU-0116,0,319,15,53.0
2025-07-20,SKU-0116,0,291,15,53.0
2025-07-27,SKU-0116,0,275,15,53.0
2025-08-03,SKU-0116,0,296,15,53.0
2025-08-10,SKU-0116,0,290,15,53.0
2025-08-17,SKU-0116,0,276,15,53.0
2025-08-24,SKU-0116,0,264,15,53.0
2025-08-31,SKU-0116,205,0,15,53.0
2025-09-07,SKU-0116,144,0,15,53.0
2025-09-14,SKU-0116,96,0,15,53.0
2025-09-21,SKU-0116,40,258,15,53.0
2025-09-28,SKU-0116,214,0,15,53.0
2025-10-05,SKU-0116,152,0,15,53.0
2025-10-12,SKU-0116,53,0,15,53.0
2025-10-19,SKU-0116,235,0,15,53.0
2025-10-26,SKU-0116,150,0,15,53.0
2025-11-02,SKU-0116,57,0,15,53.0
2025-11-09,SKU-0116,0,379,15,53.0
2025-11-16,SKU-0116,307,0,15,53.0
2025-11-23,SKU-0116,258,0,15,53.0
2025-11-30,SKU-0116,201,0,15,53.0
2025-12-07,SKU-0116,159,0,15,53.0
2025-12-14,SKU-0116,121,0,15,53.0
2025-12-21,SKU-0116,52,234,15,53.0
2025-12-28,SKU-0116,121,0,15,53.0
2026-01-04,SKU-0116,71,0,15,53.0
2026-01-11,SKU-0116,246,0,15,53.0
2026-01-18,SKU-0116,199,0,15,53.0
2026-01-25,SKU-0116,152,0,15,53.0
2026-02-01,SKU-0116,110,0,15,53.0
2026-02-08,SKU-0116,69,0,15,53.0
2026-02-15,SKU-0116,15,211,15,53.0
2026-02-22,SKU-0116,0,212,15,53.0
2026-03-01,SKU-0116,0,208,15,53.0
2026-03-08,SKU-0116,0,206,15,53.0
2026-03-15,SKU-0116,0,214,15,53.0
2026-03-22,SKU-0116,0,214,15,53.0
2026-03-29,SKU-0116,0,228,15,53.0
2026-04-05,SKU-0116,0,234,15,53.0
2026-04-12,SKU-0116,179,0,15,53.0
2026-04-19,SKU-0116,123,0,15,53.0
2026-04-26,SKU-0116,74,0,15,53.0
2026-05-03,SKU-0116,227,0,15,53.0
2026-05-10,SKU-0116,175,0,15,53.0
2026-05-17,SKU-0116,127,0,15,53.0
2026-05-24,SKU-0116,75,0,15,53.0
2026-05-31,SKU-0116,267,0,15,53.0
2026-06-07,SKU-0116,189,0,15,53.0
2026-06-14,SKU-0116,140,0,15,53.0
2026-06-21,SKU-0116,51,302,15,53.0
2026-06-28,SKU-0116,0,354,15,53.0
2026-07-05,SKU-0116,0,350,15,53.0
2026-07-12,SKU-0116,282,0,15,53.0
2026-07-19,SKU-0116,215,0,15,53.0
2026-07-26,SKU-0116,162,0,15,53.0
2026-08-02,SKU-0116,101,0,15,53.0
2026-08-09,SKU-0116,225,0,15,53.0
2026-08-16,SKU-0116,168,0,15,53.0
2026-08-23,SKU-0116,104,0,15,53.0
2026-08-30,SKU-0116,300,0,15,53.0
2024-10-06,SKU-0117,66,0,19,47.0
2024-10-13,SKU-0117,0,276,19,47.0
2024-10-20,SKU-0117,0,348,19,47.0
2024-10-27,SKU-0117,212,0,19,47.0
2024-11-03,SKU-0117,88,0,19,47.0
2024-11-10,SKU-0117,410,0,19,47.0
2024-11-17,SKU-0117,279,0,19,47.0
2024-11-24,SKU-0117,190,0,19,47.0
2024-12-01,SKU-0117,96,0,19,47.0
2024-12-08,SKU-0117,5,439,19,47.0
2024-12-15,SKU-0117,0,418,19,47.0
2024-12-22,SKU-0117,271,0,19,47.0
2024-12-29,SKU-0117,111,0,19,47.0
2025-01-05,SKU-0117,0,579,19,47.0
2025-01-12,SKU-0117,430,0,19,47.0
2025-01-19,SKU-0117,320,0,19,47.0
2025-01-26,SKU-0117,204,0,19,47.0
2025-02-02,SKU-0117,90,0,19,47.0
2025-02-09,SKU-0117,246,0,19,47.0
2025-02-16,SKU-0117,131,0,19,47.0
2025-02-23,SKU-0117,343,0,19,47.0
2025-03-02,SKU-0117,220,0,19,47.0
2025-03-09,SKU-0117,107,0,19,47.0
2025-03-16,SKU-0117,0,478,19,47.0
2025-03-23,SKU-0117,402,0,19,47.0
2025-03-30,SKU-0117,306,0,19,47.0
2025-04-06,SKU-0117,230,0,19,47.0
2025-04-13,SKU-0117,131,0,19,47.0
2025-04-20,SKU-0117,429,0,19,47.0
2025-04-27,SKU-0117,343,0,19,47.0
2025-05-04,SKU-0117,237,0,19,47.0
2025-05-11,SKU-0117,137,0,19,47.0
2025-05-18,SKU-0117,48,0,19,47.0
2025-05-25,SKU-0117,259,0,19,47.0
2025-06-01,SKU-0117,173,0,19,47.0
2025-06-08,SKU-0117,101,0,19,47.0
2025-06-15,SKU-0117,267,0,19,47.0
2025-06-22,SKU-0117,117,0,19,47.0
2025-06-29,SKU-0117,0,503,19,47.0
2025-07-06,SKU-0117,259,0,19,47.0
2025-07-13,SKU-0117,160,0,19,47.0
2025-07-20,SKU-0117,78,0,19,47.0
2025-07-27,SKU-0117,278,0,19,47.0
2025-08-03,SKU-0117,179,0,19,47.0
2025-08-10,SKU-0117,95,0,19,47.0
2025-08-17,SKU-0117,26,328,19,47.0
2025-08-24,SKU-0117,276,0,19,47.0
2025-08-31,SKU-0117,198,0,19,47.0
2025-09-07,SKU-0117,125,0,19,47.0
2025-09-14,SKU-0117,32,348,19,47.0
2025-09-21,SKU-0117,0,351,19,47.0
2025-09-28,SKU-0117,0,375,19,47.0
2025-10-05,SKU-0117,355,0,19,47.0
2025-10-12,SKU-0117,211,0,19,47.0
2025-10-19,SKU-0117,76,0,19,47.0
2025-10-26,SKU-0117,0,634,19,47.0
2025-11-02,SKU-0117,0,660,19,47.0
2025-11-09,SKU-0117,616,0,19,47.0
2025-11-16,SKU-0117,452,0,19,47.0
2025-11-23,SKU-0117,336,0,19,47.0
2025-11-30,SKU-0117,236,0,19,47.0
2025-12-07,SKU-0117,120,0,19,47.0
2025-12-14,SKU-0117,383,0,19,47.0
2025-12-21,SKU-0117,198,0,19,47.0
2025-12-28,SKU-0117,12,619,19,47.0
2026-01-04,SKU-0117,391,0,19,47.0
2026-01-11,SKU-0117,276,0,19,47.0
2026-01-18,SKU-0117,133,0,19,47.0
2026-01-25,SKU-0117,294,0,19,47.0
2026-02-01,SKU-0117,172,0,19,47.0
2026-02-08,SKU-0117,74,0,19,47.0
2026-02-15,SKU-0117,0,479,19,47.0
2026-02-22,SKU-0117,0,516,19,47.0
2026-03-01,SKU-0117,511,0,19,47.0
2026-03-08,SKU-0117,377,0,19,47.0
2026-03-15,SKU-0117,245,0,19,47.0
2026-03-22,SKU-0117,135,0,19,47.0
2026-03-29,SKU-0117,293,0,19,47.0
2026-04-05,SKU-0117,180,0,19,47.0
2026-04-12,SKU-0117,56,0,19,47.0
2026-04-19,SKU-0117,264,0,19,47.0
2026-04-26,SKU-0117,155,0,19,47.0
2026-05-03,SKU-0117,432,0,19,47.0
2026-05-10,SKU-0117,308,0,19,47.0
2026-05-17,SKU-0117,208,0,19,47.0
2026-05-24,SKU-0117,99,0,19,47.0
2026-05-31,SKU-0117,11,443,19,47.0
2026-06-07,SKU-0117,249,0,19,47.0
2026-06-14,SKU-0117,155,0,19,47.0
2026-06-21,SKU-0117,417,0,19,47.0
2026-06-28,SKU-0117,294,0,19,47.0
2026-07-05,SKU-0117,170,0,19,47.0
2026-07-12,SKU-0117,83,0,19,47.0
2026-07-19,SKU-0117,0,449,19,47.0
2026-07-26,SKU-0117,0,425,19,47.0
2026-08-02,SKU-0117,274,0,19,47.0
2026-08-09,SKU-0117,168,0,19,47.0
2026-08-16,SKU-0117,91,0,19,47.0
2026-08-23,SKU-0117,363,0,19,47.0
2026-08-30,SKU-0117,252,0,19,47.0
2024-10-06,SKU-0118,143,0,24,66.0
2024-10-13,SKU-0118,100,0,24,66.0
2024-10-20,SKU-0118,148,0,24,66.0
2024-10-27,SKU-0118,118,0,24,66.0
2024-11-03,SKU-0118,89,0,24,66.0
2024-11-10,SKU-0118,167,0,24,66.0
2024-11-17,SKU-0118,129,0,24,66.0
2024-11-24,SKU-0118,120,0,24,66.0
2024-12-01,SKU-0118,107,0,24,66.0
2024-12-08,SKU-0118,94,0,24,66.0
2024-12-15,SKU-0118,67,0,24,66.0
2024-12-22,SKU-0118,130,0,24,66.0
2024-12-29,SKU-0118,93,0,24,66.0
2025-01-05,SKU-0118,77,0,24,66.0
2025-01-12,SKU-0118,55,159,24,66.0
2025-01-19,SKU-0118,31,150,24,66.0
2025-01-26,SKU-0118,122,0,24,66.0
2025-02-02,SKU-0118,108,0,24,66.0
2025-02-09,SKU-0118,78,0,24,66.0
2025-02-16,SKU-0118,57,143,24,66.0
2025-02-23,SKU-0118,177,0,24,66.0
2025-03-02,SKU-0118,146,0,24,66.0
2025-03-09,SKU-0118,127,0,24,66.0
2025-03-16,SKU-0118,107,0,24,66.0
2025-03-23,SKU-0118,81,0,24,66.0
2025-03-30,SKU-0118,190,0,24,66.0
2025-04-06,SKU-0118,153,0,24,66.0
2025-04-13,SKU-0118,119,0,24,66.0
2025-04-20,SKU-0118,85,0,24,66.0
2025-04-27,SKU-0118,54,148,24,66.0
2025-05-04,SKU-0118,22,158,24,66.0
2025-05-11,SKU-0118,130,0,24,66.0
2025-05-18,SKU-0118,95,0,24,66.0
2025-05-25,SKU-0118,69,0,24,66.0
2025-06-01,SKU-0118,37,134,24,66.0
2025-06-08,SKU-0118,0,151,24,66.0
2025-06-15,SKU-0118,116,0,24,66.0
2025-06-22,SKU-0118,241,0,24,66.0
2025-06-29,SKU-0118,187,0,24,66.0
2025-07-06,SKU-0118,135,0,24,66.0
2025-07-13,SKU-0118,96,0,24,66.0
2025-07-20,SKU-0118,70,0,24,66.0
2025-07-27,SKU-0118,37,171,24,66.0
2025-08-03,SKU-0118,5,153,24,66.0
2025-08-10,SKU-0118,0,156,24,66.0
2025-08-17,SKU-0118,181,0,24,66.0
2025-08-24,SKU-0118,149,0,24,66.0
2025-08-31,SKU-0118,116,0,24,66.0
2025-09-07,SKU-0118,89,0,24,66.0
2025-09-14,SKU-0118,178,0,24,66.0
2025-09-21,SKU-0118,147,0,24,66.0
2025-09-28,SKU-0118,105,0,24,66.0
2025-10-05,SKU-0118,63,190,24,66.0
2025-10-12,SKU-0118,197,0,24,66.0
2025-10-19,SKU-0118,141,0,24,66.0
2025-10-26,SKU-0118,95,0,24,66.0
2025-11-02,SKU-0118,53,197,24,66.0
2025-11-09,SKU-0118,210,0,24,66.0
2025-11-16,SKU-0118,170,0,24,66.0
2025-11-23,SKU-0118,142,0,24,66.0
2025-11-30,SKU-0118,121,0,24,66.0
2025-12-07,SKU-0118,101,0,24,66.0
2025-12-14,SKU-0118,84,0,24,66.0
2025-12-21,SKU-0118,33,144,24,66.0
2025-12-28,SKU-0118,83,0,24,66.0
2026-01-04,SKU-0118,47,162,24,66.0
2026-01-11,SKU-0118,133,0,24,66.0
2026-01-18,SKU-0118,115,0,24,66.0
2026-01-25,SKU-0118,84,0,24,66.0
2026-02-01,SKU-0118,69,0,24,66.0
2026-02-08,SKU-0118,38,142,24,66.0
2026-02-15,SKU-0118,101,0,24,66.0
2026-02-22,SKU-0118,76,0,24,66.0
2026-03-01,SKU-0118,169,0,24,66.0
2026-03-08,SKU-0118,148,0,24,66.0
2026-03-15,SKU-0118,110,0,24,66.0
2026-03-22,SKU-0118,69,0,24,66.0
2026-03-29,SKU-0118,42,173,24,66.0
2026-04-05,SKU-0118,150,0,24,66.0
2026-04-12,SKU-0118,114,0,24,66.0
2026-04-19,SKU-0118,75,0,24,66.0
2026-04-26,SKU-0118,123,0,24,66.0
2026-05-03,SKU-0118,76,0,24,66.0
2026-05-10,SKU-0118,47,205,24,66.0
2026-05-17,SKU-0118,167,0,24,66.0
2026-05-24,SKU-0118,131,0,24,66.0
2026-05-31,SKU-0118,82,0,24,66.0
2026-06-07,SKU-0118,157,0,24,66.0
2026-06-14,SKU-0118,112,0,24,66.0
2026-06-21,SKU-0118,171,0,24,66.0
2026-06-28,SKU-0118,87,0,24,66.0
2026-07-05,SKU-0118,191,0,24,66.0
2026-07-12,SKU-0118,153,0,24,66.0
2026-07-19,SKU-0118,108,0,24,66.0
2026-07-26,SKU-0118,74,0,24,66.0
2026-08-02,SKU-0118,30,191,24,66.0
2026-08-09,SKU-0118,0,211,24,66.0
2026-08-16,SKU-0118,188,0,24,66.0
2026-08-23,SKU-0118,156,0,24,66.0
2026-08-30,SKU-0118,104,0,24,66.0
2024-07-14,SKU-0119,155,0,8,39.0
2024-07-21,SKU-0119,116,0,8,39.0
2024-07-28,SKU-0119,88,0,8,39.0
2024-08-04,SKU-0119,45,0,8,39.0
2024-08-11,SKU-0119,15,166,8,39.0
2024-08-18,SKU-0119,0,148,8,39.0
2024-08-25,SKU-0119,116,0,8,39.0
2024-09-01,SKU-0119,69,0,8,39.0
2024-09-08,SKU-0119,27,176,8,39.0
2024-09-15,SKU-0119,0,185,8,39.0
2024-09-22,SKU-0119,0,180,8,39.0
2024-09-29,SKU-0119,0,188,8,39.0
2024-10-06,SKU-0119,0,226,8,39.0
2024-10-13,SKU-0119,0,264,8,39.0
2024-10-20,SKU-0119,0,297,8,39.0
2024-10-27,SKU-0119,0,325,8,39.0
2024-11-03,SKU-0119,277,0,8,39.0
2024-11-10,SKU-0119,201,0,8,39.0
2024-11-17,SKU-0119,128,0,8,39.0
2024-11-24,SKU-0119,79,0,8,39.0
2024-12-01,SKU-0119,212,0,8,39.0
2024-12-08,SKU-0119,164,0,8,39.0
2024-12-15,SKU-0119,110,0,8,39.0
2024-12-22,SKU-0119,175,0,8,39.0
2024-12-29,SKU-0119,94,0,8,39.0
2025-01-05,SKU-0119,49,0,8,39.0
2025-01-12,SKU-0119,4,283,8,39.0
2025-01-19,SKU-0119,242,0,8,39.0
2025-01-26,SKU-0119,181,0,8,39.0
2025-02-02,SKU-0119,119,0,8,39.0
2025-02-09,SKU-0119,72,0,8,39.0
2025-02-16,SKU-0119,263,0,8,39.0
2025-02-23,SKU-0119,222,0,8,39.0
2025-03-02,SKU-0119,167,0,8,39.0
2025-03-09,SKU-0119,118,0,8,39.0
2025-03-16,SKU-0119,83,0,8,39.0
2025-03-23,SKU-0119,178,0,8,39.0
2025-03-30,SKU-0119,139,0,8,39.0
2025-04-06,SKU-0119,89,0,8,39.0
2025-04-13,SKU-0119,50,0,8,39.0
2025-04-20,SKU-0119,6,199,8,39.0
2025-04-27,SKU-0119,0,198,8,39.0
2025-05-04,SKU-0119,115,0,8,39.0
2025-05-11,SKU-0119,60,0,8,39.0
2025-05-18,SKU-0119,201,0,8,39.0
2025-05-25,SKU-0119,151,0,8,39.0
2025-06-01,SKU-0119,108,0,8,39.0
2025-06-08,SKU-0119,77,0,8,39.0
2025-06-15,SKU-0119,39,0,8,39.0
2025-06-22,SKU-0119,0,218,8,39.0
2025-06-29,SKU-0119,0,213,8,39.0
2025-07-06,SKU-0119,133,0,8,39.0
2025-07-13,SKU-0119,95,0,8,39.0
2025-07-20,SKU-0119,52,0,8,39.0
2025-07-27,SKU-0119,8,224,8,39.0
2025-08-03,SKU-0119,0,218,8,39.0
2025-08-10,SKU-0119,153,0,8,39.0
2025-08-17,SKU-0119,111,0,8,39.0
2025-08-24,SKU-0119,61,0,8,39.0
2025-08-31,SKU-0119,11,206,8,39.0
2025-09-07,SKU-0119,178,0,8,39.0
2025-09-14,SKU-0119,129,0,8,39.0
2025-09-21,SKU-0119,76,0,8,39.0
2025-09-28,SKU-0119,24,237,8,39.0
2025-10-05,SKU-0119,0,249,8,39.0
2025-10-12,SKU-0119,164,0,8,39.0
2025-10-19,SKU-0119,92,0,8,39.0
2025-10-26,SKU-0119,197,0,8,39.0
2025-11-02,SKU-0119,102,0,8,39.0
2025-11-09,SKU-0119,332,0,8,39.0
2025-11-16,SKU-0119,246,0,8,39.0
2025-11-23,SKU-0119,180,0,8,39.0
2025-11-30,SKU-0119,112,0,8,39.0
2025-12-07,SKU-0119,41,0,8,39.0
2025-12-14,SKU-0119,0,280,8,39.0
2025-12-21,SKU-0119,0,322,8,39.0
2025-12-28,SKU-0119,0,371,8,39.0
2026-01-04,SKU-0119,354,0,8,39.0
2026-01-11,SKU-0119,287,0,8,39.0
2026-01-18,SKU-0119,223,0,8,39.0
2026-01-25,SKU-0119,166,0,8,39.0
2026-02-01,SKU-0119,111,0,8,39.0
2026-02-08,SKU-0119,51,0,8,39.0
2026-02-15,SKU-0119,0,287,8,39.0
2026-02-22,SKU-0119,0,278,8,39.0
2026-03-01,SKU-0119,0,268,8,39.0
2026-03-08,SKU-0119,0,275,8,39.0
2026-03-15,SKU-0119,0,252,8,39.0
2026-03-22,SKU-0119,256,0,8,39.0
2026-03-29,SKU-0119,190,0,8,39.0
2026-04-05,SKU-0119,141,0,8,39.0
2026-04-12,SKU-0119,89,0,8,39.0
2026-04-19,SKU-0119,43,0,8,39.0
2026-04-26,SKU-0119,187,0,8,39.0
2026-05-03,SKU-0119,142,0,8,39.0
2026-05-10,SKU-0119,100,0,8,39.0
2026-05-17,SKU-0119,52,0,8,39.0
2026-05-24,SKU-0119,113,0,8,39.0
2026-05-31,SKU-0119,61,0,8,39.0
2026-06-07,SKU-0119,14,238,8,39.0
2026-06-14,SKU-0119,0,217,8,39.0
2026-06-21,SKU-0119,0,249,8,39.0
2026-06-28,SKU-0119,161,0,8,39.0
2026-07-05,SKU-0119,105,0,8,39.0
2026-07-12,SKU-0119,56,0,8,39.0
2026-07-19,SKU-0119,13,260,8,39.0
2026-07-26,SKU-0119,178,0,8,39.0
2026-08-02,SKU-0119,129,0,8,39.0
2026-08-09,SKU-0119,88,0,8,39.0
2026-08-16,SKU-0119,41,0,8,39.0
2026-08-23,SKU-0119,124,0,8,39.0
2026-08-30,SKU-0119,81,0,8,39.0
2024-11-24,SKU-0120,42,0,26,41.0
2024-12-01,SKU-0120,101,0,26,41.0
2024-12-08,SKU-0120,71,0,26,41.0
2024-12-15,SKU-0120,45,0,26,41.0
2024-12-22,SKU-0120,0,168,26,41.0
2024-12-29,SKU-0120,0,188,26,41.0
2025-01-05,SKU-0120,156,0,26,41.0
2025-01-12,SKU-0120,126,0,26,41.0
2025-01-19,SKU-0120,90,0,26,41.0
2025-01-26,SKU-0120,60,0,26,41.0
2025-02-02,SKU-0120,32,164,26,41.0
2025-02-09,SKU-0120,2,167,26,41.0
2025-02-16,SKU-0120,78,0,26,41.0
2025-02-23,SKU-0120,39,139,26,41.0
2025-03-02,SKU-0120,6,168,26,41.0
2025-03-09,SKU-0120,157,0,26,41.0
2025-03-16,SKU-0120,123,0,26,41.0
2025-03-23,SKU-0120,89,0,26,41.0
2025-03-30,SKU-0120,53,0,26,41.0
2025-04-06,SKU-0120,100,0,26,41.0
2025-04-13,SKU-0120,49,0,26,41.0
2025-04-20,SKU-0120,150,0,26,41.0
2025-04-27,SKU-0120,106,0,26,41.0
2025-05-04,SKU-0120,65,0,26,41.0
2025-05-11,SKU-0120,142,0,26,41.0
2025-05-18,SKU-0120,99,0,26,41.0
2025-05-25,SKU-0120,60,0,26,41.0
2025-06-01,SKU-0120,196,0,26,41.0
2025-06-08,SKU-0120,153,0,26,41.0
2025-06-15,SKU-0120,99,0,26,41.0
2025-06-22,SKU-0120,19,257,26,41.0
2025-06-29,SKU-0120,198,0,26,41.0
2025-07-06,SKU-0120,157,0,26,41.0
2025-07-13,SKU-0120,118,0,26,41.0
2025-07-20,SKU-0120,76,0,26,41.0
2025-07-27,SKU-0120,25,187,26,41.0
2025-08-03,SKU-0120,0,224,26,41.0
2025-08-10,SKU-0120,140,0,26,41.0
2025-08-17,SKU-0120,97,0,26,41.0
2025-08-24,SKU-0120,56,0,26,41.0
2025-08-31,SKU-0120,8,203,26,41.0
2025-09-07,SKU-0120,116,0,26,41.0
2025-09-14,SKU-0120,75,0,26,41.0
2025-09-21,SKU-0120,34,196,26,41.0
2025-09-28,SKU-0120,157,0,26,41.0
2025-10-05,SKU-0120,93,0,26,41.0
2025-10-12,SKU-0120,34,211,26,41.0
2025-10-19,SKU-0120,229,0,26,41.0
2025-10-26,SKU-0120,172,0,26,41.0
2025-11-02,SKU-0120,111,0,26,41.0
2025-11-09,SKU-0120,49,0,26,41.0
2025-11-16,SKU-0120,0,272,26,41.0
2025-11-23,SKU-0120,163,0,26,41.0
2025-11-30,SKU-0120,129,0,26,41.0
2025-12-07,SKU-0120,93,0,26,41.0
2025-12-14,SKU-0120,64,0,26,41.0
2025-12-21,SKU-0120,163,0,26,41.0
2025-12-28,SKU-0120,106,0,26,41.0
2026-01-04,SKU-0120,79,0,26,41.0
2026-01-11,SKU-0120,36,217,26,41.0
2026-01-18,SKU-0120,0,207,26,41.0
2026-01-25,SKU-0120,0,154,26,41.0
2026-02-01,SKU-0120,0,152,26,41.0
2026-02-08,SKU-0120,0,146,26,41.0
2026-02-15,SKU-0120,0,134,26,41.0
2026-02-22,SKU-0120,109,0,26,41.0
2026-03-01,SKU-0120,74,0,26,41.0
2026-03-08,SKU-0120,44,0,26,41.0
2026-03-15,SKU-0120,145,0,26,41.0
2026-03-22,SKU-0120,105,0,26,41.0
2026-03-29,SKU-0120,81,0,26,41.0
2026-04-05,SKU-0120,58,0,26,41.0
2026-04-12,SKU-0120,24,150,26,41.0
2026-04-19,SKU-0120,0,142,26,41.0
2026-04-26,SKU-0120,0,159,26,41.0
2026-05-03,SKU-0120,167,0,26,41.0
2026-05-10,SKU-0120,128,0,26,41.0
2026-05-17,SKU-0120,92,0,26,41.0
2026-05-24,SKU-0120,54,0,26,41.0
2026-05-31,SKU-0120,182,0,26,41.0
2026-06-07,SKU-0120,147,0,26,41.0
2026-06-14,SKU-0120,109,0,26,41.0
2026-06-21,SKU-0120,46,0,26,41.0
2026-06-28,SKU-0120,0,228,26,41.0
2026-07-05,SKU-0120,0,219,26,41.0
2026-07-12,SKU-0120,0,233,26,41.0
2026-07-19,SKU-0120,153,0,26,41.0
2026-07-26,SKU-0120,111,0,26,41.0
2026-08-02,SKU-0120,69,0,26,41.0
2026-08-09,SKU-0120,184,0,26,41.0
2026-08-16,SKU-0120,151,0,26,41.0
2026-08-23,SKU-0120,99,0,26,41.0
2026-08-30,SKU-0120,68,0,26,41.0
2024-03-10,SKU-0121,77,0,19,61.0
2024-03-17,SKU-0121,242,0,19,61.0
2024-03-24,SKU-0121,198,0,19,61.0
2024-03-31,SKU-0121,149,0,19,61.0
2024-04-07,SKU-0121,82,0,19,61.0
2024-04-14,SKU-0121,171,0,19,61.0
2024-04-21,SKU-0121,118,0,19,61.0
2024-04-28,SKU-0121,74,0,19,61.0
2024-05-05,SKU-0121,162,0,19,61.0
2024-05-12,SKU-0121,117,0,19,61.0
2024-05-19,SKU-0121,61,0,19,61.0
2024-05-26,SKU-0121,219,0,19,61.0
2024-06-02,SKU-0121,172,0,19,61.0
2024-06-09,SKU-0121,134,0,19,61.0
2024-06-16,SKU-0121,83,0,19,61.0
2024-06-23,SKU-0121,152,0,19,61.0
2024-06-30,SKU-0121,77,0,19,61.0
2024-07-07,SKU-0121,41,255,19,61.0
2024-07-14,SKU-0121,189,0,19,61.0
2024-07-21,SKU-0121,139,0,19,61.0
2024-07-28,SKU-0121,101,0,19,61.0
2024-08-04,SKU-0121,65,0,19,61.0
2024-08-11,SKU-0121,165,0,19,61.0
2024-08-18,SKU-0121,118,0,19,61.0
2024-08-25,SKU-0121,78,0,19,61.0
2024-09-01,SKU-0121,147,0,19,61.0
2024-09-08,SKU-0121,112,0,19,61.0
2024-09-15,SKU-0121,73,0,19,61.0
2024-09-22,SKU-0121,121,0,19,61.0
2024-09-29,SKU-0121,69,0,19,61.0
2024-10-06,SKU-0121,15,239,19,61.0
2024-10-13,SKU-0121,190,0,19,61.0
2024-10-20,SKU-0121,121,0,19,61.0
2024-10-27,SKU-0121,282,0,19,61.0
2024-11-03,SKU-0121,182,0,19,61.0
2024-11-10,SKU-0121,104,0,19,61.0
2024-11-17,SKU-0121,265,0,19,61.0
2024-11-24,SKU-0121,200,0,19,61.0
2024-12-01,SKU-0121,128,0,19,61.0
2024-12-08,SKU-0121,58,323,19,61.0
2024-12-15,SKU-0121,210,0,19,61.0
2024-12-22,SKU-0121,125,0,19,61.0
2024-12-29,SKU-0121,38,345,19,61.0
2025-01-05,SKU-0121,173,0,19,61.0
2025-01-12,SKU-0121,110,0,19,61.0
2025-01-19,SKU-0121,298,0,19,61.0
2025-01-26,SKU-0121,233,0,19,
2025-02-02,SKU-0121,161,0,19,61.0
2025-02-09,SKU-0121,97,0,19,61.0
2025-02-16,SKU-0121,330,0,19,
2025-02-23,SKU-0121,258,0,19,61.0
2025-03-02,SKU-0121,201,0,19,61.0
2025-03-09,SKU-0121,141,0,19,61.0
2025-03-16,SKU-0121,79,0,19,61.0
2025-03-23,SKU-0121,171,0,19,61.0
2025-03-30,SKU-0121,123,0,19,61.0
2025-04-06,SKU-0121,65,0,19,61.0
2025-04-13,SKU-0121,181,0,19,61.0
2025-04-20,SKU-0121,115,0,19,61.0
2025-04-27,SKU-0121,47,289,19,61.0
2025-05-04,SKU-0121,0,277,19,61.0
2025-05-11,SKU-0121,0,289,19,61.0
2025-05-18,SKU-0121,250,0,19,61.0
2025-05-25,SKU-0121,211,0,19,61.0
2025-06-01,SKU-0121,165,0,19,61.0
2025-06-08,SKU-0121,135,0,19,61.0
2025-06-15,SKU-0121,89,0,19,61.0
2025-06-22,SKU-0121,36,197,19,61.0
2025-06-29,SKU-0121,0,240,19,61.0
2025-07-06,SKU-0121,165,0,19,61.0
2025-07-13,SKU-0121,125,0,19,61.0
2025-07-20,SKU-0121,83,0,19,61.0
2025-07-27,SKU-0121,36,223,19,61.0
2025-08-03,SKU-0121,171,0,19,61.0
2025-08-10,SKU-0121,119,0,19,61.0
2025-08-17,SKU-0121,78,0,19,61.0
2025-08-24,SKU-0121,140,0,19,61.0
2025-08-31,SKU-0121,89,0,19,61.0
2025-09-07,SKU-0121,210,0,19,61.0
2025-09-14,SKU-0121,161,0,19,61.0
2025-09-21,SKU-0121,109,0,19,61.0
2025-09-28,SKU-0121,67,0,19,61.0
2025-10-05,SKU-0121,1,235,19,61.0
2025-10-12,SKU-0121,211,0,19,61.0
2025-10-19,SKU-0121,139,0,19,61.0
2025-10-26,SKU-0121,50,339,19,61.0
2025-11-02,SKU-0121,0,398,19,61.0
2025-11-09,SKU-0121,0,421,19,61.0
2025-11-16,SKU-0121,0,451,19,61.0
2025-11-23,SKU-0121,0,417,19,61.0
2025-11-30,SKU-0121,283,0,19,61.0
2025-12-07,SKU-0121,204,0,19,61.0
2025-12-14,SKU-0121,135,0,19,61.0
2025-12-21,SKU-0121,299,0,19,61.0
2025-12-28,SKU-0121,205,0,19,61.0
2026-01-04,SKU-0121,127,0,19,61.0
2026-01-11,SKU-0121,57,377,19,61.0
2026-01-18,SKU-0121,229,0,19,61.0
2026-01-25,SKU-0121,163,0,19,61.0
2026-02-01,SKU-0121,82,0,19,61.0
2026-02-08,SKU-0121,181,0,19,61.0
2026-02-15,SKU-0121,131,0,19,61.0
2026-02-22,SKU-0121,64,0,19,61.0
2026-03-01,SKU-0121,0,308,19,61.0
2026-03-08,SKU-0121,0,267,19,61.0
2026-03-15,SKU-0121,0,291,19,61.0
2026-03-22,SKU-0121,0,278,19,61.0
2026-03-29,SKU-0121,0,297,19,61.0
2026-04-05,SKU-0121,203,0,19,61.0
2026-04-12,SKU-0121,128,0,19,61.0
2026-04-19,SKU-0121,71,0,19,61.0
2026-04-26,SKU-0121,26,279,19,61.0
2026-05-03,SKU-0121,0,258,19,61.0
2026-05-10,SKU-0121,0,241,19,61.0
2026-05-17,SKU-0121,120,0,19,61.0
2026-05-24,SKU-0121,80,0,19,61.0
2026-05-31,SKU-0121,162,0,19,61.0
2026-06-07,SKU-0121,120,0,19,61.0
2026-06-14,SKU-0121,75,0,19,61.0
2026-06-21,SKU-0121,143,0,19,61.0
2026-06-28,SKU-0121,86,0,19,61.0
2026-07-05,SKU-0121,32,273,19,61.0
2026-07-12,SKU-0121,0,282,19,61.0
2026-07-19,SKU-0121,0,226,19,61.0
2026-07-26,SKU-0121,155,0,19,61.0
2026-08-02,SKU-0121,110,0,19,61.0
2026-08-09,SKU-0121,66,0,19,61.0
2026-08-16,SKU-0121,3,260,19,61.0
2026-08-23,SKU-0121,0,225,19,61.0
2026-08-30,SKU-0121,0,254,19,61.0
2024-09-15,SKU-0122,36,152,9,63.0
2024-09-22,SKU-0122,123,0,9,63.0
2024-09-29,SKU-0122,89,0,9,63.0
2024-10-06,SKU-0122,37,169,9,63.0
2024-10-13,SKU-0122,0,203,9,63.0
2024-10-20,SKU-0122,133,0,9,63.0
2024-10-27,SKU-0122,86,0,9,63.0
2024-11-03,SKU-0122,41,217,9,63.0
2024-11-10,SKU-0122,207,0,9,63.0
2024-11-17,SKU-0122,156,0,9,63.0
2024-11-24,SKU-0122,122,0,9,63.0
2024-12-01,SKU-0122,98,0,9,63.0
2024-12-08,SKU-0122,66,0,9,63.0
2024-12-15,SKU-0122,36,153,9,63.0
2024-12-22,SKU-0122,0,152,9,63.0
2024-12-29,SKU-0122,152,0,9,63.0
2025-01-05,SKU-0122,129,0,9,63.0
2025-01-12,SKU-0122,108,0,9,63.0
2025-01-19,SKU-0122,85,0,9,63.0
2025-01-26,SKU-0122,55,148,9,63.0
2025-02-02,SKU-0122,133,0,9,63.0
2025-02-09,SKU-0122,106,0,9,63.0
2025-02-16,SKU-0122,89,0,9,63.0
2025-02-23,SKU-0122,58,143,9,63.0
2025-03-02,SKU-0122,159,0,9,63.0
2025-03-09,SKU-0122,136,0,9,63.0
2025-03-16,SKU-0122,111,0,9,63.0
2025-03-23,SKU-0122,88,0,9,63.0
2025-03-30,SKU-0122,72,0,9,63.0
2025-04-06,SKU-0122,136,0,9,63.0
2025-04-13,SKU-0122,114,0,9,63.0
2025-04-20,SKU-0122,89,0,9,63.0
2025-04-27,SKU-0122,67,0,9,63.0
2025-05-04,SKU-0122,36,133,9,63.0
2025-05-11,SKU-0122,17,135,9,63.0
2025-05-18,SKU-0122,68,0,9,63.0
2025-05-25,SKU-0122,155,0,9,63.0
2025-06-01,SKU-0122,141,0,9,63.0
2025-06-08,SKU-0122,123,0,9,63.0
2025-06-15,SKU-0122,100,0,9,63.0
2025-06-22,SKU-0122,62,146,9,63.0
2025-06-29,SKU-0122,126,0,9,63.0
2025-07-06,SKU-0122,104,0,9,63.0
2025-07-13,SKU-0122,84,0,9,63.0
2025-07-20,SKU-0122,160,0,9,63.0
2025-07-27,SKU-0122,135,0,9,63.0
2025-08-03,SKU-0122,105,0,9,63.0
2025-08-10,SKU-0122,83,0,9,63.0
2025-08-17,SKU-0122,195,0,9,63.0
2025-08-24,SKU-0122,157,0,9,63.0
2025-08-31,SKU-0122,129,0,9,63.0
2025-09-07,SKU-0122,98,0,9,63.0
2025-09-14,SKU-0122,66,0,9,63.0
2025-09-21,SKU-0122,18,164,9,63.0
2025-09-28,SKU-0122,0,156,9,63.0
2025-10-05,SKU-0122,172,0,9,63.0
2025-10-12,SKU-0122,117,0,9,63.0
2025-10-19,SKU-0122,55,225,9,63.0
2025-10-26,SKU-0122,8,226,9,63.0
2025-11-02,SKU-0122,193,0,9,63.0
2025-11-09,SKU-0122,123,0,9,63.0
2025-11-16,SKU-0122,72,0,9,63.0
2025-11-23,SKU-0122,209,0,9,63.0
2025-11-30,SKU-0122,178,0,9,63.0
2025-12-07,SKU-0122,151,0,9,63.0
2025-12-14,SKU-0122,108,0,9,63.0
2025-12-21,SKU-0122,64,0,9,63.0
2025-12-28,SKU-0122,11,183,9,63.0
2026-01-04,SKU-0122,0,197,9,63.0
2026-01-11,SKU-0122,93,0,9,63.0
2026-01-18,SKU-0122,237,0,9,63.0
2026-01-25,SKU-0122,204,0,9,63.0
2026-02-01,SKU-0122,179,0,9,63.0
2026-02-08,SKU-0122,156,0,9,63.0
2026-02-15,SKU-0122,137,0,9,63.0
2026-02-22,SKU-0122,113,0,9,63.0
2026-03-01,SKU-0122,93,0,9,63.0
2026-03-08,SKU-0122,142,0,9,63.0
2026-03-15,SKU-0122,124,0,9,63.0
2026-03-22,SKU-0122,98,0,9,63.0
2026-03-29,SKU-0122,81,0,9,63.0
2026-04-05,SKU-0122,142,0,9,63.0
2026-04-12,SKU-0122,119,0,9,63.0
2026-04-19,SKU-0122,102,0,9,63.0
2026-04-26,SKU-0122,70,0,9,63.0
2026-05-03,SKU-0122,124,0,9,63.0
2026-05-10,SKU-0122,102,0,9,63.0
2026-05-17,SKU-0122,70,0,9,63.0
2026-05-24,SKU-0122,161,0,9,63.0
2026-05-31,SKU-0122,140,0,9,63.0
2026-06-07,SKU-0122,120,0,9,63.0
2026-06-14,SKU-0122,102,0,9,63.0
2026-06-21,SKU-0122,61,139,9,63.0
2026-06-28,SKU-0122,32,140,9,63.0
2026-07-05,SKU-0122,102,0,9,63.0
2026-07-12,SKU-0122,82,0,9,63.0
2026-07-19,SKU-0122,63,0,9,63.0
2026-07-26,SKU-0122,35,141,9,63.0
2026-08-02,SKU-0122,139,0,9,63.0
2026-08-09,SKU-0122,115,0,9,63.0
2026-08-16,SKU-0122,87,0,9,63.0
2026-08-23,SKU-0122,55,144,9,63.0
2026-08-30,SKU-0122,17,156,9,63.0
2025-02-16,SKU-0123,55,0,15,31.0
2025-02-23,SKU-0123,39,0,15,31.0
2025-03-02,SKU-0123,24,102,15,31.0
2025-03-09,SKU-0123,6,115,15,31.0
2025-03-16,SKU-0123,115,0,15,31.0
2025-03-23,SKU-0123,92,0,15,31.0
2025-03-30,SKU-0123,69,0,15,31.0
2025-04-06,SKU-0123,51,0,15,31.0
2025-04-13,SKU-0123,36,0,15,31.0
2025-04-20,SKU-0123,31,0,15,31.0
2025-04-27,SKU-0123,27,82,15,31.0
2025-05-04,SKU-0123,73,0,15,31.0
2025-05-11,SKU-0123,64,0,15,31.0
2025-05-18,SKU-0123,47,0,15,31.0
2025-05-25,SKU-0123,40,0,15,31.0
2025-06-01,SKU-0123,68,0,15,31.0
2025-06-08,SKU-0123,55,0,15,31.0
2025-06-15,SKU-0123,42,0,15,31.0
2025-06-22,SKU-0123,61,0,15,31.0
2025-06-29,SKU-0123,46,0,15,31.0
2025-07-06,SKU-0123,37,0,15,31.0
2025-07-13,SKU-0123,19,110,15,31.0
2025-07-20,SKU-0123,0,102,15,31.0
2025-07-27,SKU-0123,0,82,15,31.0
2025-08-03,SKU-0123,46,0,15,31.0
2025-08-10,SKU-0123,34,0,15,31.0
2025-08-17,SKU-0123,71,0,15,31.0
2025-08-24,SKU-0123,57,0,15,31.0
2025-08-31,SKU-0123,36,0,15,31.0
2025-09-07,SKU-0123,87,0,15,31.0
2025-09-14,SKU-0123,73,0,15,31.0
2025-09-21,SKU-0123,62,0,15,31.0
2025-09-28,SKU-0123,46,0,15,31.0
2025-10-05,SKU-0123,28,81,15,31.0
2025-10-12,SKU-0123,3,81,15,31.0
2025-10-19,SKU-0123,0,112,15,31.0
2025-10-26,SKU-0123,90,0,15,31.0
2025-11-02,SKU-0123,73,0,15,31.0
2025-11-09,SKU-0123,40,0,15,31.0
2025-11-16,SKU-0123,9,134,15,31.0
2025-11-23,SKU-0123,0,136,15,31.0
2025-11-30,SKU-0123,0,154,15,31.0
2025-12-07,SKU-0123,0,123,15,31.0
2025-12-14,SKU-0123,71,0,15,31.0
2025-12-21,SKU-0123,53,0,15,31.0
2025-12-28,SKU-0123,17,139,15,31.0
2026-01-04,SKU-0123,71,0,15,31.0
2026-01-11,SKU-0123,58,0,15,31.0
2026-01-18,SKU-0123,52,0,15,31.0
2026-01-25,SKU-0123,29,95,15,31.0
2026-02-01,SKU-0123,11,106,15,31.0
2026-02-08,SKU-0123,66,0,15,31.0
2026-02-15,SKU-0123,49,0,15,31.0
2026-02-22,SKU-0123,137,0,15,31.0
2026-03-01,SKU-0123,117,0,15,31.0
2026-03-08,SKU-0123,96,0,15,31.0
2026-03-15,SKU-0123,70,0,15,31.0
2026-03-22,SKU-0123,53,0,15,31.0
2026-03-29,SKU-0123,34,0,15,31.0
2026-04-05,SKU-0123,31,0,15,31.0
2026-04-12,SKU-0123,77,0,15,31.0
2026-04-19,SKU-0123,65,0,15,31.0
2026-04-26,SKU-0123,56,0,15,31.0
2026-05-03,SKU-0123,51,0,15,31.0
2026-05-10,SKU-0123,34,0,15,31.0
2026-05-17,SKU-0123,103,0,15,31.0
2026-05-24,SKU-0123,92,0,15,31.0
2026-05-31,SKU-0123,84,0,15,31.0
2026-06-07,SKU-0123,69,0,15,31.0
2026-06-14,SKU-0123,61,0,15,31.0
2026-06-21,SKU-0123,39,0,15,31.0
2026-06-28,SKU-0123,27,85,15,31.0
2026-07-05,SKU-0123,73,0,15,31.0
2026-07-12,SKU-0123,57,0,15,31.0
2026-07-19,SKU-0123,46,0,15,31.0
2026-07-26,SKU-0123,131,0,15,31.0
2026-08-02,SKU-0123,118,0,15,31.0
2026-08-09,SKU-0123,116,0,15,31.0
2026-08-16,SKU-0123,99,0,15,31.0
2026-08-23,SKU-0123,85,0,15,31.0
2026-08-30,SKU-0123,74,0,15,31.0
2024-11-24,SKU-0124,36,150,19,59.0
2024-12-01,SKU-0124,12,123,19,59.0
2024-12-08,SKU-0124,84,0,19,59.0
2024-12-15,SKU-0124,188,0,19,59.0
2024-12-22,SKU-0124,140,0,19,59.0
2024-12-29,SKU-0124,84,0,19,59.0
2025-01-05,SKU-0124,42,219,19,59.0
2025-01-12,SKU-0124,0,213,19,59.0
2025-01-19,SKU-0124,0,208,19,59.0
2025-01-26,SKU-0124,0,170,19,59.0
2025-02-02,SKU-0124,119,0,19,59.0
2025-02-09,SKU-0124,84,0,19,59.0
2025-02-16,SKU-0124,58,181,19,59.0
2025-02-23,SKU-0124,132,0,19,59.0
2025-03-02,SKU-0124,89,0,19,59.0
2025-03-09,SKU-0124,40,179,19,59.0
2025-03-16,SKU-0124,131,0,19,59.0
2025-03-23,SKU-0124,87,0,19,59.0
2025-03-30,SKU-0124,46,193,19,59.0
2025-04-06,SKU-0124,192,0,19,59.0
2025-04-13,SKU-0124,147,0,19,59.0
2025-04-20,SKU-0124,96,0,19,59.0
2025-04-27,SKU-0124,33,222,19,59.0
2025-05-04,SKU-0124,0,232,19,59.0
2025-05-11,SKU-0124,145,0,19,59.0
2025-05-18,SKU-0124,96,0,19,59.0
2025-05-25,SKU-0124,61,0,19,59.0
2025-06-01,SKU-0124,224,0,19,59.0
2025-06-08,SKU-0124,176,0,19,59.0
2025-06-15,SKU-0124,125,0,19,59.0
2025-06-22,SKU-0124,272,0,19,59.0
2025-06-29,SKU-0124,211,0,19,59.0
2025-07-06,SKU-0124,160,0,19,59.0
2025-07-13,SKU-0124,121,0,19,59.0
2025-07-20,SKU-0124,93,0,19,59.0
2025-07-27,SKU-0124,187,0,19,59.0
2025-08-03,SKU-0124,133,0,19,59.0
2025-08-10,SKU-0124,92,0,19,59.0
2025-08-17,SKU-0124,232,0,19,59.0
2025-08-24,SKU-0124,208,0,19,59.0
2025-08-31,SKU-0124,168,0,19,59.0
2025-09-07,SKU-0124,130,0,19,59.0
2025-09-14,SKU-0124,91,0,19,59.0
2025-09-21,SKU-0124,165,0,19,59.0
2025-09-28,SKU-0124,125,0,19,59.0
2025-10-05,SKU-0124,63,0,19,59.0
2025-10-12,SKU-0124,136,0,19,59.0
2025-10-19,SKU-0124,82,0,19,59.0
2025-10-26,SKU-0124,31,259,19,59.0
2025-11-02,SKU-0124,0,230,19,59.0
2025-11-09,SKU-0124,0,242,19,59.0
2025-11-16,SKU-0124,180,0,19,59.0
2025-11-23,SKU-0124,148,0,19,59.0
2025-11-30,SKU-0124,111,0,19,59.0
2025-12-07,SKU-0124,79,0,19,59.0
2025-12-14,SKU-0124,35,167,19,59.0
2025-12-21,SKU-0124,169,0,19,59.0
2025-12-28,SKU-0124,97,0,19,59.0
2026-01-04,SKU-0124,255,0,19,59.0
2026-01-11,SKU-0124,211,0,19,59.0
2026-01-18,SKU-0124,168,0,19,59.0
2026-01-25,SKU-0124,127,0,19,59.0
2026-02-01,SKU-0124,85,0,19,59.0
2026-02-08,SKU-0124,35,201,19,59.0
2026-02-15,SKU-0124,150,0,19,59.0
2026-02-22,SKU-0124,105,0,19,59.0
2026-03-01,SKU-0124,64,0,19,59.0
2026-03-08,SKU-0124,31,197,19,59.0
2026-03-15,SKU-0124,0,188,19,59.0
2026-03-22,SKU-0124,209,0,19,59.0
2026-03-29,SKU-0124,153,0,19,59.0
2026-04-05,SKU-0124,92,0,19,59.0
2026-04-12,SKU-0124,38,246,19,59.0
2026-04-19,SKU-0124,249,0,19,59.0
2026-04-26,SKU-0124,205,0,19,59.0
2026-05-03,SKU-0124,153,0,19,59.0
2026-05-10,SKU-0124,106,0,19,59.0
2026-05-17,SKU-0124,63,0,19,59.0
2026-05-24,SKU-0124,189,0,19,59.0
2026-05-31,SKU-0124,136,0,19,59.0
2026-06-07,SKU-0124,84,0,19,59.0
2026-06-14,SKU-0124,30,232,19,59.0
2026-06-21,SKU-0124,188,0,19,59.0
2026-06-28,SKU-0124,101,0,19,59.0
2026-07-05,SKU-0124,40,310,19,59.0
2026-07-12,SKU-0124,0,305,19,59.0
2026-07-19,SKU-0124,276,0,19,59.0
2026-07-26,SKU-0124,249,0,19,59.0
2026-08-02,SKU-0124,208,0,19,59.0
2026-08-09,SKU-0124,174,0,19,59.0
2026-08-16,SKU-0124,120,0,19,59.0
2026-08-23,SKU-0124,74,0,19,59.0
2026-08-30,SKU-0124,193,0,19,59.0
2024-10-20,SKU-0125,74,0,12,23.0
2024-10-27,SKU-0125,28,0,12,23.0
2024-11-03,SKU-0125,134,0,12,23.0
2024-11-10,SKU-0125,80,0,12,23.0
2024-11-17,SKU-0125,34,0,12,23.0
2024-11-24,SKU-0125,163,0,12,23.0
2024-12-01,SKU-0125,139,0,12,23.0
2024-12-08,SKU-0125,122,0,12,23.0
2024-12-15,SKU-0125,90,0,12,23.0
2024-12-22,SKU-0125,52,0,12,23.0
2024-12-29,SKU-0125,18,150,12,23.0
2025-01-05,SKU-0125,0,151,12,23.0
2025-01-12,SKU-0125,0,138,12,23.0
2025-01-19,SKU-0125,0,140,12,23.0
2025-01-26,SKU-0125,91,0,12,23.0
2025-02-02,SKU-0125,82,0,12,23.0
2025-02-09,SKU-0125,59,0,12,23.0
2025-02-16,SKU-0125,42,0,12,23.0
2025-02-23,SKU-0125,20,112,12,23.0
2025-03-02,SKU-0125,62,0,12,23.0
2025-03-09,SKU-0125,27,0,12,23.0
2025-03-16,SKU-0125,66,0,12,23.0
2025-03-23,SKU-0125,35,0,12,23.0
2025-03-30,SKU-0125,112,0,12,23.0
2025-04-06,SKU-0125,95,0,12,23.0
2025-04-13,SKU-0125,65,0,12,23.0
2025-04-20,SKU-0125,37,0,12,23.0
2025-04-27,SKU-0125,14,145,12,23.0
2025-05-04,SKU-0125,0,140,12,23.0
2025-05-11,SKU-0125,0,166,12,23.0
2025-05-18,SKU-0125,118,0,12,23.0
2025-05-25,SKU-0125,81,0,12,23.0
2025-06-01,SKU-0125,39,0,12,23.0
2025-06-08,SKU-0125,123,0,12,23.0
2025-06-15,SKU-0125,73,0,12,23.0
2025-06-22,SKU-0125,11,213,12,23.0
2025-06-29,SKU-0125,125,0,12,23.0
2025-07-06,SKU-0125,72,0,12,23.0
2025-07-13,SKU-0125,30,0,12,23.0
2025-07-20,SKU-0125,217,0,12,23.0
2025-07-27,SKU-0125,180,0,12,23.0
2025-08-03,SKU-0125,138,0,12,23.0
2025-08-10,SKU-0125,92,0,12,23.0
2025-08-17,SKU-0125,60,0,12,23.0
2025-08-24,SKU-0125,189,0,12,23.0
2025-08-31,SKU-0125,130,0,12,23.0
2025-09-07,SKU-0125,96,0,12,23.0
2025-09-14,SKU-0125,50,0,12,23.0
2025-09-21,SKU-0125,12,221,12,23.0
2025-09-28,SKU-0125,0,188,12,23.0
2025-10-05,SKU-0125,0,228,12,23.0
2025-10-12,SKU-0125,181,0,12,23.0
2025-10-19,SKU-0125,113,0,12,23.0
2025-10-26,SKU-0125,56,0,12,23.0
2025-11-02,SKU-0125,0,270,12,23.0
2025-11-09,SKU-0125,218,0,12,23.0
2025-11-16,SKU-0125,171,0,12,23.0
2025-11-23,SKU-0125,144,0,12,23.0
2025-11-30,SKU-0125,119,0,12,23.0
2025-12-07,SKU-0125,88,0,12,23.0
2025-12-14,SKU-0125,54,0,12,23.0
2025-12-21,SKU-0125,153,0,12,23.0
2025-12-28,SKU-0125,98,0,12,23.0
2026-01-04,SKU-0125,58,0,12,23.0
2026-01-11,SKU-0125,30,0,12,23.0
2026-01-18,SKU-0125,4,167,12,23.0
2026-01-25,SKU-0125,116,0,12,23.0
2026-02-01,SKU-0125,96,0,12,23.0
2026-02-08,SKU-0125,67,0,12,23.0
2026-02-15,SKU-0125,47,0,12,23.0
2026-02-22,SKU-0125,24,0,12,23.0
2026-03-01,SKU-0125,0,146,12,23.0
2026-03-08,SKU-0125,0,143,12,23.0
2026-03-15,SKU-0125,0,126,12,23.0
2026-03-22,SKU-0125,117,0,12,23.0
2026-03-29,SKU-0125,82,0,12,23.0
2026-04-05,SKU-0125,50,0,12,23.0
2026-04-12,SKU-0125,118,0,12,23.0
2026-04-19,SKU-0125,86,0,12,23.0
2026-04-26,SKU-0125,43,0,12,23.0
2026-05-03,SKU-0125,147,0,12,23.0
2026-05-10,SKU-0125,114,0,12,23.0
2026-05-17,SKU-0125,63,0,12,23.0
2026-05-24,SKU-0125,119,0,12,23.0
2026-05-31,SKU-0125,71,0,12,23.0
2026-06-07,SKU-0125,39,0,12,23.0
2026-06-14,SKU-0125,0,211,12,23.0
2026-06-21,SKU-0125,128,0,12,23.0
2026-06-28,SKU-0125,66,0,12,23.0
2026-07-05,SKU-0125,159,0,12,23.0
2026-07-12,SKU-0125,125,0,12,23.0
2026-07-19,SKU-0125,77,0,12,23.0
2026-07-26,SKU-0125,30,0,12,23.0
2026-08-02,SKU-0125,181,0,12,23.0
2026-08-09,SKU-0125,131,0,12,23.0
2026-08-16,SKU-0125,79,0,12,23.0
2026-08-23,SKU-0125,28,0,12,23.0
2026-08-30,SKU-0125,0,219,12,23.0
2024-11-10,SKU-0126,119,0,23,66.0
2024-11-17,SKU-0126,109,0,23,66.0
2024-11-24,SKU-0126,107,0,23,66.0
2024-12-01,SKU-0126,96,0,23,66.0
2024-12-08,SKU-0126,93,0,23,66.0
2024-12-15,SKU-0126,91,0,23,66.0
2024-12-22,SKU-0126,81,0,23,66.0
2024-12-29,SKU-0126,173,0,23,66.0
2025-01-05,SKU-0126,168,0,23,66.0
2025-01-12,SKU-0126,163,0,23,66.0
2025-01-19,SKU-0126,152,0,23,66.0
2025-01-26,SKU-0126,151,0,23,66.0
2025-02-02,SKU-0126,145,0,23,66.0
2025-02-09,SKU-0126,138,0,23,66.0
2025-02-16,SKU-0126,129,0,23,66.0
2025-02-23,SKU-0126,122,0,23,66.0
2025-03-02,SKU-0126,111,0,23,66.0
2025-03-09,SKU-0126,102,0,23,66.0
2025-03-16,SKU-0126,90,0,23,66.0
2025-03-23,SKU-0126,82,0,23,66.0
2025-03-30,SKU-0126,66,0,23,66.0
2025-04-06,SKU-0126,64,136,23,66.0
2025-04-13,SKU-0126,135,0,23,66.0
2025-04-20,SKU-0126,138,0,23,66.0
2025-04-27,SKU-0126,134,0,23,66.0
2025-05-04,SKU-0126,132,0,23,66.0
2025-05-11,SKU-0126,126,0,23,66.0
2025-05-18,SKU-0126,125,0,23,66.0
2025-05-25,SKU-0126,123,0,23,66.0
2025-06-01,SKU-0126,120,0,23,66.0
2025-06-08,SKU-0126,114,0,23,66.0
2025-06-15,SKU-0126,111,0,23,66.0
2025-06-22,SKU-0126,104,0,23,66.0
2025-06-29,SKU-0126,91,0,23,66.0
2025-07-06,SKU-0126,86,0,23,66.0
2025-07-13,SKU-0126,79,0,23,66.0
2025-07-20,SKU-0126,76,0,23,66.0
2025-07-27,SKU-0126,67,0,23,66.0
2025-08-03,SKU-0126,176,0,23,66.0
2025-08-10,SKU-0126,172,0,23,66.0
2025-08-17,SKU-0126,166,0,23,66.0
2025-08-24,SKU-0126,165,0,23,66.0
2025-08-31,SKU-0126,160,0,23,66.0
2025-09-07,SKU-0126,154,0,23,66.0
2025-09-14,SKU-0126,151,0,23,66.0
2025-09-21,SKU-0126,144,0,23,66.0
2025-09-28,SKU-0126,137,0,23,66.0
2025-10-05,SKU-0126,132,0,23,66.0
2025-10-12,SKU-0126,115,0,23,66.0
2025-10-19,SKU-0126,105,0,23,66.0
2025-10-26,SKU-0126,87,0,23,66.0
2025-11-02,SKU-0126,79,0,23,66.0
2025-11-09,SKU-0126,65,138,23,66.0
2025-11-16,SKU-0126,56,152,23,66.0
2025-11-23,SKU-0126,57,134,23,66.0
2025-11-30,SKU-0126,48,137,23,66.0
2025-12-07,SKU-0126,35,144,23,66.0
2025-12-14,SKU-0126,123,0,23,66.0
2025-12-21,SKU-0126,107,0,23,66.0
2025-12-28,SKU-0126,93,0,23,66.0
2026-01-04,SKU-0126,84,0,23,66.0
2026-01-11,SKU-0126,80,0,23,66.0
2026-01-18,SKU-0126,74,0,23,66.0
2026-01-25,SKU-0126,71,0,23,66.0
2026-02-01,SKU-0126,169,0,23,66.0
2026-02-08,SKU-0126,173,0,23,66.0
2026-02-15,SKU-0126,168,0,23,66.0
2026-02-22,SKU-0126,160,0,23,66.0
2026-03-01,SKU-0126,150,0,23,66.0
2026-03-08,SKU-0126,141,0,23,66.0
2026-03-15,SKU-0126,136,0,23,66.0
2026-03-22,SKU-0126,133,0,23,66.0
2026-03-29,SKU-0126,126,0,23,66.0
2026-04-05,SKU-0126,114,0,23,66.0
2026-04-12,SKU-0126,109,0,23,
2026-04-19,SKU-0126,104,0,23,66.0
2026-04-26,SKU-0126,102,0,23,66.0
2026-05-03,SKU-0126,92,0,23,66.0
2026-05-10,SKU-0126,94,0,23,66.0
2026-05-17,SKU-0126,90,0,23,66.0
2026-05-24,SKU-0126,94,0,23,66.0
2026-05-31,SKU-0126,92,0,23,66.0
2026-06-07,SKU-0126,87,0,23,66.0
2026-06-14,SKU-0126,80,0,23,66.0
2026-06-21,SKU-0126,71,0,23,66.0
2026-06-28,SKU-0126,63,157,23,66.0
2026-07-05,SKU-0126,68,0,23,66.0
2026-07-12,SKU-0126,65,139,23,66.0
2026-07-19,SKU-0126,60,144,23,66.0
2026-07-26,SKU-0126,188,0,23,66.0
2026-08-02,SKU-0126,187,0,23,66.0
2026-08-09,SKU-0126,181,0,23,66.0
2026-08-16,SKU-0126,179,0,23,66.0
2026-08-23,SKU-0126,174,0,23,66.0
2026-08-30,SKU-0126,175,0,23,66.0
2024-01-07,SKU-0127,57,0,15,38.0
2024-01-14,SKU-0127,85,0,15,38.0
2024-01-21,SKU-0127,48,0,15,38.0
2024-01-28,SKU-0127,125,0,15,38.0
2024-02-04,SKU-0127,95,0,15,38.0
2024-02-11,SKU-0127,62,0,15,38.0
2024-02-18,SKU-0127,31,141,15,38.0
2024-02-25,SKU-0127,88,0,15,38.0
2024-03-03,SKU-0127,55,0,15,38.0
2024-03-10,SKU-0127,35,140,15,38.0
2024-03-17,SKU-0127,1,157,15,38.0
2024-03-24,SKU-0127,135,0,15,38.0
2024-03-31,SKU-0127,100,0,15,38.0
2024-04-07,SKU-0127,65,0,15,38.0
2024-04-14,SKU-0127,29,175,15,38.0
2024-04-21,SKU-0127,150,0,15,38.0
2024-04-28,SKU-0127,122,0,15,38.0
2024-05-05,SKU-0127,92,0,15,38.0
2024-05-12,SKU-0127,66,0,15,38.0
2024-05-19,SKU-0127,128,0,15,38.0
2024-05-26,SKU-0127,103,0,15,38.0
2024-06-02,SKU-0127,74,0,15,38.0
2024-06-09,SKU-0127,45,0,15,38.0
2024-06-16,SKU-0127,134,0,15,38.0
2024-06-23,SKU-0127,97,0,15,38.0
2024-06-30,SKU-0127,39,0,15,38.0
2024-07-07,SKU-0127,0,192,15,38.0
2024-07-14,SKU-0127,129,0,15,38.0
2024-07-21,SKU-0127,118,0,15,38.0
2024-07-28,SKU-0127,90,0,15,38.0
2024-08-04,SKU-0127,73,0,15,38.0
2024-08-11,SKU-0127,41,0,15,38.0
2024-08-18,SKU-0127,125,0,15,38.0
2024-08-25,SKU-0127,107,0,15,38.0
2024-09-01,SKU-0127,77,0,15,38.0
2024-09-08,SKU-0127,53,0,15,38.0
2024-09-15,SKU-0127,41,0,15,38.0
2024-09-22,SKU-0127,13,119,15,38.0
2024-09-29,SKU-0127,76,0,15,38.0
2024-10-06,SKU-0127,45,0,15,38.0
2024-10-13,SKU-0127,153,0,15,38.0
2024-10-20,SKU-0127,113,0,15,38.0
2024-10-27,SKU-0127,78,0,15,38.0
2024-11-03,SKU-0127,124,0,15,38.0
2024-11-10,SKU-0127,89,0,15,38.0
2024-11-17,SKU-0127,59,0,15,38.0
2024-11-24,SKU-0127,109,0,15,38.0
2024-12-01,SKU-0127,85,0,15,38.0
2024-12-08,SKU-0127,69,0,15,38.0
2024-12-15,SKU-0127,45,0,15,38.0
2024-12-22,SKU-0127,77,0,15,38.0
2024-12-29,SKU-0127,27,174,15,38.0
2025-01-05,SKU-0127,138,0,15,38.0
2025-01-12,SKU-0127,114,0,15,38.0
2025-01-19,SKU-0127,93,0,15,38.0
2025-01-26,SKU-0127,64,0,15,38.0
2025-02-02,SKU-0127,41,0,15,38.0
2025-02-09,SKU-0127,111,0,15,38.0
2025-02-16,SKU-0127,87,0,15,38.0
2025-02-23,SKU-0127,67,0,15,38.0
2025-03-02,SKU-0127,38,0,15,38.0
2025-03-09,SKU-0127,129,0,15,38.0
2025-03-16,SKU-0127,105,0,15,38.0
2025-03-23,SKU-0127,83,0,15,38.0
2025-03-30,SKU-0127,55,0,15,38.0
2025-04-06,SKU-0127,150,0,15,38.0
2025-04-13,SKU-0127,120,0,15,38.0
2025-04-20,SKU-0127,91,0,15,38.0
2025-04-27,SKU-0127,58,0,15,38.0
2025-05-04,SKU-0127,196,0,15,38.0
2025-05-11,SKU-0127,163,0,15,38.0
2025-05-18,SKU-0127,126,0,15,38.0
2025-05-25,SKU-0127,101,0,15,38.0
2025-06-01,SKU-0127,77,0,15,38.0
2025-06-08,SKU-0127,55,0,15,38.0
2025-06-15,SKU-0127,148,0,15,38.0
2025-06-22,SKU-0127,100,0,15,38.0
2025-06-29,SKU-0127,45,0,15,38.0
2025-07-06,SKU-0127,22,189,15,38.0
2025-07-13,SKU-0127,111,0,15,38.0
2025-07-20,SKU-0127,88,0,15,38.0
2025-07-27,SKU-0127,79,0,15,38.0
2025-08-03,SKU-0127,64,0,15,38.0
2025-08-10,SKU-0127,42,0,15,38.0
2025-08-17,SKU-0127,15,88,15,38.0
2025-08-24,SKU-0127,0,106,15,38.0
2025-08-31,SKU-0127,73,0,15,38.0
2025-09-07,SKU-0127,59,0,15,38.0
2025-09-14,SKU-0127,38,0,15,38.0
2025-09-21,SKU-0127,113,0,15,38.0
2025-09-28,SKU-0127,98,0,15,38.0
2025-10-05,SKU-0127,70,0,15,38.0
2025-10-12,SKU-0127,50,0,15,38.0
2025-10-19,SKU-0127,113,0,15,38.0
2025-10-26,SKU-0127,71,0,15,38.0
2025-11-02,SKU-0127,47,0,15,38.0
2025-11-09,SKU-0127,93,0,15,38.0
2025-11-16,SKU-0127,58,0,15,38.0
2025-11-23,SKU-0127,148,0,15,38.0
2025-11-30,SKU-0127,124,0,15,38.0
2025-12-07,SKU-0127,101,0,15,38.0
2025-12-14,SKU-0127,81,0,15,38.0
2025-12-21,SKU-0127,54,0,15,38.0
2025-12-28,SKU-0127,15,140,15,38.0
2026-01-04,SKU-0127,101,0,15,38.0
2026-01-11,SKU-0127,83,0,15,38.0
2026-01-18,SKU-0127,64,0,15,38.0
2026-01-25,SKU-0127,100,0,15,38.0
2026-02-01,SKU-0127,67,0,15,38.0
2026-02-08,SKU-0127,47,0,15,38.0
2026-02-15,SKU-0127,28,127,15,38.0
2026-02-22,SKU-0127,100,0,15,38.0
2026-03-01,SKU-0127,84,0,15,38.0
2026-03-08,SKU-0127,63,0,15,38.0
2026-03-15,SKU-0127,154,0,15,38.0
2026-03-22,SKU-0127,125,0,15,38.0
2026-03-29,SKU-0127,95,0,15,38.0
2026-04-05,SKU-0127,70,0,15,38.0
2026-04-12,SKU-0127,43,0,15,38.0
2026-04-19,SKU-0127,147,0,15,38.0
2026-04-26,SKU-0127,123,0,15,38.0
2026-05-03,SKU-0127,106,0,15,38.0
2026-05-10,SKU-0127,80,0,15,38.0
2026-05-17,SKU-0127,57,0,15,38.0
2026-05-24,SKU-0127,33,131,15,38.0
2026-05-31,SKU-0127,88,0,15,38.0
2026-06-07,SKU-0127,73,0,15,38.0
2026-06-14,SKU-0127,51,0,15,38.0
2026-06-21,SKU-0127,7,136,15,38.0
2026-06-28,SKU-0127,113,0,15,38.0
2026-07-05,SKU-0127,91,0,15,38.0
2026-07-12,SKU-0127,64,0,15,38.0
2026-07-19,SKU-0127,47,0,15,38.0
2026-07-26,SKU-0127,115,0,15,38.0
2026-08-02,SKU-0127,96,0,15,38.0
2026-08-09,SKU-0127,72,0,15,38.0
2026-08-16,SKU-0127,55,0,15,38.0
2026-08-23,SKU-0127,39,0,15,38.0
2026-08-30,SKU-0127,26,92,15,38.0
2024-10-27,SKU-0128,72,0,26,68.0
2024-11-03,SKU-0128,0,223,26,68.0
2024-11-10,SKU-0128,135,0,26,68.0
2024-11-17,SKU-0128,253,0,26,68.0
2024-11-24,SKU-0128,199,0,26,68.0
2024-12-01,SKU-0128,158,0,26,68.0
2024-12-08,SKU-0128,101,0,26,68.0
2024-12-15,SKU-0128,255,0,26,68.0
2024-12-22,SKU-0128,181,0,26,68.0
2024-12-29,SKU-0128,115,0,26,68.0
2025-01-05,SKU-0128,54,257,26,68.0
2025-01-12,SKU-0128,226,0,26,68.0
2025-01-19,SKU-0128,193,0,26,68.0
2025-01-26,SKU-0128,149,0,26,68.0
2025-02-02,SKU-0128,98,0,26,68.0
2025-02-09,SKU-0128,245,0,26,68.0
2025-02-16,SKU-0128,202,0,26,68.0
2025-02-23,SKU-0128,169,0,26,68.0
2025-03-02,SKU-0128,134,0,26,68.0
2025-03-09,SKU-0128,99,0,26,68.0
2025-03-16,SKU-0128,65,167,26,68.0
2025-03-23,SKU-0128,154,0,26,68.0
2025-03-30,SKU-0128,125,0,26,68.0
2025-04-06,SKU-0128,94,0,26,68.0
2025-04-13,SKU-0128,163,0,26,68.0
2025-04-20,SKU-0128,116,0,26,68.0
2025-04-27,SKU-0128,90,0,26,68.0
2025-05-04,SKU-0128,190,0,26,68.0
2025-05-11,SKU-0128,161,0,26,68.0
2025-05-18,SKU-0128,128,0,26,68.0
2025-05-25,SKU-0128,99,0,26,68.0
2025-06-01,SKU-0128,77,0,26,68.0
2025-06-08,SKU-0128,51,164,26,68.0
2025-06-15,SKU-0128,133,0,26,68.0
2025-06-22,SKU-0128,77,0,26,68.0
2025-06-29,SKU-0128,31,180,26,68.0
2025-07-06,SKU-0128,92,0,26,68.0
2025-07-13,SKU-0128,193,0,26,68.0
2025-07-20,SKU-0128,144,0,26,68.0
2025-07-27,SKU-0128,109,0,26,68.0
2025-08-03,SKU-0128,76,0,26,68.0
2025-08-10,SKU-0128,149,0,26,68.0
2025-08-17,SKU-0128,110,0,26,68.0
2025-08-24,SKU-0128,80,0,26,68.0
2025-08-31,SKU-0128,186,0,26,68.0
2025-09-07,SKU-0128,137,0,26,68.0
2025-09-14,SKU-0128,93,0,26,68.0
2025-09-21,SKU-0128,250,0,26,68.0
2025-09-28,SKU-0128,198,0,26,68.0
2025-10-05,SKU-0128,122,0,26,68.0
2025-10-12,SKU-0128,260,0,26,68.0
2025-10-19,SKU-0128,180,0,26,68.0
2025-10-26,SKU-0128,97,0,26,68.0
2025-11-02,SKU-0128,16,341,26,68.0
2025-11-09,SKU-0128,0,350,26,68.0
2025-11-16,SKU-0128,261,0,26,68.0
2025-11-23,SKU-0128,209,0,26,68.0
2025-11-30,SKU-0128,150,0,26,68.0
2025-12-07,SKU-0128,111,0,26,68.0
2025-12-14,SKU-0128,223,0,26,68.0
2025-12-21,SKU-0128,137,0,26,68.0
2025-12-28,SKU-0128,336,0,26,68.0
2026-01-04,SKU-0128,264,0,26,68.0
2026-01-11,SKU-0128,224,0,26,68.0
2026-01-18,SKU-0128,181,0,26,68.0
2026-01-25,SKU-0128,121,0,26,68.0
2026-02-01,SKU-0128,82,0,26,68.0
2026-02-08,SKU-0128,54,212,26,68.0
2026-02-15,SKU-0128,6,226,26,68.0
2026-02-22,SKU-0128,95,0,26,68.0
2026-03-01,SKU-0128,160,0,26,68.0
2026-03-08,SKU-0128,129,0,26,68.0
2026-03-15,SKU-0128,95,0,26,68.0
2026-03-22,SKU-0128,153,0,26,68.0
2026-03-29,SKU-0128,118,0,26,68.0
2026-04-05,SKU-0128,84,0,26,68.0
2026-04-12,SKU-0128,222,0,26,68.0
2026-04-19,SKU-0128,184,0,26,68.0
2026-04-26,SKU-0128,149,0,26,68.0
2026-05-03,SKU-0128,110,0,26,68.0
2026-05-10,SKU-0128,87,0,26,68.0
2026-05-17,SKU-0128,43,169,26,68.0
2026-05-24,SKU-0128,163,0,26,68.0
2026-05-31,SKU-0128,129,0,26,68.0
2026-06-07,SKU-0128,101,0,26,68.0
2026-06-14,SKU-0128,76,0,26,68.0
2026-06-21,SKU-0128,146,0,26,68.0
2026-06-28,SKU-0128,93,0,26,68.0
2026-07-05,SKU-0128,226,0,26,68.0
2026-07-12,SKU-0128,189,0,26,68.0
2026-07-19,SKU-0128,147,0,26,68.0
2026-07-26,SKU-0128,115,0,26,68.0
2026-08-02,SKU-0128,75,0,26,68.0
2026-08-09,SKU-0128,198,0,26,68.0
2026-08-16,SKU-0128,161,0,26,68.0
2026-08-23,SKU-0128,120,0,26,68.0
2026-08-30,SKU-0128,81,0,26,68.0
2024-04-07,SKU-0129,54,0,8,45.0
2024-04-14,SKU-0129,35,131,8,45.0
2024-04-21,SKU-0129,125,0,8,45.0
2024-04-28,SKU-0129,105,0,8,45.0
2024-05-05,SKU-0129,85,0,8,45.0
2024-05-12,SKU-0129,59,0,8,45.0
2024-05-19,SKU-0129,125,0,8,45.0
2024-05-26,SKU-0129,102,0,8,45.0
2024-06-02,SKU-0129,80,0,8,45.0
2024-06-09,SKU-0129,58,0,8,45.0
2024-06-16,SKU-0129,118,0,8,45.0
2024-06-23,SKU-0129,77,0,8,45.0
2024-06-30,SKU-0129,203,0,8,45.0
2024-07-07,SKU-0129,186,0,8,45.0
2024-07-14,SKU-0129,146,0,8,45.0
2024-07-21,SKU-0129,102,0,8,45.0
2024-07-28,SKU-0129,74,0,8,45.0
2024-08-04,SKU-0129,123,0,8,45.0
2024-08-11,SKU-0129,91,0,8,45.0
2024-08-18,SKU-0129,52,0,8,45.0
2024-08-25,SKU-0129,133,0,8,45.0
2024-09-01,SKU-0129,101,0,8,45.0
2024-09-08,SKU-0129,64,0,8,45.0
2024-09-15,SKU-0129,166,0,8,45.0
2024-09-22,SKU-0129,143,0,8,45.0
2024-09-29,SKU-0129,108,0,8,45.0
2024-10-06,SKU-0129,57,0,8,45.0
2024-10-13,SKU-0129,182,0,8,45.0
2024-10-20,SKU-0129,116,0,8,45.0
2024-10-27,SKU-0129,35,263,8,45.0
2024-11-03,SKU-0129,242,0,8,45.0
2024-11-10,SKU-0129,172,0,8,45.0
2024-11-17,SKU-0129,128,0,8,45.0
2024-11-24,SKU-0129,113,0,8,45.0
2024-12-01,SKU-0129,94,0,8,45.0
2024-12-08,SKU-0129,73,0,8,45.0
2024-12-15,SKU-0129,39,133,8,45.0
2024-12-22,SKU-0129,99,0,8,45.0
2024-12-29,SKU-0129,61,0,8,45.0
2025-01-05,SKU-0129,198,0,8,45.0
2025-01-12,SKU-0129,180,0,8,45.0
2025-01-19,SKU-0129,161,0,8,45.0
2025-01-26,SKU-0129,135,0,8,45.0
2025-02-02,SKU-0129,117,0,8,45.0
2025-02-09,SKU-0129,96,0,8,45.0
2025-02-16,SKU-0129,72,0,8,45.0
2025-02-23,SKU-0129,52,0,8,45.0
2025-03-02,SKU-0129,125,0,8,45.0
2025-03-09,SKU-0129,109,0,8,45.0
2025-03-16,SKU-0129,71,0,8,45.0
2025-03-23,SKU-0129,50,0,8,45.0
2025-03-30,SKU-0129,117,0,8,45.0
2025-04-06,SKU-0129,86,0,8,45.0
2025-04-13,SKU-0129,51,0,8,45.0
2025-04-20,SKU-0129,126,0,8,45.0
2025-04-27,SKU-0129,99,0,8,45.0
2025-05-04,SKU-0129,65,0,8,45.0
2025-05-11,SKU-0129,133,0,8,45.0
2025-05-18,SKU-0129,111,0,8,45.0
2025-05-25,SKU-0129,92,0,8,45.0
2025-06-01,SKU-0129,59,0,8,45.0
2025-06-08,SKU-0129,127,0,8,45.0
2025-06-15,SKU-0129,84,0,8,45.0
2025-06-22,SKU-0129,48,0,8,45.0
2025-06-29,SKU-0129,164,0,8,45.0
2025-07-06,SKU-0129,134,0,8,45.0
2025-07-13,SKU-0129,104,0,8,45.0
2025-07-20,SKU-0129,69,0,8,45.0
2025-07-27,SKU-0129,31,173,8,45.0
2025-08-03,SKU-0129,0,179,8,45.0
2025-08-10,SKU-0129,98,0,8,45.0
2025-08-17,SKU-0129,82,0,8,45.0
2025-08-24,SKU-0129,178,0,8,45.0
2025-08-31,SKU-0129,141,0,8,45.0
2025-09-07,SKU-0129,120,0,8,45.0
2025-09-14,SKU-0129,83,0,8,45.0
2025-09-21,SKU-0129,52,0,8,45.0
2025-09-28,SKU-0129,141,0,8,45.0
2025-10-05,SKU-0129,97,0,8,45.0
2025-10-12,SKU-0129,45,0,8,45.0
2025-10-19,SKU-0129,0,202,8,45.0
2025-10-26,SKU-0129,228,0,8,45.0
2025-11-02,SKU-0129,182,0,8,45.0
2025-11-09,SKU-0129,125,0,8,45.0
2025-11-16,SKU-0129,75,0,8,45.0
2025-11-23,SKU-0129,43,210,8,45.0
2025-11-30,SKU-0129,14,207,8,45.0
2025-12-07,SKU-0129,124,0,8,45.0
2025-12-14,SKU-0129,97,0,8,45.0
2025-12-21,SKU-0129,66,0,8,45.0
2025-12-28,SKU-0129,155,0,8,45.0
2026-01-04,SKU-0129,110,0,8,45.0
2026-01-11,SKU-0129,89,0,8,45.0
2026-01-18,SKU-0129,60,0,8,45.0
2026-01-25,SKU-0129,174,0,8,45.0
2026-02-01,SKU-0129,154,0,8,45.0
2026-02-08,SKU-0129,140,0,8,45.0
2026-02-15,SKU-0129,112,0,8,45.0
2026-02-22,SKU-0129,87,0,8,45.0
2026-03-01,SKU-0129,57,0,8,45.0
2026-03-08,SKU-0129,130,0,8,45.0
2026-03-15,SKU-0129,100,0,8,45.0
2026-03-22,SKU-0129,77,0,8,45.0
2026-03-29,SKU-0129,56,0,8,45.0
2026-04-05,SKU-0129,134,0,8,45.0
2026-04-12,SKU-0129,104,0,8,45.0
2026-04-19,SKU-0129,88,0,8,45.0
2026-04-26,SKU-0129,65,0,8,45.0
2026-05-03,SKU-0129,157,0,8,45.0
2026-05-10,SKU-0129,123,0,8,45.0
2026-05-17,SKU-0129,86,0,8,45.0
2026-05-24,SKU-0129,55,0,8,45.0
2026-05-31,SKU-0129,27,155,8,45.0
2026-06-07,SKU-0129,81,0,8,45.0
2026-06-14,SKU-0129,56,0,8,45.0
2026-06-21,SKU-0129,11,162,8,45.0
2026-06-28,SKU-0129,116,0,8,45.0
2026-07-05,SKU-0129,69,0,8,45.0
2026-07-12,SKU-0129,47,0,8,45.0
2026-07-19,SKU-0129,105,0,8,45.0
2026-07-26,SKU-0129,83,0,8,45.0
2026-08-02,SKU-0129,43,158,8,45.0
2026-08-09,SKU-0129,0,154,8,45.0
2026-08-16,SKU-0129,125,0,8,45.0
2026-08-23,SKU-0129,79,0,8,45.0
2026-08-30,SKU-0129,141,0,8,45.0
2024-10-27,SKU-0130,90,0,19,27.0
2024-11-03,SKU-0130,38,0,19,27.0
2024-11-10,SKU-0130,186,0,19,27.0
2024-11-17,SKU-0130,129,0,19,27.0
2024-11-24,SKU-0130,94,0,19,27.0
2024-12-01,SKU-0130,60,0,19,27.0
2024-12-08,SKU-0130,22,197,19,27.0
2024-12-15,SKU-0130,168,0,19,27.0
2024-12-22,SKU-0130,93,0,19,27.0
2024-12-29,SKU-0130,13,246,19,27.0
2025-01-05,SKU-0130,0,266,19,27.0
2025-01-12,SKU-0130,168,0,19,27.0
2025-01-19,SKU-0130,132,0,19,27.0
2025-01-26,SKU-0130,91,0,19,27.0
2025-02-02,SKU-0130,60,0,19,27.0
2025-02-09,SKU-0130,189,0,19,27.0
2025-02-16,SKU-0130,146,0,19,27.0
2025-02-23,SKU-0130,109,0,19,27.0
2025-03-02,SKU-0130,72,0,19,27.0
2025-03-09,SKU-0130,26,200,19,27.0
2025-03-16,SKU-0130,153,0,19,27.0
2025-03-23,SKU-0130,117,0,19,27.0
2025-03-30,SKU-0130,82,0,19,27.0
2025-04-06,SKU-0130,49,0,19,27.0
2025-04-13,SKU-0130,15,163,19,27.0
2025-04-20,SKU-0130,0,178,19,27.0
2025-04-27,SKU-0130,0,156,19,27.0
2025-05-04,SKU-0130,118,0,19,27.0
2025-05-11,SKU-0130,78,0,19,27.0
2025-05-18,SKU-0130,46,0,19,27.0
2025-05-25,SKU-0130,133,0,19,27.0
2025-06-01,SKU-0130,109,0,19,27.0
2025-06-08,SKU-0130,82,0,19,27.0
2025-06-15,SKU-0130,43,0,19,27.0
2025-06-22,SKU-0130,94,0,19,27.0
2025-06-29,SKU-0130,42,0,19,27.0
2025-07-06,SKU-0130,17,194,19,27.0
2025-07-13,SKU-0130,168,0,19,27.0
2025-07-20,SKU-0130,144,0,19,27.0
2025-07-27,SKU-0130,124,0,19,27.0
2025-08-03,SKU-0130,99,0,19,27.0
2025-08-10,SKU-0130,75,0,19,27.0
2025-08-17,SKU-0130,42,0,19,27.0
2025-08-24,SKU-0130,141,0,19,27.0
2025-08-31,SKU-0130,104,0,19,27.0
2025-09-07,SKU-0130,77,0,19,27.0
2025-09-14,SKU-0130,56,0,19,27.0
2025-09-21,SKU-0130,33,0,19,27.0
2025-09-28,SKU-0130,83,0,19,27.0
2025-10-05,SKU-0130,34,0,19,27.0
2025-10-12,SKU-0130,171,0,19,27.0
2025-10-19,SKU-0130,107,0,19,27.0
2025-10-26,SKU-0130,59,0,19,27.0
2025-11-02,SKU-0130,151,0,19,27.0
2025-11-09,SKU-0130,92,0,19,27.0
2025-11-16,SKU-0130,47,0,19,27.0
2025-11-23,SKU-0130,14,217,19,27.0
2025-11-30,SKU-0130,0,219,19,27.0
2025-12-07,SKU-0130,104,0,19,27.0
2025-12-14,SKU-0130,53,0,19,27.0
2025-12-21,SKU-0130,0,206,19,27.0
2025-12-28,SKU-0130,0,232,19,27.0
2026-01-04,SKU-0130,203,0,19,27.0
2026-01-11,SKU-0130,160,0,19,27.0
2026-01-18,SKU-0130,109,0,19,27.0
2026-01-25,SKU-0130,69,0,19,27.0
2026-02-01,SKU-0130,158,0,19,27.0
2026-02-08,SKU-0130,123,0,19,27.0
2026-02-15,SKU-0130,100,0,19,27.0
2026-02-22,SKU-0130,63,0,19,27.0
2026-03-01,SKU-0130,28,0,19,27.0
2026-03-08,SKU-0130,0,170,19,27.0
2026-03-15,SKU-0130,0,188,19,27.0
2026-03-22,SKU-0130,0,173,19,27.0
2026-03-29,SKU-0130,112,0,19,27.0
2026-04-05,SKU-0130,74,0,19,27.0
2026-04-12,SKU-0130,37,0,19,27.0
2026-04-19,SKU-0130,167,0,19,27.0
2026-04-26,SKU-0130,136,0,19,27.0
2026-05-03,SKU-0130,97,0,19,27.0
2026-05-10,SKU-0130,64,0,19,27.0
2026-05-17,SKU-0130,32,0,19,27.0
2026-05-24,SKU-0130,120,0,19,27.0
2026-05-31,SKU-0130,89,0,19,27.0
2026-06-07,SKU-0130,65,0,19,27.0
2026-06-14,SKU-0130,38,0,19,27.0
2026-06-21,SKU-0130,0,141,19,27.0
2026-06-28,SKU-0130,0,186,19,27.0
2026-07-05,SKU-0130,180,0,19,27.0
2026-07-12,SKU-0130,152,0,19,27.0
2026-07-19,SKU-0130,116,0,19,27.0
2026-07-26,SKU-0130,90,0,19,27.0
2026-08-02,SKU-0130,63,0,19,27.0
2026-08-09,SKU-0130,43,0,19,27.0
2026-08-16,SKU-0130,12,150,19,27.0
2026-08-23,SKU-0130,0,127,19,27.0
2026-08-30,SKU-0130,147,0,19,27.0
2024-08-18,SKU-0131,130,0,20,61.0
2024-08-25,SKU-0131,95,0,20,61.0
2024-09-01,SKU-0131,60,144,20,61.0
2024-09-08,SKU-0131,130,0,20,61.0
2024-09-15,SKU-0131,89,0,20,61.0
2024-09-22,SKU-0131,43,202,20,61.0
2024-09-29,SKU-0131,0,218,20,61.0
2024-10-06,SKU-0131,191,0,20,61.0
2024-10-13,SKU-0131,119,0,20,61.0
2024-10-20,SKU-0131,263,0,20,61.0
2024-10-27,SKU-0131,194,0,20,61.0
2024-11-03,SKU-0131,108,0,20,61.0
2024-11-10,SKU-0131,53,309,20,61.0
2024-11-17,SKU-0131,212,0,20,61.0
2024-11-24,SKU-0131,175,0,20,61.0
2024-12-01,SKU-0131,134,0,20,61.0
2024-12-08,SKU-0131,89,0,20,61.0
2024-12-15,SKU-0131,37,193,20,61.0
2024-12-22,SKU-0131,0,231,20,61.0
2024-12-29,SKU-0131,0,253,20,61.0
2025-01-05,SKU-0131,0,263,20,61.0
2025-01-12,SKU-0131,0,253,20,61.0
2025-01-19,SKU-0131,153,0,20,61.0
2025-01-26,SKU-0131,117,0,20,61.0
2025-02-02,SKU-0131,80,0,20,61.0
2025-02-09,SKU-0131,142,0,20,61.0
2025-02-16,SKU-0131,110,0,20,61.0
2025-02-23,SKU-0131,78,0,20,61.0
2025-03-02,SKU-0131,47,170,20,61.0
2025-03-09,SKU-0131,104,0,20,61.0
2025-03-16,SKU-0131,74,0,20,61.0
2025-03-23,SKU-0131,46,159,20,61.0
2025-03-30,SKU-0131,149,0,20,61.0
2025-04-06,SKU-0131,119,0,20,61.0
2025-04-13,SKU-0131,84,0,20,61.0
2025-04-20,SKU-0131,49,156,20,61.0
2025-04-27,SKU-0131,14,164,20,61.0
2025-05-04,SKU-0131,81,0,20,61.0
2025-05-11,SKU-0131,203,0,20,61.0
2025-05-18,SKU-0131,176,0,20,61.0
2025-05-25,SKU-0131,159,0,20,61.0
2025-06-01,SKU-0131,122,0,20,61.0
2025-06-08,SKU-0131,82,0,20,61.0
2025-06-15,SKU-0131,152,0,20,61.0
2025-06-22,SKU-0131,99,0,20,61.0
2025-06-29,SKU-0131,48,184,20,61.0
2025-07-06,SKU-0131,112,0,20,61.0
2025-07-13,SKU-0131,85,0,20,61.0
2025-07-20,SKU-0131,59,147,20,61.0
2025-07-27,SKU-0131,119,0,20,61.0
2025-08-03,SKU-0131,89,0,20,61.0
2025-08-10,SKU-0131,161,0,20,61.0
2025-08-17,SKU-0131,131,0,20,61.0
2025-08-24,SKU-0131,87,0,20,61.0
2025-08-31,SKU-0131,180,0,20,61.0
2025-09-07,SKU-0131,137,0,20,61.0
2025-09-14,SKU-0131,95,0,20,61.0
2025-09-21,SKU-0131,54,198,20,61.0
2025-09-28,SKU-0131,147,0,20,61.0
2025-10-05,SKU-0131,77,0,20,61.0
2025-10-12,SKU-0131,32,225,20,61.0
2025-10-19,SKU-0131,0,246,20,61.0
2025-10-26,SKU-0131,200,0,20,61.0
2025-11-02,SKU-0131,132,0,20,61.0
2025-11-09,SKU-0131,62,0,20,61.0
2025-11-16,SKU-0131,262,0,20,61.0
2025-11-23,SKU-0131,220,0,20,61.0
2025-11-30,SKU-0131,171,0,20,61.0
2025-12-07,SKU-0131,122,0,20,61.0
2025-12-14,SKU-0131,99,0,20,61.0
2025-12-21,SKU-0131,209,0,20,61.0
2025-12-28,SKU-0131,146,0,20,61.0
2026-01-04,SKU-0131,91,0,20,61.0
2026-01-11,SKU-0131,221,0,20,61.0
2026-01-18,SKU-0131,180,0,20,61.0
2026-01-25,SKU-0131,128,0,20,61.0
2026-02-01,SKU-0131,85,0,20,61.0
2026-02-08,SKU-0131,162,0,20,61.0
2026-02-15,SKU-0131,130,0,20,61.0
2026-02-22,SKU-0131,97,0,20,61.0
2026-03-01,SKU-0131,69,0,20,61.0
2026-03-08,SKU-0131,183,0,20,61.0
2026-03-15,SKU-0131,147,0,20,61.0
2026-03-22,SKU-0131,120,0,20,61.0
2026-03-29,SKU-0131,75,0,20,61.0
2026-04-05,SKU-0131,142,0,20,61.0
2026-04-12,SKU-0131,115,0,20,61.0
2026-04-19,SKU-0131,91,0,20,61.0
2026-04-26,SKU-0131,162,0,20,61.0
2026-05-03,SKU-0131,129,0,20,61.0
2026-05-10,SKU-0131,113,0,20,61.0
2026-05-17,SKU-0131,79,0,20,61.0
2026-05-24,SKU-0131,48,157,20,61.0
2026-05-31,SKU-0131,17,138,20,61.0
2026-06-07,SKU-0131,3,145,20,61.0
2026-06-14,SKU-0131,127,0,20,61.0
2026-06-21,SKU-0131,90,0,20,61.0
2026-06-28,SKU-0131,172,0,20,61.0
2026-07-05,SKU-0131,137,0,20,61.0
2026-07-12,SKU-0131,99,0,20,61.0
2026-07-19,SKU-0131,61,0,20,61.0
2026-07-26,SKU-0131,33,180,20,61.0
2026-08-02,SKU-0131,131,0,20,61.0
2026-08-09,SKU-0131,98,0,20,61.0
2026-08-16,SKU-0131,61,0,20,61.0
2026-08-23,SKU-0131,119,0,20,61.0
2026-08-30,SKU-0131,95,0,20,61.0
2024-09-29,SKU-0132,345,0,5,44.0
2024-10-06,SKU-0132,245,0,5,44.0
2024-10-13,SKU-0132,135,0,5,44.0
2024-10-20,SKU-0132,17,437,5,44.0
2024-10-27,SKU-0132,303,0,5,44.0
2024-11-03,SKU-0132,181,0,5,44.0
2024-11-10,SKU-0132,33,539,5,44.0
2024-11-17,SKU-0132,0,513,5,44.0
2024-11-24,SKU-0132,460,0,5,44.0
2024-12-01,SKU-0132,384,0,5,44.0
2024-12-08,SKU-0132,290,0,5,44.0
2024-12-15,SKU-0132,199,0,5,44.0
2024-12-22,SKU-0132,72,0,5,44.0
2024-12-29,SKU-0132,0,475,5,44.0
2025-01-05,SKU-0132,426,0,5,44.0
2025-01-12,SKU-0132,335,0,5,44.0
2025-01-19,SKU-0132,229,0,5,44.0
2025-01-26,SKU-0132,155,0,5,44.0
2025-02-02,SKU-0132,418,0,5,44.0
2025-02-09,SKU-0132,333,0,5,44.0
2025-02-16,SKU-0132,272,0,5,44.0
2025-02-23,SKU-0132,197,0,5,44.0
2025-03-02,SKU-0132,121,0,5,44.0
2025-03-09,SKU-0132,33,328,5,44.0
2025-03-16,SKU-0132,0,349,5,44.0
2025-03-23,SKU-0132,332,0,5,44.0
2025-03-30,SKU-0132,245,0,5,44.0
2025-04-06,SKU-0132,159,0,5,44.0
2025-04-13,SKU-0132,66,0,5,44.0
2025-04-20,SKU-0132,272,0,5,44.0
2025-04-27,SKU-0132,188,0,5,44.0
2025-05-04,SKU-0132,110,0,5,44.0
2025-05-11,SKU-0132,52,0,5,
2025-05-18,SKU-0132,268,0,5,44.0
2025-05-25,SKU-0132,205,0,5,44.0
2025-06-01,SKU-0132,146,0,5,44.0
2025-06-08,SKU-0132,67,0,5,44.0
2025-06-15,SKU-0132,0,292,5,44.0
2025-06-22,SKU-0132,200,0,5,44.0
2025-06-29,SKU-0132,110,0,5,44.0
2025-07-06,SKU-0132,46,0,5,44.0
2025-07-13,SKU-0132,0,336,5,44.0
2025-07-20,SKU-0132,0,296,5,44.0
2025-07-27,SKU-0132,211,0,5,44.0
2025-08-03,SKU-0132,161,0,5,44.0
2025-08-10,SKU-0132,105,0,5,44.0
2025-08-17,SKU-0132,169,0,5,44.0
2025-08-24,SKU-0132,112,0,5,44.0
2025-08-31,SKU-0132,58,0,5,44.0
2025-09-07,SKU-0132,217,0,5,44.0
2025-09-14,SKU-0132,163,0,5,44.0
2025-09-21,SKU-0132,112,0,5,44.0
2025-09-28,SKU-0132,45,0,5,44.0
2025-10-05,SKU-0132,161,0,5,44.0
2025-10-12,SKU-0132,59,0,5,44.0
2025-10-19,SKU-0132,366,0,5,44.0
2025-10-26,SKU-0132,268,0,5,44.0
2025-11-02,SKU-0132,171,0,5,44.0
2025-11-09,SKU-0132,55,0,5,44.0
2025-11-16,SKU-0132,0,437,5,44.0
2025-11-23,SKU-0132,0,431,5,44.0
2025-11-30,SKU-0132,406,0,5,44.0
2025-12-07,SKU-0132,324,0,5,44.0
2025-12-14,SKU-0132,250,0,5,44.0
2025-12-21,SKU-0132,140,0,5,44.0
2025-12-28,SKU-0132,353,0,5,44.0
2026-01-04,SKU-0132,268,0,5,44.0
2026-01-11,SKU-0132,174,0,5,44.0
2026-01-18,SKU-0132,91,0,5,44.0
2026-01-25,SKU-0132,206,0,5,44.0
2026-02-01,SKU-0132,114,0,5,44.0
2026-02-08,SKU-0132,44,0,5,44.0
2026-02-15,SKU-0132,0,365,5,44.0
2026-02-22,SKU-0132,0,401,5,44.0
2026-03-01,SKU-0132,0,352,5,44.0
2026-03-08,SKU-0132,249,0,5,44.0
2026-03-15,SKU-0132,166,0,5,44.0
2026-03-22,SKU-0132,91,0,5,44.0
2026-03-29,SKU-0132,11,342,5,44.0
2026-04-05,SKU-0132,211,0,5,44.0
2026-04-12,SKU-0132,125,0,5,44.0
2026-04-19,SKU-0132,57,0,5,44.0
2026-04-26,SKU-0132,171,0,5,44.0
2026-05-03,SKU-0132,106,0,5,44.0
2026-05-10,SKU-0132,36,305,5,44.0
2026-05-17,SKU-0132,0,312,5,44.0
2026-05-24,SKU-0132,170,0,5,44.0
2026-05-31,SKU-0132,106,0,5,44.0
2026-06-07,SKU-0132,62,0,5,44.0
2026-06-14,SKU-0132,136,0,5,44.0
2026-06-21,SKU-0132,49,0,5,44.0
2026-06-28,SKU-0132,301,0,5,44.0
2026-07-05,SKU-0132,236,0,5,44.0
2026-07-12,SKU-0132,184,0,5,44.0
2026-07-19,SKU-0132,126,0,5,44.0
2026-07-26,SKU-0132,66,0,5,44.0
2026-08-02,SKU-0132,25,240,5,44.0
2026-08-09,SKU-0132,0,251,5,44.0
2026-08-16,SKU-0132,174,0,5,44.0
2026-08-23,SKU-0132,116,0,5,44.0
2026-08-30,SKU-0132,84,0,5,44.0
2024-08-18,SKU-0133,53,0,17,31.0
2024-08-25,SKU-0133,44,0,17,31.0
2024-09-01,SKU-0133,41,0,17,31.0
2024-09-08,SKU-0133,36,0,17,31.0
2024-09-15,SKU-0133,29,82,17,31.0
2024-09-22,SKU-0133,22,76,17,31.0
2024-09-29,SKU-0133,79,0,17,31.0
2024-10-06,SKU-0133,77,0,17,31.0
2024-10-13,SKU-0133,65,0,17,31.0
2024-10-20,SKU-0133,54,0,17,31.0
2024-10-27,SKU-0133,49,0,17,31.0
2024-11-03,SKU-0133,44,0,17,31.0
2024-11-10,SKU-0133,38,0,17,31.0
2024-11-17,SKU-0133,34,0,17,31.0
2024-11-24,SKU-0133,36,0,17,31.0
2024-12-01,SKU-0133,33,0,17,31.0
2024-12-08,SKU-0133,35,0,17,31.0
2024-12-15,SKU-0133,23,63,17,31.0
2024-12-22,SKU-0133,17,79,17,31.0
2024-12-29,SKU-0133,66,0,17,31.0
2025-01-05,SKU-0133,58,0,17,31.0
2025-01-12,SKU-0133,45,0,17,31.0
2025-01-19,SKU-0133,44,0,17,31.0
2025-01-26,SKU-0133,40,0,17,31.0
2025-02-02,SKU-0133,38,0,17,31.0
2025-02-09,SKU-0133,27,75,17,31.0
2025-02-16,SKU-0133,93,0,17,31.0
2025-02-23,SKU-0133,86,0,17,31.0
2025-03-02,SKU-0133,88,0,17,31.0
2025-03-09,SKU-0133,81,0,17,31.0
2025-03-16,SKU-0133,72,0,17,31.0
2025-03-23,SKU-0133,69,0,17,31.0
2025-03-30,SKU-0133,71,0,17,31.0
2025-04-06,SKU-0133,67,0,17,31.0
2025-04-13,SKU-0133,59,0,17,31.0
2025-04-20,SKU-0133,57,0,17,31.0
2025-04-27,SKU-0133,51,0,17,31.0
2025-05-04,SKU-0133,43,0,17,31.0
2025-05-11,SKU-0133,38,0,17,31.0
2025-05-18,SKU-0133,40,0,17,31.0
2025-05-25,SKU-0133,33,0,17,31.0
2025-06-01,SKU-0133,84,0,17,31.0
2025-06-08,SKU-0133,80,0,17,31.0
2025-06-15,SKU-0133,78,0,17,31.0
2025-06-22,SKU-0133,62,0,17,31.0
2025-06-29,SKU-0133,59,0,17,31.0
2025-07-06,SKU-0133,57,0,17,31.0
2025-07-13,SKU-0133,50,0,17,31.0
2025-07-20,SKU-0133,46,0,17,31.0
2025-07-27,SKU-0133,42,0,17,31.0
2025-08-03,SKU-0133,37,0,17,31.0
2025-08-10,SKU-0133,26,66,17,31.0
2025-08-17,SKU-0133,25,75,17,31.0
2025-08-24,SKU-0133,19,67,17,31.0
2025-08-31,SKU-0133,48,0,17,31.0
2025-09-07,SKU-0133,46,0,17,31.0
2025-09-14,SKU-0133,48,0,17,31.0
2025-09-21,SKU-0133,49,0,17,31.0
2025-09-28,SKU-0133,51,0,17,31.0
2025-10-05,SKU-0133,52,0,17,31.0
2025-10-12,SKU-0133,48,0,17,31.0
2025-10-19,SKU-0133,40,0,17,31.0
2025-10-26,SKU-0133,23,74,17,31.0
2025-11-02,SKU-0133,10,66,17,31.0
2025-11-09,SKU-0133,51,0,17,31.0
2025-11-16,SKU-0133,41,0,17,31.0
2025-11-23,SKU-0133,35,0,17,31.0
2025-11-30,SKU-0133,33,0,17,31.0
2025-12-07,SKU-0133,100,0,17,31.0
2025-12-14,SKU-0133,98,0,17,31.0
2025-12-21,SKU-0133,85,0,17,31.0
2025-12-28,SKU-0133,71,0,17,31.0
2026-01-04,SKU-0133,62,0,17,31.0
2026-01-11,SKU-0133,55,0,17,31.0
2026-01-18,SKU-0133,49,0,17,31.0
2026-01-25,SKU-0133,39,0,17,31.0
2026-02-01,SKU-0133,32,0,17,31.0
2026-02-08,SKU-0133,27,86,17,31.0
2026-02-15,SKU-0133,26,87,17,31.0
2026-02-22,SKU-0133,20,85,17,31.0
2026-03-01,SKU-0133,18,67,17,31.0
2026-03-08,SKU-0133,7,65,17,31.0
2026-03-15,SKU-0133,63,0,17,31.0
2026-03-22,SKU-0133,63,0,17,31.0
2026-03-29,SKU-0133,59,0,17,31.0
2026-04-05,SKU-0133,48,0,17,31.0
2026-04-12,SKU-0133,43,0,17,31.0
2026-04-19,SKU-0133,30,70,17,31.0
2026-04-26,SKU-0133,88,0,17,31.0
2026-05-03,SKU-0133,85,0,17,31.0
2026-05-10,SKU-0133,73,0,17,31.0
2026-05-17,SKU-0133,61,0,17,31.0
2026-05-24,SKU-0133,61,0,17,31.0
2026-05-31,SKU-0133,60,0,17,31.0
2026-06-07,SKU-0133,55,0,17,31.0
2026-06-14,SKU-0133,47,0,17,31.0
2026-06-21,SKU-0133,39,0,17,31.0
2026-06-28,SKU-0133,33,0,17,31.0
2026-07-05,SKU-0133,25,64,17,31.0
2026-07-12,SKU-0133,88,0,17,31.0
2026-07-19,SKU-0133,78,0,17,31.0
2026-07-26,SKU-0133,72,0,17,31.0
2026-08-02,SKU-0133,64,0,17,31.0
2026-08-09,SKU-0133,65,0,17,31.0
2026-08-16,SKU-0133,66,0,17,31.0
2026-08-23,SKU-0133,70,0,17,31.0
2026-08-30,SKU-0133,64,0,17,31.0
2024-09-29,SKU-0134,49,135,25,55.0
2024-10-06,SKU-0134,0,186,25,55.0
2024-10-13,SKU-0134,143,0,25,55.0
2024-10-20,SKU-0134,57,0,25,55.0
2024-10-27,SKU-0134,242,0,25,55.0
2024-11-03,SKU-0134,164,0,25,55.0
2024-11-10,SKU-0134,70,0,25,55.0
2024-11-17,SKU-0134,2,337,25,55.0
2024-11-24,SKU-0134,0,328,25,55.0
2024-12-01,SKU-0134,185,0,25,55.0
2024-12-08,SKU-0134,147,0,25,55.0
2024-12-15,SKU-0134,87,0,25,55.0
2024-12-22,SKU-0134,7,244,25,55.0
2024-12-29,SKU-0134,0,294,25,55.0
2025-01-05,SKU-0134,259,0,25,55.0
2025-01-12,SKU-0134,206,0,25,55.0
2025-01-19,SKU-0134,161,0,25,55.0
2025-01-26,SKU-0134,118,0,25,55.0
2025-02-02,SKU-0134,65,0,25,55.0
2025-02-09,SKU-0134,179,0,25,55.0
2025-02-16,SKU-0134,126,0,25,55.0
2025-02-23,SKU-0134,100,0,25,55.0
2025-03-02,SKU-0134,56,0,25,55.0
2025-03-09,SKU-0134,204,0,25,55.0
2025-03-16,SKU-0134,161,0,25,55.0
2025-03-23,SKU-0134,127,0,25,55.0
2025-03-30,SKU-0134,88,0,25,55.0
2025-04-06,SKU-0134,42,200,25,55.0
2025-04-13,SKU-0134,131,0,25,55.0
2025-04-20,SKU-0134,106,0,25,55.0
2025-04-27,SKU-0134,83,0,25,55.0
2025-05-04,SKU-0134,200,0,25,55.0
2025-05-11,SKU-0134,163,0,25,55.0
2025-05-18,SKU-0134,131,0,25,55.0
2025-05-25,SKU-0134,89,0,25,55.0
2025-06-01,SKU-0134,208,0,25,55.0
2025-06-08,SKU-0134,170,0,25,55.0
2025-06-15,SKU-0134,123,0,25,55.0
2025-06-22,SKU-0134,60,0,25,55.0
2025-06-29,SKU-0134,0,250,25,55.0
2025-07-06,SKU-0134,0,248,25,55.0
2025-07-13,SKU-0134,0,253,25,55.0
2025-07-20,SKU-0134,199,0,25,55.0
2025-07-27,SKU-0134,156,0,25,55.0
2025-08-03,SKU-0134,114,0,25,55.0
2025-08-10,SKU-0134,84,0,25,55.0
2025-08-17,SKU-0134,47,182,25,55.0
2025-08-24,SKU-0134,132,0,25,55.0
2025-08-31,SKU-0134,78,0,25,55.0
2025-09-07,SKU-0134,30,216,25,55.0
2025-09-14,SKU-0134,124,0,25,55.0
2025-09-21,SKU-0134,80,0,25,55.0
2025-09-28,SKU-0134,32,204,25,55.0
2025-10-05,SKU-0134,222,0,25,55.0
2025-10-12,SKU-0134,147,0,25,55.0
2025-10-19,SKU-0134,92,0,25,55.0
2025-10-26,SKU-0134,208,0,25,55.0
2025-11-02,SKU-0134,139,0,25,55.0
2025-11-09,SKU-0134,74,0,25,55.0
2025-11-16,SKU-0134,15,304,25,55.0
2025-11-23,SKU-0134,245,0,25,55.0
2025-11-30,SKU-0134,189,0,25,55.0
2025-12-07,SKU-0134,147,0,25,55.0
2025-12-14,SKU-0134,97,0,25,55.0
2025-12-21,SKU-0134,30,262,25,55.0
2025-12-28,SKU-0134,228,0,25,55.0
2026-01-04,SKU-0134,173,0,25,55.0
2026-01-11,SKU-0134,119,0,25,55.0
2026-01-18,SKU-0134,74,0,25,55.0
2026-01-25,SKU-0134,55,0,25,55.0
2026-02-01,SKU-0134,124,0,25,55.0
2026-02-08,SKU-0134,90,0,25,55.0
2026-02-15,SKU-0134,56,0,25,55.0
2026-02-22,SKU-0134,18,168,25,55.0
2026-03-01,SKU-0134,0,180,25,55.0
2026-03-08,SKU-0134,161,0,25,55.0
2026-03-15,SKU-0134,112,0,25,55.0
2026-03-22,SKU-0134,80,0,25,55.0
2026-03-29,SKU-0134,50,179,25,55.0
2026-04-05,SKU-0134,149,0,25,55.0
2026-04-12,SKU-0134,120,0,25,55.0
2026-04-19,SKU-0134,91,0,25,55.0
2026-04-26,SKU-0134,65,0,25,55.0
2026-05-03,SKU-0134,170,0,25,55.0
2026-05-10,SKU-0134,142,0,25,55.0
2026-05-17,SKU-0134,122,0,25,55.0
2026-05-24,SKU-0134,86,0,25,55.0
2026-05-31,SKU-0134,56,0,25,55.0
2026-06-07,SKU-0134,15,147,25,55.0
2026-06-14,SKU-0134,80,0,25,55.0
2026-06-21,SKU-0134,19,185,25,55.0
2026-06-28,SKU-0134,164,0,25,55.0
2026-07-05,SKU-0134,120,0,25,55.0
2026-07-12,SKU-0134,94,0,25,55.0
2026-07-19,SKU-0134,56,0,25,55.0
2026-07-26,SKU-0134,194,0,25,55.0
2026-08-02,SKU-0134,147,0,25,55.0
2026-08-09,SKU-0134,102,0,25,55.0
2026-08-16,SKU-0134,72,0,25,55.0
2026-08-23,SKU-0134,171,0,25,55.0
2026-08-30,SKU-0134,133,0,25,55.0
2024-02-25,SKU-0135,149,0,13,51.0
2024-03-03,SKU-0135,132,0,13,51.0
2024-03-10,SKU-0135,107,0,13,51.0
2024-03-17,SKU-0135,92,0,13,51.0
2024-03-24,SKU-0135,74,0,13,51.0
2024-03-31,SKU-0135,54,0,13,51.0
2024-04-07,SKU-0135,151,0,13,51.0
2024-04-14,SKU-0135,127,0,13,51.0
2024-04-21,SKU-0135,96,0,13,51.0
2024-04-28,SKU-0135,64,0,13,51.0
2024-05-05,SKU-0135,173,0,13,51.0
2024-05-12,SKU-0135,132,0,13,51.0
2024-05-19,SKU-0135,91,0,13,51.0
2024-05-26,SKU-0135,67,0,13,51.0
2024-06-02,SKU-0135,123,0,13,51.0
2024-06-09,SKU-0135,91,0,13,51.0
2024-06-16,SKU-0135,58,0,13,51.0
2024-06-23,SKU-0135,113,0,13,51.0
2024-06-30,SKU-0135,63,0,13,51.0
2024-07-07,SKU-0135,132,0,13,51.0
2024-07-14,SKU-0135,107,0,13,51.0
2024-07-21,SKU-0135,91,0,13,51.0
2024-07-28,SKU-0135,59,0,13,51.0
2024-08-04,SKU-0135,111,0,13,51.0
2024-08-11,SKU-0135,81,0,13,51.0
2024-08-18,SKU-0135,63,0,13,51.0
2024-08-25,SKU-0135,39,117,13,51.0
2024-09-01,SKU-0135,142,0,13,51.0
2024-09-08,SKU-0135,125,0,13,51.0
2024-09-15,SKU-0135,117,0,13,51.0
2024-09-22,SKU-0135,100,0,13,51.0
2024-09-29,SKU-0135,84,0,13,51.0
2024-10-06,SKU-0135,155,0,13,51.0
2024-10-13,SKU-0135,120,0,13,51.0
2024-10-20,SKU-0135,82,0,13,51.0
2024-10-27,SKU-0135,55,0,13,51.0
2024-11-03,SKU-0135,29,162,13,51.0
2024-11-10,SKU-0135,103,0,13,51.0
2024-11-17,SKU-0135,81,0,13,51.0
2024-11-24,SKU-0135,72,0,13,51.0
2024-12-01,SKU-0135,48,131,13,51.0
2024-12-08,SKU-0135,29,124,13,51.0
2024-12-15,SKU-0135,77,0,13,51.0
2024-12-22,SKU-0135,48,110,13,51.0
2024-12-29,SKU-0135,18,105,13,51.0
2025-01-05,SKU-0135,90,0,13,51.0
2025-01-12,SKU-0135,69,0,13,51.0
2025-01-19,SKU-0135,60,0,13,51.0
2025-01-26,SKU-0135,39,119,13,51.0
2025-02-02,SKU-0135,121,0,13,51.0
2025-02-09,SKU-0135,109,0,13,51.0
2025-02-16,SKU-0135,83,0,13,51.0
2025-02-23,SKU-0135,52,0,13,51.0
2025-03-02,SKU-0135,146,0,13,51.0
2025-03-09,SKU-0135,128,0,13,51.0
2025-03-16,SKU-0135,100,0,13,51.0
2025-03-23,SKU-0135,76,0,13,51.0
2025-03-30,SKU-0135,60,0,13,51.0
2025-04-06,SKU-0135,118,0,13,51.0
2025-04-13,SKU-0135,100,0,13,51.0
2025-04-20,SKU-0135,73,0,13,51.0
2025-04-27,SKU-0135,134,0,13,51.0
2025-05-04,SKU-0135,117,0,13,51.0
2025-05-11,SKU-0135,106,0,13,51.0
2025-05-18,SKU-0135,74,0,13,51.0
2025-05-25,SKU-0135,160,0,13,51.0
2025-06-01,SKU-0135,130,0,13,51.0
2025-06-08,SKU-0135,98,0,13,51.0
2025-06-15,SKU-0135,58,0,13,51.0
2025-06-22,SKU-0135,143,0,13,51.0
2025-06-29,SKU-0135,99,0,13,51.0
2025-07-06,SKU-0135,72,0,13,51.0
2025-07-13,SKU-0135,148,0,13,51.0
2025-07-20,SKU-0135,129,0,13,51.0
2025-07-27,SKU-0135,114,0,13,51.0
2025-08-03,SKU-0135,95,0,13,51.0
2025-08-10,SKU-0135,68,0,13,51.0
2025-08-17,SKU-0135,130,0,13,51.0
2025-08-24,SKU-0135,113,0,13,51.0
2025-08-31,SKU-0135,95,0,13,51.0
2025-09-07,SKU-0135,71,0,13,51.0
2025-09-14,SKU-0135,139,0,13,51.0
2025-09-21,SKU-0135,120,0,13,51.0
2025-09-28,SKU-0135,103,0,13,51.0
2025-10-05,SKU-0135,61,0,13,51.0
2025-10-12,SKU-0135,15,163,13,51.0
2025-10-19,SKU-0135,133,0,13,51.0
2025-10-26,SKU-0135,105,0,13,51.0
2025-11-02,SKU-0135,68,0,13,51.0
2025-11-09,SKU-0135,51,0,13,51.0
2025-11-16,SKU-0135,159,0,13,51.0
2025-11-23,SKU-0135,146,0,13,51.0
2025-11-30,SKU-0135,131,0,13,51.0
2025-12-07,SKU-0135,105,0,13,51.0
2025-12-14,SKU-0135,93,0,13,51.0
2025-12-21,SKU-0135,64,0,13,51.0
2025-12-28,SKU-0135,124,0,13,51.0
2026-01-04,SKU-0135,102,0,13,51.0
2026-01-11,SKU-0135,81,0,13,51.0
2026-01-18,SKU-0135,58,0,13,51.0
2026-01-25,SKU-0135,41,105,13,51.0
2026-02-01,SKU-0135,33,124,13,51.0
2026-02-08,SKU-0135,85,0,13,51.0
2026-02-15,SKU-0135,71,0,13,51.0
2026-02-22,SKU-0135,53,0,13,51.0
2026-03-01,SKU-0135,24,116,13,51.0
2026-03-08,SKU-0135,113,0,13,51.0
2026-03-15,SKU-0135,87,0,13,51.0
2026-03-22,SKU-0135,62,0,13,51.0
2026-03-29,SKU-0135,150,0,13,51.0
2026-04-05,SKU-0135,121,0,13,51.0
2026-04-12,SKU-0135,86,0,13,51.0
2026-04-19,SKU-0135,67,0,13,51.0
2026-04-26,SKU-0135,134,0,13,51.0
2026-05-03,SKU-0135,125,0,13,51.0
2026-05-10,SKU-0135,91,0,13,51.0
2026-05-17,SKU-0135,61,0,13,51.0
2026-05-24,SKU-0135,37,114,13,51.0
2026-05-31,SKU-0135,14,142,13,51.0
2026-06-07,SKU-0135,65,0,13,51.0
2026-06-14,SKU-0135,144,0,13,51.0
2026-06-21,SKU-0135,97,0,13,51.0
2026-06-28,SKU-0135,39,207,13,51.0
2026-07-05,SKU-0135,4,215,13,51.0
2026-07-12,SKU-0135,0,204,13,51.0
2026-07-19,SKU-0135,0,156,13,51.0
2026-07-26,SKU-0135,0,140,13,51.0
2026-08-02,SKU-0135,80,0,13,51.0
2026-08-09,SKU-0135,56,0,13,51.0
2026-08-16,SKU-0135,146,0,13,51.0
2026-08-23,SKU-0135,114,0,13,51.0
2026-08-30,SKU-0135,91,0,13,51.0
2024-03-03,SKU-0136,109,0,24,44.0
2024-03-10,SKU-0136,66,0,24,44.0
2024-03-17,SKU-0136,141,0,24,44.0
2024-03-24,SKU-0136,87,0,24,44.0
2024-03-31,SKU-0136,45,0,24,44.0
2024-04-07,SKU-0136,166,0,24,44.0
2024-04-14,SKU-0136,108,0,24,44.0
2024-04-21,SKU-0136,61,0,24,44.0
2024-04-28,SKU-0136,230,0,24,44.0
2024-05-05,SKU-0136,179,0,24,44.0
2024-05-12,SKU-0136,125,0,24,44.0
2024-05-19,SKU-0136,80,0,24,44.0
2024-05-26,SKU-0136,11,251,24,44.0
2024-06-02,SKU-0136,180,0,24,44.0
2024-06-09,SKU-0136,127,0,24,44.0
2024-06-16,SKU-0136,56,0,24,44.0
2024-06-23,SKU-0136,215,0,24,44.0
2024-06-30,SKU-0136,114,0,24,44.0
2024-07-07,SKU-0136,65,0,24,44.0
2024-07-14,SKU-0136,0,355,24,44.0
2024-07-21,SKU-0136,149,0,24,44.0
2024-07-28,SKU-0136,87,0,24,44.0
2024-08-04,SKU-0136,224,0,24,44.0
2024-08-11,SKU-0136,166,0,24,44.0
2024-08-18,SKU-0136,95,0,24,44.0
2024-08-25,SKU-0136,202,0,24,44.0
2024-09-01,SKU-0136,140,0,24,44.0
2024-09-08,SKU-0136,72,0,24,44.0
2024-09-15,SKU-0136,16,253,24,44.0
2024-09-22,SKU-0136,130,0,24,44.0
2024-09-29,SKU-0136,79,0,24,44.0
2024-10-06,SKU-0136,2,281,24,44.0
2024-10-13,SKU-0136,183,0,24,44.0
2024-10-20,SKU-0136,90,0,24,44.0
2024-10-27,SKU-0136,6,387,24,44.0
2024-11-03,SKU-0136,236,0,24,44.0
2024-11-10,SKU-0136,180,0,24,44.0
2024-11-17,SKU-0136,119,0,24,44.0
2024-11-24,SKU-0136,74,0,24,44.0
2024-12-01,SKU-0136,249,0,24,44.0
2024-12-08,SKU-0136,205,0,24,44.0
2024-12-15,SKU-0136,161,0,24,44.0
2024-12-22,SKU-0136,89,0,24,44.0
2024-12-29,SKU-0136,161,0,24,44.0
2025-01-05,SKU-0136,118,0,24,44.0
2025-01-12,SKU-0136,77,0,24,44.0
2025-01-19,SKU-0136,36,238,24,44.0
2025-01-26,SKU-0136,0,224,24,44.0
2025-02-02,SKU-0136,0,224,24,44.0
2025-02-09,SKU-0136,138,0,24,44.0
2025-02-16,SKU-0136,92,0,24,44.0
2025-02-23,SKU-0136,46,0,24,44.0
2025-03-02,SKU-0136,240,0,24,44.0
2025-03-09,SKU-0136,192,0,24,44.0
2025-03-16,SKU-0136,133,0,24,44.0
2025-03-23,SKU-0136,77,0,24,44.0
2025-03-30,SKU-0136,170,0,24,44.0
2025-04-06,SKU-0136,117,0,24,44.0
2025-04-13,SKU-0136,62,0,24,44.0
2025-04-20,SKU-0136,167,0,24,44.0
2025-04-27,SKU-0136,108,0,24,44.0
2025-05-04,SKU-0136,46,0,24,44.0
2025-05-11,SKU-0136,262,0,24,44.0
2025-05-18,SKU-0136,190,0,24,44.0
2025-05-25,SKU-0136,119,0,24,44.0
2025-06-01,SKU-0136,53,0,24,44.0
2025-06-08,SKU-0136,278,0,24,44.0
2025-06-15,SKU-0136,205,0,24,44.0
2025-06-22,SKU-0136,92,0,24,44.0
2025-06-29,SKU-0136,0,405,24,44.0
2025-07-06,SKU-0136,0,393,24,44.0
2025-07-13,SKU-0136,383,0,24,44.0
2025-07-20,SKU-0136,302,0,24,44.0
2025-07-27,SKU-0136,220,0,24,44.0
2025-08-03,SKU-0136,143,0,24,44.0
2025-08-10,SKU-0136,56,0,24,44.0
2025-08-17,SKU-0136,0,330,24,44.0
2025-08-24,SKU-0136,242,0,24,44.0
2025-08-31,SKU-0136,176,0,24,44.0
2025-09-07,SKU-0136,108,0,24,44.0
2025-09-14,SKU-0136,39,329,24,44.0
2025-09-21,SKU-0136,227,0,24,44.0
2025-09-28,SKU-0136,163,0,24,44.0
2025-10-05,SKU-0136,56,0,24,44.0
2025-10-12,SKU-0136,336,0,24,44.0
2025-10-19,SKU-0136,263,0,24,44.0
2025-10-26,SKU-0136,186,0,24,44.0
2025-11-02,SKU-0136,99,0,24,44.0
2025-11-09,SKU-0136,356,0,24,44.0
2025-11-16,SKU-0136,270,0,24,44.0
2025-11-23,SKU-0136,222,0,24,44.0
2025-11-30,SKU-0136,171,0,24,44.0
2025-12-07,SKU-0136,130,0,24,44.0
2025-12-14,SKU-0136,91,0,24,44.0
2025-12-21,SKU-0136,146,0,24,44.0
2025-12-28,SKU-0136,60,0,24,44.0
2026-01-04,SKU-0136,0,277,24,44.0
2026-01-11,SKU-0136,171,0,24,44.0
2026-01-18,SKU-0136,122,0,24,44.0
2026-01-25,SKU-0136,70,0,24,44.0
2026-02-01,SKU-0136,167,0,24,44.0
2026-02-08,SKU-0136,112,0,24,44.0
2026-02-15,SKU-0136,55,0,24,44.0
2026-02-22,SKU-0136,240,0,24,44.0
2026-03-01,SKU-0136,177,0,24,44.0
2026-03-08,SKU-0136,122,0,24,44.0
2026-03-15,SKU-0136,59,0,24,44.0
2026-03-22,SKU-0136,0,277,24,44.0
2026-03-29,SKU-0136,190,0,24,44.0
2026-04-05,SKU-0136,104,0,24,44.0
2026-04-12,SKU-0136,59,0,24,44.0
2026-04-19,SKU-0136,273,0,24,44.0
2026-04-26,SKU-0136,186,0,24,44.0
2026-05-03,SKU-0136,113,0,24,44.0
2026-05-10,SKU-0136,42,342,24,44.0
2026-05-17,SKU-0136,295,0,24,44.0
2026-05-24,SKU-0136,232,0,24,44.0
2026-05-31,SKU-0136,156,0,24,44.0
2026-06-07,SKU-0136,69,0,24,44.0
2026-06-14,SKU-0136,268,0,24,44.0
2026-06-21,SKU-0136,154,0,24,44.0
2026-06-28,SKU-0136,245,0,24,44.0
2026-07-05,SKU-0136,149,0,24,44.0
2026-07-12,SKU-0136,56,0,24,44.0
2026-07-19,SKU-0136,238,0,24,44.0
2026-07-26,SKU-0136,155,0,24,44.0
2026-08-02,SKU-0136,62,0,24,44.0
2026-08-09,SKU-0136,0,357,24,44.0
2026-08-16,SKU-0136,0,336,24,44.0
2026-08-23,SKU-0136,297,0,24,44.0
2026-08-30,SKU-0136,229,0,24,44.0
2025-02-16,SKU-0137,130,0,8,54.0
2025-02-23,SKU-0137,115,0,8,54.0
2025-03-02,SKU-0137,104,0,8,54.0
2025-03-09,SKU-0137,79,0,8,54.0
2025-03-16,SKU-0137,50,112,8,54.0
2025-03-23,SKU-0137,34,123,8,54.0
2025-03-30,SKU-0137,93,0,8,54.0
2025-04-06,SKU-0137,71,0,8,54.0
2025-04-13,SKU-0137,54,0,8,54.0
2025-04-20,SKU-0137,175,0,8,54.0
2025-04-27,SKU-0137,158,0,8,54.0
2025-05-04,SKU-0137,140,0,8,54.0
2025-05-11,SKU-0137,122,0,8,54.0
2025-05-18,SKU-0137,104,0,8,54.0
2025-05-25,SKU-0137,96,0,8,54.0
2025-06-01,SKU-0137,78,0,8,54.0
2025-06-08,SKU-0137,55,0,8,54.0
2025-06-15,SKU-0137,35,123,8,54.0
2025-06-22,SKU-0137,4,132,8,54.0
2025-06-29,SKU-0137,119,0,8,54.0
2025-07-06,SKU-0137,105,0,8,54.0
2025-07-13,SKU-0137,89,0,8,54.0
2025-07-20,SKU-0137,70,0,8,54.0
2025-07-27,SKU-0137,141,0,8,54.0
2025-08-03,SKU-0137,126,0,8,54.0
2025-08-10,SKU-0137,108,0,8,54.0
2025-08-17,SKU-0137,94,0,8,54.0
2025-08-24,SKU-0137,80,0,8,54.0
2025-08-31,SKU-0137,66,0,8,54.0
2025-09-07,SKU-0137,116,0,8,54.0
2025-09-14,SKU-0137,110,0,8,54.0
2025-09-21,SKU-0137,103,0,8,54.0
2025-09-28,SKU-0137,92,0,8,54.0
2025-10-05,SKU-0137,71,0,8,54.0
2025-10-12,SKU-0137,54,0,8,54.0
2025-10-19,SKU-0137,28,109,8,54.0
2025-10-26,SKU-0137,7,123,8,54.0
2025-11-02,SKU-0137,66,0,8,54.0
2025-11-09,SKU-0137,43,122,8,54.0
2025-11-16,SKU-0137,28,108,8,54.0
2025-11-23,SKU-0137,111,0,8,54.0
2025-11-30,SKU-0137,101,0,8,54.0
2025-12-07,SKU-0137,90,0,8,54.0
2025-12-14,SKU-0137,77,0,8,54.0
2025-12-21,SKU-0137,54,0,8,54.0
2025-12-28,SKU-0137,100,0,8,54.0
2026-01-04,SKU-0137,83,0,8,54.0
2026-01-11,SKU-0137,66,0,8,54.0
2026-01-18,SKU-0137,60,0,8,54.0
2026-01-25,SKU-0137,176,0,8,54.0
2026-02-01,SKU-0137,156,0,8,54.0
2026-02-08,SKU-0137,138,0,8,54.0
2026-02-15,SKU-0137,130,0,8,54.0
2026-02-22,SKU-0137,128,0,8,54.0
2026-03-01,SKU-0137,113,0,8,54.0
2026-03-08,SKU-0137,96,0,8,54.0
2026-03-15,SKU-0137,78,0,8,54.0
2026-03-22,SKU-0137,70,0,8,54.0
2026-03-29,SKU-0137,54,0,8,54.0
2026-04-05,SKU-0137,135,0,8,54.0
2026-04-12,SKU-0137,116,0,8,54.0
2026-04-19,SKU-0137,93,0,8,54.0
2026-04-26,SKU-0137,77,0,8,54.0
2026-05-03,SKU-0137,56,0,8,54.0
2026-05-10,SKU-0137,36,129,8,54.0
2026-05-17,SKU-0137,17,115,8,54.0
2026-05-24,SKU-0137,3,132,8,54.0
2026-05-31,SKU-0137,0,136,8,54.0
2026-06-07,SKU-0137,55,0,8,54.0
2026-06-14,SKU-0137,133,0,8,54.0
2026-06-21,SKU-0137,106,0,8,54.0
2026-06-28,SKU-0137,82,0,8,54.0
2026-07-05,SKU-0137,59,0,8,54.0
2026-07-12,SKU-0137,162,0,8,54.0
2026-07-19,SKU-0137,151,0,8,54.0
2026-07-26,SKU-0137,137,0,8,54.0
2026-08-02,SKU-0137,130,0,8,54.0
2026-08-09,SKU-0137,120,0,8,54.0
2026-08-16,SKU-0137,103,0,8,54.0
2026-08-23,SKU-0137,93,0,8,54.0
2026-08-30,SKU-0137,82,0,8,54.0
2024-06-23,SKU-0138,98,0,9,40.0
2024-06-30,SKU-0138,45,0,9,40.0
2024-07-07,SKU-0138,189,0,9,40.0
2024-07-14,SKU-0138,169,0,9,40.0
2024-07-21,SKU-0138,143,0,9,40.0
2024-07-28,SKU-0138,118,0,9,40.0
2024-08-04,SKU-0138,79,0,9,40.0
2024-08-11,SKU-0138,50,0,9,40.0
2024-08-18,SKU-0138,27,143,9,40.0
2024-08-25,SKU-0138,145,0,9,40.0
2024-09-01,SKU-0138,108,0,9,40.0
2024-09-08,SKU-0138,78,0,9,40.0
2024-09-15,SKU-0138,49,0,9,40.0
2024-09-22,SKU-0138,114,0,9,40.0
2024-09-29,SKU-0138,92,0,9,40.0
2024-10-06,SKU-0138,53,0,9,40.0
2024-10-13,SKU-0138,4,163,9,40.0
2024-10-20,SKU-0138,0,166,9,40.0
2024-10-27,SKU-0138,169,0,9,40.0
2024-11-03,SKU-0138,137,0,9,40.0
2024-11-10,SKU-0138,102,0,9,40.0
2024-11-17,SKU-0138,65,0,9,40.0
2024-11-24,SKU-0138,44,0,9,40.0
2024-12-01,SKU-0138,22,138,9,40.0
2024-12-08,SKU-0138,59,0,9,40.0
2024-12-15,SKU-0138,37,120,9,40.0
2024-12-22,SKU-0138,111,0,9,40.0
2024-12-29,SKU-0138,79,0,9,40.0
2025-01-05,SKU-0138,46,0,9,40.0
2025-01-12,SKU-0138,20,151,9,40.0
2025-01-19,SKU-0138,83,0,9,40.0
2025-01-26,SKU-0138,60,0,9,40.0
2025-02-02,SKU-0138,24,145,9,40.0
2025-02-09,SKU-0138,9,134,9,40.0
2025-02-16,SKU-0138,95,0,9,40.0
2025-02-23,SKU-0138,71,0,9,40.0
2025-03-02,SKU-0138,34,121,9,40.0
2025-03-09,SKU-0138,9,139,9,40.0
2025-03-16,SKU-0138,0,135,9,40.0
2025-03-23,SKU-0138,81,0,9,40.0
2025-03-30,SKU-0138,46,0,9,40.0
2025-04-06,SKU-0138,140,0,9,40.0
2025-04-13,SKU-0138,111,0,9,40.0
2025-04-20,SKU-0138,76,0,9,40.0
2025-04-27,SKU-0138,36,146,9,40.0
2025-05-04,SKU-0138,136,0,9,40.0
2025-05-11,SKU-0138,91,0,9,40.0
2025-05-18,SKU-0138,60,0,9,40.0
2025-05-25,SKU-0138,118,0,9,40.0
2025-06-01,SKU-0138,96,0,9,40.0
2025-06-08,SKU-0138,59,0,9,40.0
2025-06-15,SKU-0138,138,0,9,40.0
2025-06-22,SKU-0138,92,0,9,40.0
2025-06-29,SKU-0138,46,0,9,40.0
2025-07-06,SKU-0138,20,190,9,40.0
2025-07-13,SKU-0138,161,0,9,40.0
2025-07-20,SKU-0138,124,0,9,40.0
2025-07-27,SKU-0138,101,0,9,40.0
2025-08-03,SKU-0138,71,0,9,40.0
2025-08-10,SKU-0138,50,0,9,40.0
2025-08-17,SKU-0138,145,0,9,40.0
2025-08-24,SKU-0138,104,0,9,40.0
2025-08-31,SKU-0138,79,0,9,40.0
2025-09-07,SKU-0138,50,0,9,40.0
2025-09-14,SKU-0138,135,0,9,40.0
2025-09-21,SKU-0138,111,0,9,40.0
2025-09-28,SKU-0138,88,0,9,40.0
2025-10-05,SKU-0138,56,0,9,40.0
2025-10-12,SKU-0138,20,145,9,40.0
2025-10-19,SKU-0138,137,0,9,40.0
2025-10-26,SKU-0138,100,0,9,40.0
2025-11-02,SKU-0138,64,0,9,40.0
2025-11-09,SKU-0138,155,0,9,40.0
2025-11-16,SKU-0138,114,0,9,40.0
2025-11-23,SKU-0138,104,0,9,40.0
2025-11-30,SKU-0138,89,0,9,40.0
2025-12-07,SKU-0138,63,0,9,40.0
2025-12-14,SKU-0138,141,0,9,40.0
2025-12-21,SKU-0138,104,0,9,40.0
2025-12-28,SKU-0138,79,0,9,40.0
2026-01-04,SKU-0138,53,0,9,40.0
2026-01-11,SKU-0138,130,0,9,
2026-01-18,SKU-0138,115,0,9,40.0
2026-01-25,SKU-0138,93,0,9,40.0
2026-02-01,SKU-0138,65,0,9,40.0
2026-02-08,SKU-0138,44,0,9,40.0
2026-02-15,SKU-0138,25,119,9,40.0
2026-02-22,SKU-0138,116,0,9,40.0
2026-03-01,SKU-0138,86,0,9,40.0
2026-03-08,SKU-0138,68,0,9,40.0
2026-03-15,SKU-0138,42,0,9,40.0
2026-03-22,SKU-0138,133,0,9,40.0
2026-03-29,SKU-0138,111,0,9,40.0
2026-04-05,SKU-0138,82,0,9,40.0
2026-04-12,SKU-0138,48,0,9,40.0
2026-04-19,SKU-0138,23,134,9,40.0
2026-04-26,SKU-0138,133,0,9,40.0
2026-05-03,SKU-0138,96,0,9,40.0
2026-05-10,SKU-0138,59,0,9,40.0
2026-05-17,SKU-0138,29,180,9,40.0
2026-05-24,SKU-0138,148,0,9,40.0
2026-05-31,SKU-0138,121,0,9,40.0
2026-06-07,SKU-0138,88,0,9,40.0
2026-06-14,SKU-0138,56,0,9,40.0
2026-06-21,SKU-0138,4,191,9,40.0
2026-06-28,SKU-0138,133,0,9,40.0
2026-07-05,SKU-0138,99,0,9,40.0
2026-07-12,SKU-0138,59,0,9,40.0
2026-07-19,SKU-0138,25,186,9,40.0
2026-07-26,SKU-0138,113,0,9,40.0
2026-08-02,SKU-0138,73,0,9,40.0
2026-08-09,SKU-0138,41,0,9,40.0
2026-08-16,SKU-0138,83,0,9,40.0
2026-08-23,SKU-0138,58,0,9,40.0
2026-08-30,SKU-0138,145,0,9,40.0
2024-07-21,SKU-0139,136,0,8,23.0
2024-07-28,SKU-0139,126,0,8,23.0
2024-08-04,SKU-0139,114,0,8,23.0
2024-08-11,SKU-0139,107,0,8,23.0
2024-08-18,SKU-0139,100,0,8,23.0
2024-08-25,SKU-0139,89,0,8,23.0
2024-09-01,SKU-0139,77,0,8,23.0
2024-09-08,SKU-0139,70,0,8,23.0
2024-09-15,SKU-0139,65,0,8,23.0
2024-09-22,SKU-0139,57,0,8,23.0
2024-09-29,SKU-0139,47,0,8,23.0
2024-10-06,SKU-0139,28,0,8,23.0
2024-10-13,SKU-0139,11,92,8,23.0
2024-10-20,SKU-0139,101,0,8,23.0
2024-10-27,SKU-0139,90,0,8,23.0
2024-11-03,SKU-0139,71,0,8,23.0
2024-11-10,SKU-0139,50,0,8,23.0
2024-11-17,SKU-0139,39,0,8,23.0
2024-11-24,SKU-0139,29,0,8,23.0
2024-12-01,SKU-0139,82,0,8,23.0
2024-12-08,SKU-0139,72,0,8,23.0
2024-12-15,SKU-0139,69,0,8,23.0
2024-12-22,SKU-0139,48,0,8,23.0
2024-12-29,SKU-0139,34,0,8,23.0
2025-01-05,SKU-0139,88,0,8,23.0
2025-01-12,SKU-0139,81,0,8,23.0
2025-01-19,SKU-0139,77,0,8,23.0
2025-01-26,SKU-0139,69,0,8,23.0
2025-02-02,SKU-0139,61,0,8,23.0
2025-02-09,SKU-0139,45,0,8,23.0
2025-02-16,SKU-0139,41,0,8,23.0
2025-02-23,SKU-0139,25,0,8,23.0
2025-03-02,SKU-0139,64,0,8,23.0
2025-03-09,SKU-0139,56,0,8,23.0
2025-03-16,SKU-0139,42,0,8,23.0
2025-03-23,SKU-0139,34,0,8,23.0
2025-03-30,SKU-0139,90,0,8,23.0
2025-04-06,SKU-0139,86,0,8,23.0
2025-04-13,SKU-0139,69,0,8,23.0
2025-04-20,SKU-0139,51,0,8,23.0
2025-04-27,SKU-0139,30,0,8,23.0
2025-05-04,SKU-0139,29,0,8,23.0
2025-05-11,SKU-0139,13,91,8,23.0
2025-05-18,SKU-0139,71,0,8,23.0
2025-05-25,SKU-0139,62,0,8,23.0
2025-06-01,SKU-0139,47,0,8,23.0
2025-06-08,SKU-0139,33,0,8,23.0
2025-06-15,SKU-0139,68,0,8,23.0
2025-06-22,SKU-0139,37,0,8,23.0
2025-06-29,SKU-0139,103,0,8,23.0
2025-07-06,SKU-0139,91,0,8,23.0
2025-07-13,SKU-0139,79,0,8,23.0
2025-07-20,SKU-0139,64,0,8,23.0
2025-07-27,SKU-0139,57,0,8,23.0
2025-08-03,SKU-0139,49,0,8,23.0
2025-08-10,SKU-0139,44,0,8,23.0
2025-08-17,SKU-0139,30,0,8,23.0
2025-08-24,SKU-0139,22,80,8,23.0
2025-08-31,SKU-0139,16,67,8,23.0
2025-09-07,SKU-0139,8,78,8,23.0
2025-09-14,SKU-0139,53,0,8,23.0
2025-09-21,SKU-0139,45,0,8,23.0
2025-09-28,SKU-0139,33,0,8,23.0
2025-10-05,SKU-0139,80,0,8,23.0
2025-10-12,SKU-0139,59,0,8,23.0
2025-10-19,SKU-0139,49,0,8,23.0
2025-10-26,SKU-0139,36,0,8,23.0
2025-11-02,SKU-0139,22,97,8,23.0
2025-11-09,SKU-0139,7,93,8,23.0
2025-11-16,SKU-0139,62,0,8,23.0
2025-11-23,SKU-0139,50,0,8,23.0
2025-11-30,SKU-0139,43,0,8,23.0
2025-12-07,SKU-0139,34,0,8,23.0
2025-12-14,SKU-0139,28,0,8,23.0
2025-12-21,SKU-0139,46,0,8,23.0
2025-12-28,SKU-0139,36,0,8,23.0
2026-01-04,SKU-0139,31,0,8,23.0
2026-01-11,SKU-0139,29,0,8,23.0
2026-01-18,SKU-0139,15,78,8,23.0
2026-01-25,SKU-0139,33,0,8,23.0
2026-02-01,SKU-0139,24,0,8,23.0
2026-02-08,SKU-0139,10,87,8,23.0
2026-02-15,SKU-0139,45,0,8,23.0
2026-02-22,SKU-0139,44,0,8,23.0
2026-03-01,SKU-0139,30,0,8,23.0
2026-03-08,SKU-0139,47,0,8,23.0
2026-03-15,SKU-0139,32,0,8,23.0
2026-03-22,SKU-0139,19,99,8,23.0
2026-03-29,SKU-0139,10,99,8,23.0
2026-04-05,SKU-0139,0,98,8,23.0
2026-04-12,SKU-0139,0,74,8,23.0
2026-04-19,SKU-0139,44,0,8,23.0
2026-04-26,SKU-0139,34,0,8,23.0
2026-05-03,SKU-0139,26,0,8,23.0
2026-05-10,SKU-0139,15,61,8,23.0
2026-05-17,SKU-0139,1,74,8,23.0
2026-05-24,SKU-0139,0,65,8,23.0
2026-05-31,SKU-0139,0,78,8,23.0
2026-06-07,SKU-0139,57,0,8,23.0
2026-06-14,SKU-0139,44,0,8,23.0
2026-06-21,SKU-0139,26,0,8,23.0
2026-06-28,SKU-0139,7,91,8,23.0
2026-07-05,SKU-0139,69,0,8,23.0
2026-07-12,SKU-0139,51,0,8,23.0
2026-07-19,SKU-0139,42,0,8,23.0
2026-07-26,SKU-0139,34,0,8,23.0
2026-08-02,SKU-0139,21,61,8,23.0
2026-08-09,SKU-0139,54,0,8,23.0
2026-08-16,SKU-0139,46,0,8,23.0
2026-08-23,SKU-0139,32,0,8,23.0
2026-08-30,SKU-0139,25,0,8,23.0
2024-04-07,SKU-0140,82,0,11,40.0
2024-04-14,SKU-0140,50,0,11,40.0
2024-04-21,SKU-0140,13,156,11,40.0
2024-04-28,SKU-0140,0,168,11,40.0
2024-05-05,SKU-0140,175,0,11,40.0
2024-05-12,SKU-0140,134,0,11,40.0
2024-05-19,SKU-0140,98,0,11,40.0
2024-05-26,SKU-0140,48,0,11,40.0
2024-06-02,SKU-0140,9,186,11,40.0
2024-06-09,SKU-0140,127,0,11,40.0
2024-06-16,SKU-0140,60,0,11,40.0
2024-06-23,SKU-0140,249,0,11,40.0
2024-06-30,SKU-0140,175,0,11,40.0
2024-07-07,SKU-0140,133,0,11,40.0
2024-07-14,SKU-0140,76,0,11,40.0
2024-07-21,SKU-0140,16,270,11,40.0
2024-07-28,SKU-0140,0,249,11,40.0
2024-08-04,SKU-0140,0,219,11,40.0
2024-08-11,SKU-0140,223,0,11,40.0
2024-08-18,SKU-0140,170,0,11,40.0
2024-08-25,SKU-0140,121,0,11,40.0
2024-09-01,SKU-0140,51,0,11,40.0
2024-09-08,SKU-0140,0,252,11,40.0
2024-09-15,SKU-0140,174,0,11,40.0
2024-09-22,SKU-0140,114,0,11,40.0
2024-09-29,SKU-0140,67,0,11,40.0
2024-10-06,SKU-0140,0,249,11,40.0
2024-10-13,SKU-0140,283,0,11,40.0
2024-10-20,SKU-0140,208,0,11,40.0
2024-10-27,SKU-0140,122,0,11,40.0
2024-11-03,SKU-0140,365,0,11,40.0
2024-11-10,SKU-0140,290,0,11,40.0
2024-11-17,SKU-0140,232,0,11,40.0
2024-11-24,SKU-0140,197,0,11,40.0
2024-12-01,SKU-0140,167,0,11,40.0
2024-12-08,SKU-0140,129,0,11,40.0
2024-12-15,SKU-0140,80,0,11,40.0
2024-12-22,SKU-0140,159,0,11,40.0
2024-12-29,SKU-0140,84,0,11,40.0
2025-01-05,SKU-0140,45,0,11,40.0
2025-01-12,SKU-0140,232,0,11,40.0
2025-01-19,SKU-0140,186,0,11,40.0
2025-01-26,SKU-0140,154,0,11,40.0
2025-02-02,SKU-0140,120,0,11,40.0
2025-02-09,SKU-0140,87,0,11,40.0
2025-02-16,SKU-0140,64,0,11,40.0
2025-02-23,SKU-0140,167,0,11,40.0
2025-03-02,SKU-0140,144,0,11,40.0
2025-03-09,SKU-0140,108,0,11,40.0
2025-03-16,SKU-0140,74,0,11,40.0
2025-03-23,SKU-0140,30,155,11,40.0
2025-03-30,SKU-0140,0,177,11,40.0
2025-04-06,SKU-0140,141,0,11,40.0
2025-04-13,SKU-0140,109,0,11,40.0
2025-04-20,SKU-0140,66,0,11,40.0
2025-04-27,SKU-0140,15,206,11,40.0
2025-05-04,SKU-0140,192,0,11,40.0
2025-05-11,SKU-0140,155,0,11,40.0
2025-05-18,SKU-0140,113,0,11,40.0
2025-05-25,SKU-0140,59,0,11,40.0
2025-06-01,SKU-0140,122,0,11,40.0
2025-06-08,SKU-0140,67,0,11,40.0
2025-06-15,SKU-0140,214,0,11,40.0
2025-06-22,SKU-0140,152,0,11,40.0
2025-06-29,SKU-0140,79,0,11,40.0
2025-07-06,SKU-0140,231,0,11,40.0
2025-07-13,SKU-0140,184,0,11,40.0
2025-07-20,SKU-0140,122,0,11,40.0
2025-07-27,SKU-0140,77,0,11,40.0
2025-08-03,SKU-0140,9,232,11,40.0
2025-08-10,SKU-0140,0,239,11,40.0
2025-08-17,SKU-0140,0,229,11,40.0
2025-08-24,SKU-0140,202,0,11,40.0
2025-08-31,SKU-0140,128,0,11,40.0
2025-09-07,SKU-0140,57,0,11,40.0
2025-09-14,SKU-0140,174,0,11,40.0
2025-09-21,SKU-0140,118,0,11,40.0
2025-09-28,SKU-0140,71,0,11,40.0
2025-10-05,SKU-0140,253,0,11,40.0
2025-10-12,SKU-0140,167,0,11,40.0
2025-10-19,SKU-0140,77,0,11,40.0
2025-10-26,SKU-0140,0,378,11,40.0
2025-11-02,SKU-0140,0,389,11,40.0
2025-11-09,SKU-0140,203,0,11,40.0
2025-11-16,SKU-0140,124,0,11,40.0
2025-11-23,SKU-0140,76,0,11,40.0
2025-11-30,SKU-0140,29,314,11,40.0
2025-12-07,SKU-0140,0,259,11,40.0
2025-12-14,SKU-0140,156,0,11,40.0
2025-12-21,SKU-0140,98,0,11,40.0
2025-12-28,SKU-0140,30,233,11,40.0
2026-01-04,SKU-0140,138,0,11,40.0
2026-01-11,SKU-0140,106,0,11,40.0
2026-01-18,SKU-0140,62,0,11,40.0
2026-01-25,SKU-0140,194,0,11,40.0
2026-02-01,SKU-0140,162,0,11,40.0
2026-02-08,SKU-0140,128,0,11,40.0
2026-02-15,SKU-0140,77,0,11,40.0
2026-02-22,SKU-0140,36,186,11,40.0
2026-03-01,SKU-0140,0,204,11,40.0
2026-03-08,SKU-0140,183,0,11,40.0
2026-03-15,SKU-0140,152,0,11,40.0
2026-03-22,SKU-0140,109,0,11,40.0
2026-03-29,SKU-0140,74,0,11,40.0
2026-04-05,SKU-0140,42,0,11,40.0
2026-04-12,SKU-0140,0,180,11,40.0
2026-04-19,SKU-0140,0,182,11,40.0
2026-04-26,SKU-0140,0,201,11,40.0
2026-05-03,SKU-0140,116,0,11,40.0
2026-05-10,SKU-0140,61,0,11,40.0
2026-05-17,SKU-0140,16,225,11,40.0
2026-05-24,SKU-0140,0,233,11,40.0
2026-05-31,SKU-0140,174,0,11,40.0
2026-06-07,SKU-0140,134,0,11,40.0
2026-06-14,SKU-0140,81,0,11,40.0
2026-06-21,SKU-0140,188,0,11,40.0
2026-06-28,SKU-0140,109,0,11,40.0
2026-07-05,SKU-0140,54,0,11,40.0
2026-07-12,SKU-0140,0,342,11,40.0
2026-07-19,SKU-0140,0,283,11,40.0
2026-07-26,SKU-0140,200,0,11,40.0
2026-08-02,SKU-0140,136,0,11,40.0
2026-08-09,SKU-0140,93,0,11,40.0
2026-08-16,SKU-0140,180,0,11,40.0
2026-08-23,SKU-0140,130,0,11,40.0
2026-08-30,SKU-0140,77,0,11,40.0
2024-09-15,SKU-0141,126,0,11,26.0
2024-09-22,SKU-0141,102,0,11,26.0
2024-09-29,SKU-0141,80,0,11,26.0
2024-10-06,SKU-0141,34,0,11,26.0
2024-10-13,SKU-0141,116,0,11,26.0
2024-10-20,SKU-0141,72,0,11,26.0
2024-10-27,SKU-0141,173,0,11,26.0
2024-11-03,SKU-0141,137,0,11,26.0
2024-11-10,SKU-0141,89,0,11,26.0
2024-11-17,SKU-0141,29,0,11,26.0
2024-11-24,SKU-0141,173,0,11,26.0
2024-12-01,SKU-0141,134,0,11,26.0
2024-12-08,SKU-0141,98,0,11,26.0
2024-12-15,SKU-0141,52,0,11,26.0
2024-12-22,SKU-0141,145,0,11,26.0
2024-12-29,SKU-0141,96,0,11,26.0
2025-01-05,SKU-0141,45,0,11,26.0
2025-01-12,SKU-0141,15,213,11,26.0
2025-01-19,SKU-0141,195,0,11,26.0
2025-01-26,SKU-0141,158,0,11,26.0
2025-02-02,SKU-0141,108,0,11,26.0
2025-02-09,SKU-0141,66,0,11,26.0
2025-02-16,SKU-0141,23,198,11,26.0
2025-02-23,SKU-0141,0,191,11,26.0
2025-03-02,SKU-0141,158,0,11,26.0
2025-03-09,SKU-0141,109,0,11,26.0
2025-03-16,SKU-0141,81,0,11,26.0
2025-03-23,SKU-0141,45,0,11,26.0
2025-03-30,SKU-0141,153,0,11,26.0
2025-04-06,SKU-0141,113,0,11,26.0
2025-04-13,SKU-0141,75,0,11,26.0
2025-04-20,SKU-0141,41,0,11,26.0
2025-04-27,SKU-0141,4,162,11,26.0
2025-05-04,SKU-0141,105,0,11,26.0
2025-05-11,SKU-0141,82,0,11,26.0
2025-05-18,SKU-0141,57,0,11,26.0
2025-05-25,SKU-0141,41,0,11,26.0
2025-06-01,SKU-0141,85,0,11,26.0
2025-06-08,SKU-0141,57,0,11,26.0
2025-06-15,SKU-0141,138,0,11,26.0
2025-06-22,SKU-0141,97,0,11,26.0
2025-06-29,SKU-0141,54,0,11,26.0
2025-07-06,SKU-0141,29,0,11,26.0
2025-07-13,SKU-0141,172,0,11,26.0
2025-07-20,SKU-0141,150,0,11,26.0
2025-07-27,SKU-0141,127,0,11,26.0
2025-08-03,SKU-0141,93,0,11,26.0
2025-08-10,SKU-0141,68,0,11,26.0
2025-08-17,SKU-0141,33,0,11,26.0
2025-08-24,SKU-0141,80,0,11,26.0
2025-08-31,SKU-0141,62,0,11,26.0
2025-09-07,SKU-0141,35,0,11,26.0
2025-09-14,SKU-0141,13,120,11,26.0
2025-09-21,SKU-0141,77,0,11,26.0
2025-09-28,SKU-0141,52,0,11,26.0
2025-10-05,SKU-0141,10,154,11,26.0
2025-10-12,SKU-0141,162,0,11,26.0
2025-10-19,SKU-0141,101,0,11,26.0
2025-10-26,SKU-0141,42,0,11,26.0
2025-11-02,SKU-0141,0,248,11,26.0
2025-11-09,SKU-0141,0,271,11,26.0
2025-11-16,SKU-0141,0,245,11,26.0
2025-11-23,SKU-0141,127,0,11,26.0
2025-11-30,SKU-0141,98,0,11,26.0
2025-12-07,SKU-0141,55,0,11,26.0
2025-12-14,SKU-0141,16,170,11,26.0
2025-12-21,SKU-0141,0,201,11,26.0
2025-12-28,SKU-0141,195,0,11,26.0
2026-01-04,SKU-0141,158,0,11,26.0
2026-01-11,SKU-0141,101,0,11,26.0
2026-01-18,SKU-0141,62,0,11,26.0
2026-01-25,SKU-0141,31,0,11,26.0
2026-02-01,SKU-0141,0,197,11,26.0
2026-02-08,SKU-0141,142,0,11,26.0
2026-02-15,SKU-0141,107,0,11,26.0
2026-02-22,SKU-0141,78,0,11,26.0
2026-03-01,SKU-0141,32,0,11,26.0
2026-03-08,SKU-0141,185,0,11,26.0
2026-03-15,SKU-0141,134,0,11,26.0
2026-03-22,SKU-0141,95,0,11,26.0
2026-03-29,SKU-0141,66,0,11,26.0
2026-04-05,SKU-0141,37,0,11,26.0
2026-04-12,SKU-0141,118,0,11,26.0
2026-04-19,SKU-0141,86,0,11,26.0
2026-04-26,SKU-0141,55,0,11,26.0
2026-05-03,SKU-0141,14,179,11,26.0
2026-05-10,SKU-0141,117,0,11,26.0
2026-05-17,SKU-0141,88,0,11,26.0
2026-05-24,SKU-0141,50,0,11,26.0
2026-05-31,SKU-0141,26,0,11,26.0
2026-06-07,SKU-0141,81,0,11,26.0
2026-06-14,SKU-0141,52,0,11,26.0
2026-06-21,SKU-0141,14,157,11,26.0
2026-06-28,SKU-0141,0,159,11,26.0
2026-07-05,SKU-0141,146,0,11,26.0
2026-07-12,SKU-0141,121,0,11,26.0
2026-07-19,SKU-0141,93,0,11,26.0
2026-07-26,SKU-0141,72,0,11,26.0
2026-08-02,SKU-0141,40,0,11,26.0
2026-08-09,SKU-0141,106,0,11,26.0
2026-08-16,SKU-0141,75,0,11,26.0
2026-08-23,SKU-0141,50,0,11,26.0
2026-08-30,SKU-0141,32,0,11,26.0
2024-12-01,SKU-0142,87,0,5,30.0
2024-12-08,SKU-0142,81,0,5,30.0
2024-12-15,SKU-0142,57,0,5,30.0
2024-12-22,SKU-0142,37,0,5,30.0
2024-12-29,SKU-0142,6,111,5,30.0
2025-01-05,SKU-0142,0,137,5,30.0
2025-01-12,SKU-0142,0,112,5,30.0
2025-01-19,SKU-0142,96,0,5,30.0
2025-01-26,SKU-0142,79,0,5,30.0
2025-02-02,SKU-0142,67,0,5,30.0
2025-02-09,SKU-0142,53,0,5,30.0
2025-02-16,SKU-0142,39,0,5,30.0
2025-02-23,SKU-0142,101,0,5,30.0
2025-03-02,SKU-0142,89,0,5,30.0
2025-03-09,SKU-0142,82,0,5,30.0
2025-03-16,SKU-0142,70,0,5,30.0
2025-03-23,SKU-0142,51,0,5,30.0
2025-03-30,SKU-0142,41,0,5,30.0
2025-04-06,SKU-0142,24,77,5,30.0
2025-04-13,SKU-0142,98,0,5,30.0
2025-04-20,SKU-0142,86,0,5,30.0
2025-04-27,SKU-0142,72,0,5,30.0
2025-05-04,SKU-0142,58,0,5,30.0
2025-05-11,SKU-0142,42,0,5,30.0
2025-05-18,SKU-0142,26,84,5,30.0
2025-05-25,SKU-0142,82,0,5,30.0
2025-06-01,SKU-0142,69,0,5,30.0
2025-06-08,SKU-0142,55,0,5,30.0
2025-06-15,SKU-0142,44,0,5,30.0
2025-06-22,SKU-0142,23,100,5,
2025-06-29,SKU-0142,103,0,5,30.0
2025-07-06,SKU-0142,81,0,5,30.0
2025-07-13,SKU-0142,72,0,5,30.0
2025-07-20,SKU-0142,62,0,5,30.0
2025-07-27,SKU-0142,60,0,5,30.0
2025-08-03,SKU-0142,50,0,5,30.0
2025-08-10,SKU-0142,41,0,5,30.0
2025-08-17,SKU-0142,37,0,5,30.0
2025-08-24,SKU-0142,18,69,5,30.0
2025-08-31,SKU-0142,11,70,5,30.0
2025-09-07,SKU-0142,52,0,5,30.0
2025-09-14,SKU-0142,38,0,5,30.0
2025-09-21,SKU-0142,20,76,5,30.0
2025-09-28,SKU-0142,67,0,5,30.0
2025-10-05,SKU-0142,45,0,5,30.0
2025-10-12,SKU-0142,108,0,5,30.0
2025-10-19,SKU-0142,83,0,5,30.0
2025-10-26,SKU-0142,61,0,5,30.0
2025-11-02,SKU-0142,42,0,5,30.0
2025-11-09,SKU-0142,21,127,5,30.0
2025-11-16,SKU-0142,90,0,5,30.0
2025-11-23,SKU-0142,76,0,5,30.0
2025-11-30,SKU-0142,67,0,5,30.0
2025-12-07,SKU-0142,52,0,5,30.0
2025-12-14,SKU-0142,30,0,5,30.0
2025-12-21,SKU-0142,80,0,5,30.0
2025-12-28,SKU-0142,57,0,5,30.0
2026-01-04,SKU-0142,34,0,5,30.0
2026-01-11,SKU-0142,18,134,5,30.0
2026-01-18,SKU-0142,83,0,5,30.0
2026-01-25,SKU-0142,65,0,5,30.0
2026-02-01,SKU-0142,46,0,5,30.0
2026-02-08,SKU-0142,116,0,5,30.0
2026-02-15,SKU-0142,102,0,5,30.0
2026-02-22,SKU-0142,85,0,5,30.0
2026-03-01,SKU-0142,73,0,5,30.0
2026-03-08,SKU-0142,56,0,5,30.0
2026-03-15,SKU-0142,41,0,5,30.0
2026-03-22,SKU-0142,75,0,5,30.0
2026-03-29,SKU-0142,59,0,5,30.0
2026-04-05,SKU-0142,45,0,5,30.0
2026-04-12,SKU-0142,114,0,5,30.0
2026-04-19,SKU-0142,102,0,5,30.0
2026-04-26,SKU-0142,87,0,5,30.0
2026-05-03,SKU-0142,77,0,5,30.0
2026-05-10,SKU-0142,64,0,5,30.0
2026-05-17,SKU-0142,46,0,5,30.0
2026-05-24,SKU-0142,37,0,5,30.0
2026-05-31,SKU-0142,71,0,5,30.0
2026-06-07,SKU-0142,64,0,5,30.0
2026-06-14,SKU-0142,62,0,5,30.0
2026-06-21,SKU-0142,45,0,5,30.0
2026-06-28,SKU-0142,22,95,5,30.0
2026-07-05,SKU-0142,13,89,5,30.0
2026-07-12,SKU-0142,5,108,5,30.0
2026-07-19,SKU-0142,44,0,5,30.0
2026-07-26,SKU-0142,35,0,5,30.0
2026-08-02,SKU-0142,66,0,5,30.0
2026-08-09,SKU-0142,59,0,5,30.0
2026-08-16,SKU-0142,53,0,5,30.0
2026-08-23,SKU-0142,41,0,5,30.0
2026-08-30,SKU-0142,63,0,5,30.0
2024-12-08,SKU-0143,67,0,6,50.0
2024-12-15,SKU-0143,51,0,6,50.0
2024-12-22,SKU-0143,74,0,6,50.0
2024-12-29,SKU-0143,144,0,6,50.0
2025-01-05,SKU-0143,132,0,6,50.0
2025-01-12,SKU-0143,120,0,6,50.0
2025-01-19,SKU-0143,101,0,6,50.0
2025-01-26,SKU-0143,77,0,6,50.0
2025-02-02,SKU-0143,53,0,6,50.0
2025-02-09,SKU-0143,41,128,6,50.0
2025-02-16,SKU-0143,23,121,6,50.0
2025-02-23,SKU-0143,73,0,6,50.0
2025-03-02,SKU-0143,60,0,6,50.0
2025-03-09,SKU-0143,52,0,6,50.0
2025-03-16,SKU-0143,132,0,6,50.0
2025-03-23,SKU-0143,123,0,6,50.0
2025-03-30,SKU-0143,116,0,6,50.0
2025-04-06,SKU-0143,103,0,6,50.0
2025-04-13,SKU-0143,98,0,6,50.0
2025-04-20,SKU-0143,87,0,6,50.0
2025-04-27,SKU-0143,78,0,6,50.0
2025-05-04,SKU-0143,62,0,6,50.0
2025-05-11,SKU-0143,52,0,6,50.0
2025-05-18,SKU-0143,110,0,6,50.0
2025-05-25,SKU-0143,98,0,6,50.0
2025-06-01,SKU-0143,85,0,6,50.0
2025-06-08,SKU-0143,75,0,6,50.0
2025-06-15,SKU-0143,54,0,6,50.0
2025-06-22,SKU-0143,34,113,6,50.0
2025-06-29,SKU-0143,117,0,6,50.0
2025-07-06,SKU-0143,103,0,6,50.0
2025-07-13,SKU-0143,84,0,6,50.0
2025-07-20,SKU-0143,66,0,6,50.0
2025-07-27,SKU-0143,45,122,6,50.0
2025-08-03,SKU-0143,26,103,6,50.0
2025-08-10,SKU-0143,78,0,6,50.0
2025-08-17,SKU-0143,69,0,6,50.0
2025-08-24,SKU-0143,47,126,6,50.0
2025-08-31,SKU-0143,31,106,6,50.0
2025-09-07,SKU-0143,10,107,6,50.0
2025-09-14,SKU-0143,0,103,6,50.0
2025-09-21,SKU-0143,88,0,6,50.0
2025-09-28,SKU-0143,73,0,6,50.0
2025-10-05,SKU-0143,52,0,6,50.0
2025-10-12,SKU-0143,24,102,6,50.0
2025-10-19,SKU-0143,80,0,6,50.0
2025-10-26,SKU-0143,50,0,6,50.0
2025-11-02,SKU-0143,114,0,6,50.0
2025-11-09,SKU-0143,76,0,6,50.0
2025-11-16,SKU-0143,49,132,6,50.0
2025-11-23,SKU-0143,34,127,6,50.0
2025-11-30,SKU-0143,18,124,6,50.0
2025-12-07,SKU-0143,5,111,6,50.0
2025-12-14,SKU-0143,0,106,6,50.0
2025-12-21,SKU-0143,93,0,6,50.0
2025-12-28,SKU-0143,63,0,6,50.0
2026-01-04,SKU-0143,37,138,6,50.0
2026-01-11,SKU-0143,117,0,6,50.0
2026-01-18,SKU-0143,109,0,6,50.0
2026-01-25,SKU-0143,92,0,6,50.0
2026-02-01,SKU-0143,82,0,6,50.0
2026-02-08,SKU-0143,66,0,6,50.0
2026-02-15,SKU-0143,55,0,6,50.0
2026-02-22,SKU-0143,44,111,6,50.0
2026-03-01,SKU-0143,115,0,6,50.0
2026-03-08,SKU-0143,98,0,6,50.0
2026-03-15,SKU-0143,88,0,6,50.0
2026-03-22,SKU-0143,81,0,6,50.0
2026-03-29,SKU-0143,71,0,6,50.0
2026-04-05,SKU-0143,54,0,6,50.0
2026-04-12,SKU-0143,43,113,6,50.0
2026-04-19,SKU-0143,95,0,6,50.0
2026-04-26,SKU-0143,91,0,6,50.0
2026-05-03,SKU-0143,73,0,6,50.0
2026-05-10,SKU-0143,60,0,6,50.0
2026-05-17,SKU-0143,43,123,6,50.0
2026-05-24,SKU-0143,81,0,6,50.0
2026-05-31,SKU-0143,73,0,6,50.0
2026-06-07,SKU-0143,55,0,6,50.0
2026-06-14,SKU-0143,46,115,6,50.0
2026-06-21,SKU-0143,125,0,6,50.0
2026-06-28,SKU-0143,96,0,6,50.0
2026-07-05,SKU-0143,76,0,6,50.0
2026-07-12,SKU-0143,71,0,6,50.0
2026-07-19,SKU-0143,61,0,6,50.0
2026-07-26,SKU-0143,141,0,6,50.0
2026-08-02,SKU-0143,127,0,6,50.0
2026-08-09,SKU-0143,107,0,6,50.0
2026-08-16,SKU-0143,94,0,6,50.0
2026-08-23,SKU-0143,82,0,6,50.0
2026-08-30,SKU-0143,69,0,6,50.0
2025-01-12,SKU-0144,72,0,13,46.0
2025-01-19,SKU-0144,31,155,13,46.0
2025-01-26,SKU-0144,94,0,13,46.0
2025-02-02,SKU-0144,76,0,13,46.0
2025-02-09,SKU-0144,166,0,13,46.0
2025-02-16,SKU-0144,133,0,13,46.0
2025-02-23,SKU-0144,105,0,13,46.0
2025-03-02,SKU-0144,72,0,13,46.0
2025-03-09,SKU-0144,129,0,13,46.0
2025-03-16,SKU-0144,99,0,13,46.0
2025-03-23,SKU-0144,52,0,13,46.0
2025-03-30,SKU-0144,13,171,13,46.0
2025-04-06,SKU-0144,121,0,13,46.0
2025-04-13,SKU-0144,89,0,13,46.0
2025-04-20,SKU-0144,46,0,13,46.0
2025-04-27,SKU-0144,19,158,13,46.0
2025-05-04,SKU-0144,0,180,13,46.0
2025-05-11,SKU-0144,0,178,13,46.0
2025-05-18,SKU-0144,147,0,13,46.0
2025-05-25,SKU-0144,110,0,13,46.0
2025-06-01,SKU-0144,73,0,13,46.0
2025-06-08,SKU-0144,165,0,13,46.0
2025-06-15,SKU-0144,123,0,13,46.0
2025-06-22,SKU-0144,44,227,13,46.0
2025-06-29,SKU-0144,215,0,13,46.0
2025-07-06,SKU-0144,173,0,13,46.0
2025-07-13,SKU-0144,127,0,13,46.0
2025-07-20,SKU-0144,94,0,13,46.0
2025-07-27,SKU-0144,55,0,13,46.0
2025-08-03,SKU-0144,24,184,13,46.0
2025-08-10,SKU-0144,0,197,13,46.0
2025-08-17,SKU-0144,0,174,13,46.0
2025-08-24,SKU-0144,171,0,13,46.0
2025-08-31,SKU-0144,138,0,13,46.0
2025-09-07,SKU-0144,103,0,13,46.0
2025-09-14,SKU-0144,70,0,13,46.0
2025-09-21,SKU-0144,113,0,13,46.0
2025-09-28,SKU-0144,79,0,13,46.0
2025-10-05,SKU-0144,27,168,13,46.0
2025-10-12,SKU-0144,0,199,13,46.0
2025-10-19,SKU-0144,194,0,13,46.0
2025-10-26,SKU-0144,152,0,13,46.0
2025-11-02,SKU-0144,99,0,13,46.0
2025-11-09,SKU-0144,56,0,13,46.0
2025-11-16,SKU-0144,227,0,13,46.0
2025-11-23,SKU-0144,204,0,13,46.0
2025-11-30,SKU-0144,175,0,13,46.0
2025-12-07,SKU-0144,154,0,13,46.0
2025-12-14,SKU-0144,133,0,13,46.0
2025-12-21,SKU-0144,93,0,13,46.0
2025-12-28,SKU-0144,53,0,13,46.0
2026-01-04,SKU-0144,19,167,13,46.0
2026-01-11,SKU-0144,122,0,13,
2026-01-18,SKU-0144,81,0,13,46.0
2026-01-25,SKU-0144,54,0,13,46.0
2026-02-01,SKU-0144,30,161,13,46.0
2026-02-08,SKU-0144,157,0,13,46.0
2026-02-15,SKU-0144,124,0,13,46.0
2026-02-22,SKU-0144,81,0,13,46.0
2026-03-01,SKU-0144,50,0,13,46.0
2026-03-08,SKU-0144,15,147,13,46.0
2026-03-15,SKU-0144,92,0,13,46.0
2026-03-22,SKU-0144,64,0,13,46.0
2026-03-29,SKU-0144,27,156,13,46.0
2026-04-05,SKU-0144,0,165,13,46.0
2026-04-12,SKU-0144,120,0,13,46.0
2026-04-19,SKU-0144,91,0,13,46.0
2026-04-26,SKU-0144,228,0,13,46.0
2026-05-03,SKU-0144,186,0,13,46.0
2026-05-10,SKU-0144,144,0,13,46.0
2026-05-17,SKU-0144,117,0,13,46.0
2026-05-24,SKU-0144,82,0,13,46.0
2026-05-31,SKU-0144,54,0,13,46.0
2026-06-07,SKU-0144,22,170,13,46.0
2026-06-14,SKU-0144,130,0,13,46.0
2026-06-21,SKU-0144,80,0,13,46.0
2026-06-28,SKU-0144,152,0,13,46.0
2026-07-05,SKU-0144,108,0,13,46.0
2026-07-12,SKU-0144,65,0,13,46.0
2026-07-19,SKU-0144,31,221,13,46.0
2026-07-26,SKU-0144,0,180,13,46.0
2026-08-02,SKU-0144,113,0,13,46.0
2026-08-09,SKU-0144,74,0,13,46.0
2026-08-16,SKU-0144,176,0,13,46.0
2026-08-23,SKU-0144,144,0,13,46.0
2026-08-30,SKU-0144,108,0,13,46.0
2024-08-11,SKU-0145,152,0,14,27.0
2024-08-18,SKU-0145,125,0,14,27.0
2024-08-25,SKU-0145,93,0,14,27.0
2024-09-01,SKU-0145,54,0,14,27.0
2024-09-08,SKU-0145,30,0,14,27.0
2024-09-15,SKU-0145,88,0,14,27.0
2024-09-22,SKU-0145,63,0,14,27.0
2024-09-29,SKU-0145,28,0,14,27.0
2024-10-06,SKU-0145,88,0,14,27.0
2024-10-13,SKU-0145,49,0,14,27.0
2024-10-20,SKU-0145,18,185,14,27.0
2024-10-27,SKU-0145,140,0,14,27.0
2024-11-03,SKU-0145,107,0,14,27.0
2024-11-10,SKU-0145,74,0,14,27.0
2024-11-17,SKU-0145,35,0,14,27.0
2024-11-24,SKU-0145,17,147,14,27.0
2024-12-01,SKU-0145,85,0,14,27.0
2024-12-08,SKU-0145,60,0,14,27.0
2024-12-15,SKU-0145,32,0,14,27.0
2024-12-22,SKU-0145,0,121,14,27.0
2024-12-29,SKU-0145,0,142,14,27.0
2025-01-05,SKU-0145,0,161,14,27.0
2025-01-12,SKU-0145,0,144,14,27.0
2025-01-19,SKU-0145,128,0,14,27.0
2025-01-26,SKU-0145,102,0,14,27.0
2025-02-02,SKU-0145,83,0,14,27.0
2025-02-09,SKU-0145,56,0,14,27.0
2025-02-16,SKU-0145,36,0,14,27.0
2025-02-23,SKU-0145,84,0,14,27.0
2025-03-02,SKU-0145,51,0,14,27.0
2025-03-09,SKU-0145,31,0,14,27.0
2025-03-16,SKU-0145,162,0,14,27.0
2025-03-23,SKU-0145,138,0,14,27.0
2025-03-30,SKU-0145,114,0,14,27.0
2025-04-06,SKU-0145,85,0,14,27.0
2025-04-13,SKU-0145,49,0,14,27.0
2025-04-20,SKU-0145,124,0,14,27.0
2025-04-27,SKU-0145,77,0,14,27.0
2025-05-04,SKU-0145,44,0,14,27.0
2025-05-11,SKU-0145,20,155,14,27.0
2025-05-18,SKU-0145,0,146,14,27.0
2025-05-25,SKU-0145,126,0,14,27.0
2025-06-01,SKU-0145,87,0,14,27.0
2025-06-08,SKU-0145,65,0,14,27.0
2025-06-15,SKU-0145,27,0,14,27.0
2025-06-22,SKU-0145,0,203,14,27.0
2025-06-29,SKU-0145,0,221,14,27.0
2025-07-06,SKU-0145,116,0,14,27.0
2025-07-13,SKU-0145,81,0,14,27.0
2025-07-20,SKU-0145,57,0,14,27.0
2025-07-27,SKU-0145,25,159,14,27.0
2025-08-03,SKU-0145,171,0,14,27.0
2025-08-10,SKU-0145,141,0,14,27.0
2025-08-17,SKU-0145,111,0,14,27.0
2025-08-24,SKU-0145,88,0,14,27.0
2025-08-31,SKU-0145,66,0,14,27.0
2025-09-07,SKU-0145,27,0,14,27.0
2025-09-14,SKU-0145,0,135,14,27.0
2025-09-21,SKU-0145,149,0,14,27.0
2025-09-28,SKU-0145,116,0,14,27.0
2025-10-05,SKU-0145,81,0,14,27.0
2025-10-12,SKU-0145,35,0,14,27.0
2025-10-19,SKU-0145,0,193,14,27.0
2025-10-26,SKU-0145,166,0,14,27.0
2025-11-02,SKU-0145,127,0,14,27.0
2025-11-09,SKU-0145,83,0,14,27.0
2025-11-16,SKU-0145,45,0,14,27.0
2025-11-23,SKU-0145,28,0,14,27.0
2025-11-30,SKU-0145,144,0,14,27.0
2025-12-07,SKU-0145,129,0,14,27.0
2025-12-14,SKU-0145,118,0,14,27.0
2025-12-21,SKU-0145,87,0,14,27.0
2025-12-28,SKU-0145,52,0,14,27.0
2026-01-04,SKU-0145,167,0,14,27.0
2026-01-11,SKU-0145,145,0,14,27.0
2026-01-18,SKU-0145,124,0,14,27.0
2026-01-25,SKU-0145,90,0,14,27.0
2026-02-01,SKU-0145,72,0,14,27.0
2026-02-08,SKU-0145,45,0,14,27.0
2026-02-15,SKU-0145,12,144,14,27.0
2026-02-22,SKU-0145,66,0,14,27.0
2026-03-01,SKU-0145,38,0,14,27.0
2026-03-08,SKU-0145,8,136,14,27.0
2026-03-15,SKU-0145,111,0,14,27.0
2026-03-22,SKU-0145,78,0,14,27.0
2026-03-29,SKU-0145,41,0,14,27.0
2026-04-05,SKU-0145,0,165,14,27.0
2026-04-12,SKU-0145,0,168,14,27.0
2026-04-19,SKU-0145,0,177,14,27.0
2026-04-26,SKU-0145,117,0,14,27.0
2026-05-03,SKU-0145,77,0,14,27.0
2026-05-10,SKU-0145,35,0,14,27.0
2026-05-17,SKU-0145,0,180,14,27.0
2026-05-24,SKU-0145,141,0,14,27.0
2026-05-31,SKU-0145,108,0,14,27.0
2026-06-07,SKU-0145,81,0,14,27.0
2026-06-14,SKU-0145,52,0,14,27.0
2026-06-21,SKU-0145,0,194,14,27.0
2026-06-28,SKU-0145,197,0,14,27.0
2026-07-05,SKU-0145,163,0,14,27.0
2026-07-12,SKU-0145,128,0,14,27.0
2026-07-19,SKU-0145,90,0,14,27.0
2026-07-26,SKU-0145,48,0,14,27.0
2026-08-02,SKU-0145,154,0,14,27.0
2026-08-09,SKU-0145,128,0,14,27.0
2026-08-16,SKU-0145,101,0,14,27.0
2026-08-23,SKU-0145,86,0,14,27.0
2026-08-30,SKU-0145,48,0,14,27.0
2024-07-28,SKU-0146,107,0,19,24.0
2024-08-04,SKU-0146,57,0,19,24.0
2024-08-11,SKU-0146,10,183,19,24.0
2024-08-18,SKU-0146,220,0,19,24.0
2024-08-25,SKU-0146,172,0,19,24.0
2024-09-01,SKU-0146,131,0,19,24.0
2024-09-08,SKU-0146,80,0,19,24.0
2024-09-15,SKU-0146,238,0,19,24.0
2024-09-22,SKU-0146,191,0,19,24.0
2024-09-29,SKU-0146,142,0,19,24.0
2024-10-06,SKU-0146,81,0,19,24.0
2024-10-13,SKU-0146,20,261,19,24.0
2024-10-20,SKU-0146,0,252,19,24.0
2024-10-27,SKU-0146,175,0,19,24.0
2024-11-03,SKU-0146,116,0,19,24.0
2024-11-10,SKU-0146,41,0,19,24.0
2024-11-17,SKU-0146,0,282,19,24.0
2024-11-24,SKU-0146,0,251,19,24.0
2024-12-01,SKU-0146,209,0,19,24.0
2024-12-08,SKU-0146,181,0,19,24.0
2024-12-15,SKU-0146,149,0,19,24.0
2024-12-22,SKU-0146,97,0,19,24.0
2024-12-29,SKU-0146,38,0,19,24.0
2025-01-05,SKU-0146,0,210,19,24.0
2025-01-12,SKU-0146,0,220,19,24.0
2025-01-19,SKU-0146,0,207,19,24.0
2025-01-26,SKU-0146,0,206,19,24.0
2025-02-02,SKU-0146,146,0,19,24.0
2025-02-09,SKU-0146,93,0,19,24.0
2025-02-16,SKU-0146,38,0,19,24.0
2025-02-23,SKU-0146,117,0,19,24.0
2025-03-02,SKU-0146,65,0,19,24.0
2025-03-09,SKU-0146,30,0,19,24.0
2025-03-16,SKU-0146,203,0,19,24.0
2025-03-23,SKU-0146,143,0,19,24.0
2025-03-30,SKU-0146,73,0,19,24.0
2025-04-06,SKU-0146,40,0,19,24.0
2025-04-13,SKU-0146,146,0,19,24.0
2025-04-20,SKU-0146,97,0,19,24.0
2025-04-27,SKU-0146,32,0,19,24.0
2025-05-04,SKU-0146,243,0,19,24.0
2025-05-11,SKU-0146,187,0,19,24.0
2025-05-18,SKU-0146,130,0,19,24.0
2025-05-25,SKU-0146,74,0,19,24.0
2025-06-01,SKU-0146,37,0,19,24.0
2025-06-08,SKU-0146,0,252,19,24.0
2025-06-15,SKU-0146,178,0,19,24.0
2025-06-22,SKU-0146,101,0,19,24.0
2025-06-29,SKU-0146,39,0,19,24.0
2025-07-06,SKU-0146,0,302,19,24.0
2025-07-13,SKU-0146,0,276,19,24.0
2025-07-20,SKU-0146,178,0,19,24.0
2025-07-27,SKU-0146,112,0,19,24.0
2025-08-03,SKU-0146,49,0,19,24.0
2025-08-10,SKU-0146,1,263,19,24.0
2025-08-17,SKU-0146,0,272,19,24.0
2025-08-24,SKU-0146,0,248,19,24.0
2025-08-31,SKU-0146,229,0,19,24.0
2025-09-07,SKU-0146,197,0,19,24.0
2025-09-14,SKU-0146,148,0,19,24.0
2025-09-21,SKU-0146,110,0,19,24.0
2025-09-28,SKU-0146,67,0,19,24.0
2025-10-05,SKU-0146,120,0,19,24.0
2025-10-12,SKU-0146,51,0,19,24.0
2025-10-19,SKU-0146,221,0,19,24.0
2025-10-26,SKU-0146,157,0,19,24.0
2025-11-02,SKU-0146,90,0,19,24.0
2025-11-09,SKU-0146,26,0,19,24.0
2025-11-16,SKU-0146,0,294,19,24.0
2025-11-23,SKU-0146,0,276,19,24.0
2025-11-30,SKU-0146,136,0,19,24.0
2025-12-07,SKU-0146,70,0,19,24.0
2025-12-14,SKU-0146,34,0,19,24.0
2025-12-21,SKU-0146,202,0,19,24.0
2025-12-28,SKU-0146,146,0,19,24.0
2026-01-04,SKU-0146,111,0,19,24.0
2026-01-11,SKU-0146,66,0,19,24.0
2026-01-18,SKU-0146,30,0,19,24.0
2026-01-25,SKU-0146,0,162,19,24.0
2026-02-01,SKU-0146,95,0,19,24.0
2026-02-08,SKU-0146,64,0,19,24.0
2026-02-15,SKU-0146,13,170,19,24.0
2026-02-22,SKU-0146,0,176,19,24.0
2026-03-01,SKU-0146,106,0,19,24.0
2026-03-08,SKU-0146,74,0,19,24.0
2026-03-15,SKU-0146,213,0,19,24.0
2026-03-22,SKU-0146,166,0,19,24.0
2026-03-29,SKU-0146,122,0,19,24.0
2026-04-05,SKU-0146,53,0,19,24.0
2026-04-12,SKU-0146,207,0,19,24.0
2026-04-19,SKU-0146,150,0,19,24.0
2026-04-26,SKU-0146,110,0,19,24.0
2026-05-03,SKU-0146,55,0,19,24.0
2026-05-10,SKU-0146,217,0,19,24.0
2026-05-17,SKU-0146,157,0,19,24.0
2026-05-24,SKU-0146,113,0,19,24.0
2026-05-31,SKU-0146,52,0,19,24.0
2026-06-07,SKU-0146,213,0,19,24.0
2026-06-14,SKU-0146,155,0,19,24.0
2026-06-21,SKU-0146,52,0,19,24.0
2026-06-28,SKU-0146,156,0,19,24.0
2026-07-05,SKU-0146,94,0,19,24.0
2026-07-12,SKU-0146,45,0,19,24.0
2026-07-19,SKU-0146,265,0,19,24.0
2026-07-26,SKU-0146,218,0,19,24.0
2026-08-02,SKU-0146,182,0,19,24.0
2026-08-09,SKU-0146,132,0,19,24.0
2026-08-16,SKU-0146,78,0,19,24.0
2026-08-23,SKU-0146,41,0,19,24.0
2026-08-30,SKU-0146,213,0,19,24.0
2024-08-25,SKU-0147,41,0,14,33.0
2024-09-01,SKU-0147,8,82,14,33.0
2024-09-08,SKU-0147,97,0,14,33.0
2024-09-15,SKU-0147,74,0,14,33.0
2024-09-22,SKU-0147,50,0,14,33.0
2024-09-29,SKU-0147,134,0,14,33.0
2024-10-06,SKU-0147,95,0,14,33.0
2024-10-13,SKU-0147,57,0,14,33.0
2024-10-20,SKU-0147,111,0,14,33.0
2024-10-27,SKU-0147,67,0,14,33.0
2024-11-03,SKU-0147,26,210,14,33.0
2024-11-10,SKU-0147,0,203,14,33.0
2024-11-17,SKU-0147,123,0,14,33.0
2024-11-24,SKU-0147,97,0,14,33.0
2024-12-01,SKU-0147,68,0,14,33.0
2024-12-08,SKU-0147,46,0,14,33.0
2024-12-15,SKU-0147,17,131,14,33.0
2024-12-22,SKU-0147,0,176,14,33.0
2024-12-29,SKU-0147,0,158,14,33.0
2025-01-05,SKU-0147,0,180,14,33.0
2025-01-12,SKU-0147,0,174,14,33.0
2025-01-19,SKU-0147,116,0,14,33.0
2025-01-26,SKU-0147,88,0,14,33.0
2025-02-02,SKU-0147,53,0,14,33.0
2025-02-09,SKU-0147,11,163,14,33.0
2025-02-16,SKU-0147,160,0,14,33.0
2025-02-23,SKU-0147,125,0,14,33.0
2025-03-02,SKU-0147,92,0,14,33.0
2025-03-09,SKU-0147,60,0,14,33.0
2025-03-16,SKU-0147,31,165,14,33.0
2025-03-23,SKU-0147,2,178,14,33.0
2025-03-30,SKU-0147,120,0,14,33.0
2025-04-06,SKU-0147,84,0,14,33.0
2025-04-13,SKU-0147,51,0,14,33.0
2025-04-20,SKU-0147,7,174,14,33.0
2025-04-27,SKU-0147,0,163,14,33.0
2025-05-04,SKU-0147,145,0,14,33.0
2025-05-11,SKU-0147,111,0,14,33.0
2025-05-18,SKU-0147,82,0,14,33.0
2025-05-25,SKU-0147,39,0,14,33.0
2025-06-01,SKU-0147,162,0,14,33.0
2025-06-08,SKU-0147,137,0,14,33.0
2025-06-15,SKU-0147,104,0,14,33.0
2025-06-22,SKU-0147,68,0,14,33.0
2025-06-29,SKU-0147,17,175,14,33.0
2025-07-06,SKU-0147,0,190,14,33.0
2025-07-13,SKU-0147,0,191,14,33.0
2025-07-20,SKU-0147,155,0,14,33.0
2025-07-27,SKU-0147,136,0,14,33.0
2025-08-03,SKU-0147,102,0,14,33.0
2025-08-10,SKU-0147,67,0,14,33.0
2025-08-17,SKU-0147,34,0,14,33.0
2025-08-24,SKU-0147,90,0,14,33.0
2025-08-31,SKU-0147,65,0,14,33.0
2025-09-07,SKU-0147,48,0,14,33.0
2025-09-14,SKU-0147,33,0,14,33.0
2025-09-21,SKU-0147,0,119,14,33.0
2025-09-28,SKU-0147,122,0,14,33.0
2025-10-05,SKU-0147,78,0,14,33.0
2025-10-12,SKU-0147,35,0,14,33.0
2025-10-19,SKU-0147,96,0,14,33.0
2025-10-26,SKU-0147,59,0,14,33.0
2025-11-02,SKU-0147,210,0,14,33.0
2025-11-09,SKU-0147,175,0,14,33.0
2025-11-16,SKU-0147,138,0,14,33.0
2025-11-23,SKU-0147,106,0,14,33.0
2025-11-30,SKU-0147,73,0,14,33.0
2025-12-07,SKU-0147,44,0,14,33.0
2025-12-14,SKU-0147,16,146,14,33.0
2025-12-21,SKU-0147,0,155,14,33.0
2025-12-28,SKU-0147,0,147,14,33.0
2026-01-04,SKU-0147,0,168,14,33.0
2026-01-11,SKU-0147,102,0,14,33.0
2026-01-18,SKU-0147,72,0,14,33.0
2026-01-25,SKU-0147,193,0,14,33.0
2026-02-01,SKU-0147,166,0,14,33.0
2026-02-08,SKU-0147,138,0,14,33.0
2026-02-15,SKU-0147,105,0,14,33.0
2026-02-22,SKU-0147,69,0,14,33.0
2026-03-01,SKU-0147,37,0,14,33.0
2026-03-08,SKU-0147,6,151,14,33.0
2026-03-15,SKU-0147,111,0,14,33.0
2026-03-22,SKU-0147,75,0,14,33.0
2026-03-29,SKU-0147,37,0,14,33.0
2026-04-05,SKU-0147,99,0,14,33.0
2026-04-12,SKU-0147,62,0,14,33.0
2026-04-19,SKU-0147,186,0,14,33.0
2026-04-26,SKU-0147,147,0,14,33.0
2026-05-03,SKU-0147,116,0,14,33.0
2026-05-10,SKU-0147,79,0,14,33.0
2026-05-17,SKU-0147,50,0,14,33.0
2026-05-24,SKU-0147,18,152,14,33.0
2026-05-31,SKU-0147,0,172,14,33.0
2026-06-07,SKU-0147,85,0,14,33.0
2026-06-14,SKU-0147,51,0,14,33.0
2026-06-21,SKU-0147,10,173,14,33.0
2026-06-28,SKU-0147,112,0,14,33.0
2026-07-05,SKU-0147,88,0,14,33.0
2026-07-12,SKU-0147,62,0,14,33.0
2026-07-19,SKU-0147,24,154,14,33.0
2026-07-26,SKU-0147,85,0,14,33.0
2026-08-02,SKU-0147,55,0,14,33.0
2026-08-09,SKU-0147,34,0,14,33.0
2026-08-16,SKU-0147,78,0,14,33.0
2026-08-23,SKU-0147,51,0,14,33.0
2026-08-30,SKU-0147,43,0,14,33.0
2024-03-17,SKU-0148,145,0,8,38.0
2024-03-24,SKU-0148,121,0,8,38.0
2024-03-31,SKU-0148,76,0,8,38.0
2024-04-07,SKU-0148,48,0,8,38.0
2024-04-14,SKU-0148,12,155,8,38.0
2024-04-21,SKU-0148,135,0,8,38.0
2024-04-28,SKU-0148,107,0,8,38.0
2024-05-05,SKU-0148,84,0,8,38.0
2024-05-12,SKU-0148,51,0,8,38.0
2024-05-19,SKU-0148,106,0,8,38.0
2024-05-26,SKU-0148,75,0,8,38.0
2024-06-02,SKU-0148,38,0,8,38.0
2024-06-09,SKU-0148,156,0,8,38.0
2024-06-16,SKU-0148,122,0,8,38.0
2024-06-23,SKU-0148,80,0,8,38.0
2024-06-30,SKU-0148,38,0,8,38.0
2024-07-07,SKU-0148,144,0,8,38.0
2024-07-14,SKU-0148,124,0,8,38.0
2024-07-21,SKU-0148,109,0,8,38.0
2024-07-28,SKU-0148,75,0,8,38.0
2024-08-04,SKU-0148,41,0,8,38.0
2024-08-11,SKU-0148,17,133,8,38.0
2024-08-18,SKU-0148,115,0,8,38.0
2024-08-25,SKU-0148,90,0,8,38.0
2024-09-01,SKU-0148,63,0,8,38.0
2024-09-08,SKU-0148,41,0,8,38.0
2024-09-15,SKU-0148,2,145,8,38.0
2024-09-22,SKU-0148,124,0,8,38.0
2024-09-29,SKU-0148,104,0,8,38.0
2024-10-06,SKU-0148,64,0,8,38.0
2024-10-13,SKU-0148,131,0,8,38.0
2024-10-20,SKU-0148,106,0,8,38.0
2024-10-27,SKU-0148,76,0,8,38.0
2024-11-03,SKU-0148,46,0,8,38.0
2024-11-10,SKU-0148,0,164,8,38.0
2024-11-17,SKU-0148,0,155,8,38.0
2024-11-24,SKU-0148,0,146,8,38.0
2024-12-01,SKU-0148,86,0,8,38.0
2024-12-08,SKU-0148,61,0,8,38.0
2024-12-15,SKU-0148,45,0,8,38.0
2024-12-22,SKU-0148,22,121,8,38.0
2024-12-29,SKU-0148,108,0,8,38.0
2025-01-05,SKU-0148,78,0,8,38.0
2025-01-12,SKU-0148,56,0,8,38.0
2025-01-19,SKU-0148,32,145,8,38.0
2025-01-26,SKU-0148,6,117,8,38.0
2025-02-02,SKU-0148,0,126,8,38.0
2025-02-09,SKU-0148,0,143,8,38.0
2025-02-16,SKU-0148,0,151,8,38.0
2025-02-23,SKU-0148,143,0,8,38.0
2025-03-02,SKU-0148,127,0,8,38.0
2025-03-09,SKU-0148,104,0,8,38.0
2025-03-16,SKU-0148,78,0,8,38.0
2025-03-23,SKU-0148,50,0,8,38.0
2025-03-30,SKU-0148,148,0,8,38.0
2025-04-06,SKU-0148,118,0,8,38.0
2025-04-13,SKU-0148,83,0,8,38.0
2025-04-20,SKU-0148,56,0,8,38.0
2025-04-27,SKU-0148,141,0,8,38.0
2025-05-04,SKU-0148,120,0,8,38.0
2025-05-11,SKU-0148,81,0,8,38.0
2025-05-18,SKU-0148,48,0,8,38.0
2025-05-25,SKU-0148,17,163,8,38.0
2025-06-01,SKU-0148,92,0,8,38.0
2025-06-08,SKU-0148,59,0,8,38.0
2025-06-15,SKU-0148,23,156,8,38.0
2025-06-22,SKU-0148,153,0,8,38.0
2025-06-29,SKU-0148,106,0,8,38.0
2025-07-06,SKU-0148,73,0,8,38.0
2025-07-13,SKU-0148,46,0,8,38.0
2025-07-20,SKU-0148,5,169,8,38.0
2025-07-27,SKU-0148,0,159,8,38.0
2025-08-03,SKU-0148,76,0,8,38.0
2025-08-10,SKU-0148,47,0,8,38.0
2025-08-17,SKU-0148,25,133,8,38.0
2025-08-24,SKU-0148,0,127,8,38.0
2025-08-31,SKU-0148,0,143,8,38.0
2025-09-07,SKU-0148,0,116,8,38.0
2025-09-14,SKU-0148,106,0,8,38.0
2025-09-21,SKU-0148,77,0,8,38.0
2025-09-28,SKU-0148,52,0,8,38.0
2025-10-05,SKU-0148,144,0,8,38.0
2025-10-12,SKU-0148,95,0,8,38.0
2025-10-19,SKU-0148,67,0,8,38.0
2025-10-26,SKU-0148,202,0,8,38.0
2025-11-02,SKU-0148,157,0,8,38.0
2025-11-09,SKU-0148,116,0,8,38.0
2025-11-16,SKU-0148,74,0,8,38.0
2025-11-23,SKU-0148,53,0,8,38.0
2025-11-30,SKU-0148,26,152,8,38.0
2025-12-07,SKU-0148,133,0,8,38.0
2025-12-14,SKU-0148,111,0,8,38.0
2025-12-21,SKU-0148,81,0,8,38.0
2025-12-28,SKU-0148,52,0,8,38.0
2026-01-04,SKU-0148,112,0,8,38.0
2026-01-11,SKU-0148,89,0,8,38.0
2026-01-18,SKU-0148,66,0,8,38.0
2026-01-25,SKU-0148,39,0,8,38.0
2026-02-01,SKU-0148,25,123,8,38.0
2026-02-08,SKU-0148,4,122,8,38.0
2026-02-15,SKU-0148,88,0,8,38.0
2026-02-22,SKU-0148,56,0,8,38.0
2026-03-01,SKU-0148,111,0,8,38.0
2026-03-08,SKU-0148,83,0,8,38.0
2026-03-15,SKU-0148,58,0,8,38.0
2026-03-22,SKU-0148,30,139,8,38.0
2026-03-29,SKU-0148,106,0,8,38.0
2026-04-05,SKU-0148,82,0,8,38.0
2026-04-12,SKU-0148,47,0,8,38.0
2026-04-19,SKU-0148,125,0,8,38.0
2026-04-26,SKU-0148,88,0,8,38.0
2026-05-03,SKU-0148,44,0,8,38.0
2026-05-10,SKU-0148,150,0,8,38.0
2026-05-17,SKU-0148,112,0,8,38.0
2026-05-24,SKU-0148,71,0,8,38.0
2026-05-31,SKU-0148,124,0,8,38.0
2026-06-07,SKU-0148,95,0,8,38.0
2026-06-14,SKU-0148,56,0,8,38.0
2026-06-21,SKU-0148,3,201,8,38.0
2026-06-28,SKU-0148,0,209,8,38.0
2026-07-05,SKU-0148,0,182,8,38.0
2026-07-12,SKU-0148,167,0,8,38.0
2026-07-19,SKU-0148,138,0,8,38.0
2026-07-26,SKU-0148,92,0,8,38.0
2026-08-02,SKU-0148,57,0,8,38.0
2026-08-09,SKU-0148,131,0,8,38.0
2026-08-16,SKU-0148,102,0,8,38.0
2026-08-23,SKU-0148,69,0,8,38.0
2026-08-30,SKU-0148,49,0,8,38.0
2024-06-23,SKU-0149,150,0,5,36.0
2024-06-30,SKU-0149,116,0,5,36.0
2024-07-07,SKU-0149,86,0,5,36.0
2024-07-14,SKU-0149,68,0,5,36.0
2024-07-21,SKU-0149,50,0,5,36.0
2024-07-28,SKU-0149,25,119,5,36.0
2024-08-04,SKU-0149,0,123,5,36.0
2024-08-11,SKU-0149,0,138,5,36.0
2024-08-18,SKU-0149,0,142,5,36.0
2024-08-25,SKU-0149,102,0,5,36.0
2024-09-01,SKU-0149,73,0,5,36.0
2024-09-08,SKU-0149,51,0,5,36.0
2024-09-15,SKU-0149,122,0,5,36.0
2024-09-22,SKU-0149,91,0,5,36.0
2024-09-29,SKU-0149,55,0,5,36.0
2024-10-06,SKU-0149,9,153,5,36.0
2024-10-13,SKU-0149,179,0,5,36.0
2024-10-20,SKU-0149,136,0,5,36.0
2024-10-27,SKU-0149,78,0,5,36.0
2024-11-03,SKU-0149,32,224,5,36.0
2024-11-10,SKU-0149,0,214,5,36.0
2024-11-17,SKU-0149,0,216,5,36.0
2024-11-24,SKU-0149,0,176,5,36.0
2024-12-01,SKU-0149,95,0,5,36.0
2024-12-08,SKU-0149,82,0,5,36.0
2024-12-15,SKU-0149,62,0,5,36.0
2024-12-22,SKU-0149,24,129,5,36.0
2024-12-29,SKU-0149,0,147,5,36.0
2025-01-05,SKU-0149,0,168,5,36.0
2025-01-12,SKU-0149,0,167,5,36.0
2025-01-19,SKU-0149,0,122,5,36.0
2025-01-26,SKU-0149,0,118,5,36.0
2025-02-02,SKU-0149,0,88,5,36.0
2025-02-09,SKU-0149,0,89,5,36.0
2025-02-16,SKU-0149,0,111,5,36.0
2025-02-23,SKU-0149,112,0,5,36.0
2025-03-02,SKU-0149,93,0,5,36.0
2025-03-09,SKU-0149,78,0,5,36.0
2025-03-16,SKU-0149,60,0,5,36.0
2025-03-23,SKU-0149,87,0,5,36.0
2025-03-30,SKU-0149,63,0,5,36.0
2025-04-06,SKU-0149,46,0,5,36.0
2025-04-13,SKU-0149,110,0,5,36.0
2025-04-20,SKU-0149,94,0,5,36.0
2025-04-27,SKU-0149,75,0,5,36.0
2025-05-04,SKU-0149,58,0,5,36.0
2025-05-11,SKU-0149,119,0,5,36.0
2025-05-18,SKU-0149,102,0,5,36.0
2025-05-25,SKU-0149,83,0,5,36.0
2025-06-01,SKU-0149,64,0,5,36.0
2025-06-08,SKU-0149,49,0,5,36.0
2025-06-15,SKU-0149,29,123,5,36.0
2025-06-22,SKU-0149,0,115,5,36.0
2025-06-29,SKU-0149,99,0,5,36.0
2025-07-06,SKU-0149,89,0,5,36.0
2025-07-13,SKU-0149,64,0,5,36.0
2025-07-20,SKU-0149,38,0,5,36.0
2025-07-27,SKU-0149,13,106,5,36.0
2025-08-03,SKU-0149,104,0,5,36.0
2025-08-10,SKU-0149,87,0,5,36.0
2025-08-17,SKU-0149,53,0,5,36.0
2025-08-24,SKU-0149,130,0,5,36.0
2025-08-31,SKU-0149,93,0,5,36.0
2025-09-07,SKU-0149,68,0,5,36.0
2025-09-14,SKU-0149,37,0,5,36.0
2025-09-21,SKU-0149,133,0,5,36.0
2025-09-28,SKU-0149,104,0,5,36.0
2025-10-05,SKU-0149,68,0,5,36.0
2025-10-12,SKU-0149,166,0,5,36.0
2025-10-19,SKU-0149,117,0,5,36.0
2025-10-26,SKU-0149,76,0,5,36.0
2025-11-02,SKU-0149,177,0,5,36.0
2025-11-09,SKU-0149,130,0,5,36.0
2025-11-16,SKU-0149,92,0,5,36.0
2025-11-23,SKU-0149,50,0,5,36.0
2025-11-30,SKU-0149,19,200,5,36.0
2025-12-07,SKU-0149,99,0,5,36.0
2025-12-14,SKU-0149,74,0,5,36.0
2025-12-21,SKU-0149,130,0,5,36.0
2025-12-28,SKU-0149,79,0,5,36.0
2026-01-04,SKU-0149,53,0,5,36.0
2026-01-11,SKU-0149,38,0,5,36.0
2026-01-18,SKU-0149,99,0,5,36.0
2026-01-25,SKU-0149,80,0,5,36.0
2026-02-01,SKU-0149,57,0,5,36.0
2026-02-08,SKU-0149,41,0,5,36.0
2026-02-15,SKU-0149,93,0,5,36.0
2026-02-22,SKU-0149,63,0,5,36.0
2026-03-01,SKU-0149,42,0,5,36.0
2026-03-08,SKU-0149,139,0,5,36.0
2026-03-15,SKU-0149,120,0,5,36.0
2026-03-22,SKU-0149,103,0,5,36.0
2026-03-29,SKU-0149,87,0,5,36.0
2026-04-05,SKU-0149,72,0,5,36.0
2026-04-12,SKU-0149,55,0,5,36.0
2026-04-19,SKU-0149,38,0,5,36.0
2026-04-26,SKU-0149,89,0,5,36.0
2026-05-03,SKU-0149,79,0,5,36.0
2026-05-10,SKU-0149,57,0,5,36.0
2026-05-17,SKU-0149,39,0,5,36.0
2026-05-24,SKU-0149,26,104,5,36.0
2026-05-31,SKU-0149,78,0,5,36.0
2026-06-07,SKU-0149,52,0,5,36.0
2026-06-14,SKU-0149,138,0,5,36.0
2026-06-21,SKU-0149,112,0,5,36.0
2026-06-28,SKU-0149,74,0,5,36.0
2026-07-05,SKU-0149,51,0,5,36.0
2026-07-12,SKU-0149,35,148,5,36.0
2026-07-19,SKU-0149,154,0,5,36.0
2026-07-26,SKU-0149,128,0,5,36.0
2026-08-02,SKU-0149,103,0,5,36.0
2026-08-09,SKU-0149,82,0,5,36.0
2026-08-16,SKU-0149,59,0,5,36.0
2026-08-23,SKU-0149,94,0,5,36.0
2026-08-30,SKU-0149,77,0,5,36.0
2024-03-10,SKU-0150,36,108,20,54.0
2024-03-17,SKU-0150,92,0,20,54.0
2024-03-24,SKU-0150,60,0,20,54.0
2024-03-31,SKU-0150,135,0,20,54.0
2024-04-07,SKU-0150,121,0,20,54.0
2024-04-14,SKU-0150,102,0,20,54.0
2024-04-21,SKU-0150,83,0,20,54.0
2024-04-28,SKU-0150,57,0,20,54.0
2024-05-05,SKU-0150,39,122,20,54.0
2024-05-12,SKU-0150,3,136,20,54.0
2024-05-19,SKU-0150,106,0,20,54.0
2024-05-26,SKU-0150,74,0,20,54.0
2024-06-02,SKU-0150,56,0,20,54.0
2024-06-09,SKU-0150,99,0,20,54.0
2024-06-16,SKU-0150,75,0,20,54.0
2024-06-23,SKU-0150,36,127,20,54.0
2024-06-30,SKU-0150,0,151,20,54.0
2024-07-07,SKU-0150,0,146,20,54.0
2024-07-14,SKU-0150,108,0,20,54.0
2024-07-21,SKU-0150,70,0,20,54.0
2024-07-28,SKU-0150,155,0,20,
2024-08-04,SKU-0150,116,0,20,54.0
2024-08-11,SKU-0150,76,0,20,54.0
2024-08-18,SKU-0150,27,160,20,54.0
2024-08-25,SKU-0150,105,0,20,54.0
2024-09-01,SKU-0150,68,0,20,54.0
2024-09-08,SKU-0150,202,0,20,54.0
2024-09-15,SKU-0150,170,0,20,54.0
2024-09-22,SKU-0150,139,0,20,54.0
2024-09-29,SKU-0150,106,0,20,54.0
2024-10-06,SKU-0150,57,0,20,54.0
2024-10-13,SKU-0150,136,0,20,54.0
2024-10-20,SKU-0150,73,0,20,54.0
2024-10-27,SKU-0150,16,269,20,54.0
2024-11-03,SKU-0150,214,0,20,54.0
2024-11-10,SKU-0150,160,0,20,54.0
2024-11-17,SKU-0150,103,0,20,54.0
2024-11-24,SKU-0150,72,0,20,54.0
2024-12-01,SKU-0150,145,0,20,54.0
2024-12-08,SKU-0150,112,0,20,54.0
2024-12-15,SKU-0150,77,0,20,54.0
2024-12-22,SKU-0150,166,0,20,54.0
2024-12-29,SKU-0150,107,0,20,54.0
2025-01-05,SKU-0150,72,0,20,54.0
2025-01-12,SKU-0150,28,209,20,54.0
2025-01-19,SKU-0150,2,191,20,54.0
2025-01-26,SKU-0150,0,150,20,54.0
2025-02-02,SKU-0150,104,0,20,54.0
2025-02-09,SKU-0150,77,0,20,54.0
2025-02-16,SKU-0150,155,0,20,54.0
2025-02-23,SKU-0150,135,0,20,54.0
2025-03-02,SKU-0150,108,0,20,54.0
2025-03-09,SKU-0150,74,0,20,54.0
2025-03-16,SKU-0150,50,142,20,54.0
2025-03-23,SKU-0150,159,0,20,54.0
2025-03-30,SKU-0150,145,0,20,54.0
2025-04-06,SKU-0150,114,0,20,54.0
2025-04-13,SKU-0150,96,0,20,54.0
2025-04-20,SKU-0150,71,0,20,54.0
2025-04-27,SKU-0150,164,0,20,54.0
2025-05-04,SKU-0150,142,0,20,54.0
2025-05-11,SKU-0150,123,0,20,54.0
2025-05-18,SKU-0150,105,0,20,54.0
2025-05-25,SKU-0150,71,0,20,54.0
2025-06-01,SKU-0150,143,0,20,54.0
2025-06-08,SKU-0150,121,0,20,54.0
2025-06-15,SKU-0150,88,0,20,54.0
2025-06-22,SKU-0150,41,161,20,54.0
2025-06-29,SKU-0150,140,0,20,54.0
2025-07-06,SKU-0150,101,0,20,54.0
2025-07-13,SKU-0150,77,0,20,54.0
2025-07-20,SKU-0150,169,0,20,54.0
2025-07-27,SKU-0150,145,0,20,54.0
2025-08-03,SKU-0150,121,0,20,54.0
2025-08-10,SKU-0150,80,0,20,54.0
2025-08-17,SKU-0150,51,148,20,54.0
2025-08-24,SKU-0150,127,0,20,54.0
2025-08-31,SKU-0150,88,0,20,54.0
2025-09-07,SKU-0150,174,0,20,54.0
2025-09-14,SKU-0150,140,0,20,54.0
2025-09-21,SKU-0150,101,0,20,54.0
2025-09-28,SKU-0150,58,0,20,54.0
2025-10-05,SKU-0150,114,0,20,54.0
2025-10-12,SKU-0150,217,0,20,54.0
2025-10-19,SKU-0150,160,0,20,54.0
2025-10-26,SKU-0150,105,0,20,54.0
2025-11-02,SKU-0150,49,264,20,54.0
2025-11-09,SKU-0150,0,262,20,54.0
2025-11-16,SKU-0150,183,0,20,54.0
2025-11-23,SKU-0150,143,0,20,54.0
2025-11-30,SKU-0150,110,0,20,54.0
2025-12-07,SKU-0150,83,0,20,54.0
2025-12-14,SKU-0150,58,0,20,54.0
2025-12-21,SKU-0150,12,144,20,54.0
2025-12-28,SKU-0150,158,0,20,54.0
2026-01-04,SKU-0150,118,0,20,54.0
2026-01-11,SKU-0150,90,0,20,54.0
2026-01-18,SKU-0150,69,0,20,54.0
2026-01-25,SKU-0150,47,161,20,54.0
2026-02-01,SKU-0150,145,0,20,54.0
2026-02-08,SKU-0150,121,0,20,54.0
2026-02-15,SKU-0150,103,0,20,54.0
2026-02-22,SKU-0150,81,0,20,54.0
2026-03-01,SKU-0150,56,0,20,54.0
2026-03-08,SKU-0150,124,0,20,54.0
2026-03-15,SKU-0150,104,0,20,54.0
2026-03-22,SKU-0150,87,0,20,54.0
2026-03-29,SKU-0150,66,0,20,54.0
2026-04-05,SKU-0150,56,0,20,54.0
2026-04-12,SKU-0150,120,0,20,54.0
2026-04-19,SKU-0150,102,0,20,54.0
2026-04-26,SKU-0150,88,0,20,54.0
2026-05-03,SKU-0150,65,0,20,54.0
2026-05-10,SKU-0150,134,0,20,54.0
2026-05-17,SKU-0150,116,0,20,54.0
2026-05-24,SKU-0150,89,0,20,54.0
2026-05-31,SKU-0150,69,0,20,54.0
2026-06-07,SKU-0150,115,0,20,54.0
2026-06-14,SKU-0150,90,0,20,54.0
2026-06-21,SKU-0150,138,0,20,54.0
2026-06-28,SKU-0150,85,0,20,54.0
2026-07-05,SKU-0150,62,0,20,54.0
2026-07-12,SKU-0150,23,169,20,54.0
2026-07-19,SKU-0150,135,0,20,54.0
2026-07-26,SKU-0150,102,0,20,54.0
2026-08-02,SKU-0150,70,0,20,54.0
2026-08-09,SKU-0150,138,0,20,54.0
2026-08-16,SKU-0150,99,0,20,54.0
2026-08-23,SKU-0150,68,0,20,54.0
2026-08-30,SKU-0150,42,140,20,54.0
2024-07-07,SKU-0151,70,0,23,34.0
2024-07-14,SKU-0151,27,115,23,34.0
2024-07-21,SKU-0151,104,0,23,34.0
2024-07-28,SKU-0151,62,0,23,34.0
2024-08-04,SKU-0151,211,0,23,34.0
2024-08-11,SKU-0151,150,0,23,34.0
2024-08-18,SKU-0151,99,0,23,34.0
2024-08-25,SKU-0151,60,0,23,34.0
2024-09-01,SKU-0151,232,0,23,34.0
2024-09-08,SKU-0151,195,0,23,34.0
2024-09-15,SKU-0151,154,0,23,34.0
2024-09-22,SKU-0151,101,0,23,34.0
2024-09-29,SKU-0151,53,0,23,34.0
2024-10-06,SKU-0151,0,227,23,34.0
2024-10-13,SKU-0151,231,0,23,34.0
2024-10-20,SKU-0151,174,0,23,34.0
2024-10-27,SKU-0151,110,0,23,34.0
2024-11-03,SKU-0151,60,0,23,34.0
2024-11-10,SKU-0151,211,0,23,34.0
2024-11-17,SKU-0151,177,0,23,34.0
2024-11-24,SKU-0151,156,0,23,34.0
2024-12-01,SKU-0151,119,0,23,34.0
2024-12-08,SKU-0151,89,0,23,34.0
2024-12-15,SKU-0151,63,0,23,34.0
2024-12-22,SKU-0151,172,0,23,34.0
2024-12-29,SKU-0151,126,0,23,34.0
2025-01-05,SKU-0151,102,0,23,34.0
2025-01-12,SKU-0151,74,0,23,34.0
2025-01-19,SKU-0151,180,0,23,34.0
2025-01-26,SKU-0151,145,0,23,34.0
2025-02-02,SKU-0151,120,0,23,34.0
2025-02-09,SKU-0151,80,0,23,34.0
2025-02-16,SKU-0151,47,0,23,34.0
2025-02-23,SKU-0151,154,0,23,34.0
2025-03-02,SKU-0151,131,0,23,34.0
2025-03-09,SKU-0151,98,0,23,34.0
2025-03-16,SKU-0151,52,0,23,34.0
2025-03-23,SKU-0151,146,0,23,34.0
2025-03-30,SKU-0151,96,0,23,34.0
2025-04-06,SKU-0151,51,0,23,34.0
2025-04-13,SKU-0151,125,0,23,34.0
2025-04-20,SKU-0151,70,0,23,34.0
2025-04-27,SKU-0151,221,0,23,34.0
2025-05-04,SKU-0151,191,0,23,34.0
2025-05-11,SKU-0151,143,0,23,34.0
2025-05-18,SKU-0151,109,0,23,34.0
2025-05-25,SKU-0151,75,0,23,34.0
2025-06-01,SKU-0151,33,196,23,34.0
2025-06-08,SKU-0151,0,188,23,34.0
2025-06-15,SKU-0151,205,0,23,34.0
2025-06-22,SKU-0151,123,0,23,34.0
2025-06-29,SKU-0151,53,0,23,34.0
2025-07-06,SKU-0151,175,0,23,34.0
2025-07-13,SKU-0151,135,0,23,34.0
2025-07-20,SKU-0151,101,0,23,34.0
2025-07-27,SKU-0151,51,0,23,34.0
2025-08-03,SKU-0151,147,0,23,34.0
2025-08-10,SKU-0151,108,0,23,34.0
2025-08-17,SKU-0151,68,0,23,34.0
2025-08-24,SKU-0151,178,0,23,34.0
2025-08-31,SKU-0151,140,0,23,34.0
2025-09-07,SKU-0151,107,0,23,34.0
2025-09-14,SKU-0151,76,0,23,34.0
2025-09-21,SKU-0151,37,0,23,34.0
2025-09-28,SKU-0151,0,168,23,34.0
2025-10-05,SKU-0151,146,0,23,34.0
2025-10-12,SKU-0151,92,0,23,34.0
2025-10-19,SKU-0151,41,0,23,34.0
2025-10-26,SKU-0151,219,0,23,34.0
2025-11-02,SKU-0151,168,0,23,34.0
2025-11-09,SKU-0151,123,0,23,34.0
2025-11-16,SKU-0151,76,0,23,34.0
2025-11-23,SKU-0151,49,0,23,34.0
2025-11-30,SKU-0151,99,0,23,34.0
2025-12-07,SKU-0151,73,0,23,34.0
2025-12-14,SKU-0151,47,0,23,34.0
2025-12-21,SKU-0151,129,0,23,34.0
2025-12-28,SKU-0151,81,0,23,34.0
2026-01-04,SKU-0151,45,0,23,34.0
2026-01-11,SKU-0151,16,180,23,34.0
2026-01-18,SKU-0151,126,0,23,34.0
2026-01-25,SKU-0151,104,0,23,34.0
2026-02-01,SKU-0151,74,0,23,34.0
2026-02-08,SKU-0151,29,163,23,34.0
2026-02-15,SKU-0151,98,0,23,34.0
2026-02-22,SKU-0151,71,0,23,34.0
2026-03-01,SKU-0151,38,0,23,34.0
2026-03-08,SKU-0151,0,149,23,34.0
2026-03-15,SKU-0151,0,164,23,34.0
2026-03-22,SKU-0151,0,160,23,34.0
2026-03-29,SKU-0151,135,0,23,34.0
2026-04-05,SKU-0151,86,0,23,34.0
2026-04-12,SKU-0151,32,220,23,34.0
2026-04-19,SKU-0151,183,0,23,34.0
2026-04-26,SKU-0151,131,0,23,34.0
2026-05-03,SKU-0151,92,0,23,34.0
2026-05-10,SKU-0151,65,0,23,34.0
2026-05-17,SKU-0151,22,200,23,34.0
2026-05-24,SKU-0151,0,177,23,34.0
2026-05-31,SKU-0151,108,0,23,34.0
2026-06-07,SKU-0151,70,0,23,34.0
2026-06-14,SKU-0151,25,210,23,34.0
2026-06-21,SKU-0151,244,0,23,34.0
2026-06-28,SKU-0151,182,0,23,34.0
2026-07-05,SKU-0151,129,0,23,34.0
2026-07-12,SKU-0151,97,0,23,34.0
2026-07-19,SKU-0151,65,0,23,34.0
2026-07-26,SKU-0151,27,180,23,34.0
2026-08-02,SKU-0151,133,0,23,34.0
2026-08-09,SKU-0151,85,0,23,34.0
2026-08-16,SKU-0151,51,0,23,34.0
2026-08-23,SKU-0151,135,0,23,34.0
2026-08-30,SKU-0151,85,0,23,34.0
2024-05-12,SKU-0152,16,149,15,40.0
2024-05-19,SKU-0152,168,0,15,40.0
2024-05-26,SKU-0152,83,0,15,40.0
2024-06-02,SKU-0152,192,0,15,40.0
2024-06-09,SKU-0152,120,0,15,40.0
2024-06-16,SKU-0152,31,354,15,40.0
2024-06-23,SKU-0152,0,374,15,40.0
2024-06-30,SKU-0152,0,432,15,40.0
2024-07-07,SKU-0152,0,419,15,40.0
2024-07-14,SKU-0152,0,407,15,40.0
2024-07-21,SKU-0152,186,0,15,40.0
2024-07-28,SKU-0152,104,0,15,40.0
2024-08-04,SKU-0152,42,0,15,40.0
2024-08-11,SKU-0152,283,0,15,40.0
2024-08-18,SKU-0152,213,0,15,40.0
2024-08-25,SKU-0152,134,0,15,40.0
2024-09-01,SKU-0152,74,0,15,40.0
2024-09-08,SKU-0152,264,0,15,40.0
2024-09-15,SKU-0152,215,0,15,40.0
2024-09-22,SKU-0152,157,0,15,40.0
2024-09-29,SKU-0152,91,0,15,40.0
2024-10-06,SKU-0152,146,0,15,40.0
2024-10-13,SKU-0152,62,0,15,40.0
2024-10-20,SKU-0152,0,338,15,40.0
2024-10-27,SKU-0152,0,362,15,40.0
2024-11-03,SKU-0152,0,356,15,40.0
2024-11-10,SKU-0152,0,368,15,40.0
2024-11-17,SKU-0152,0,342,15,40.0
2024-11-24,SKU-0152,0,332,15,40.0
2024-12-01,SKU-0152,154,0,15,40.0
2024-12-08,SKU-0152,100,0,15,40.0
2024-12-15,SKU-0152,47,0,15,40.0
2024-12-22,SKU-0152,151,0,15,40.0
2024-12-29,SKU-0152,72,0,15,40.0
2025-01-05,SKU-0152,179,0,15,40.0
2025-01-12,SKU-0152,119,0,15,40.0
2025-01-19,SKU-0152,60,0,15,40.0
2025-01-26,SKU-0152,0,301,15,40.0
2025-02-02,SKU-0152,0,297,15,40.0
2025-02-09,SKU-0152,157,0,15,40.0
2025-02-16,SKU-0152,92,0,15,40.0
2025-02-23,SKU-0152,15,328,15,40.0
2025-03-02,SKU-0152,0,307,15,40.0
2025-03-09,SKU-0152,0,322,15,40.0
2025-03-16,SKU-0152,0,323,15,40.0
2025-03-23,SKU-0152,304,0,15,40.0
2025-03-30,SKU-0152,231,0,15,40.0
2025-04-06,SKU-0152,151,0,15,40.0
2025-04-13,SKU-0152,70,0,15,40.0
2025-04-20,SKU-0152,0,343,15,40.0
2025-04-27,SKU-0152,300,0,15,40.0
2025-05-04,SKU-0152,224,0,15,40.0
2025-05-11,SKU-0152,155,0,15,40.0
2025-05-18,SKU-0152,78,0,15,40.0
2025-05-25,SKU-0152,0,342,15,40.0
2025-06-01,SKU-0152,0,320,15,40.0
2025-06-08,SKU-0152,169,0,15,40.0
2025-06-15,SKU-0152,102,0,15,40.0
2025-06-22,SKU-0152,321,0,15,40.0
2025-06-29,SKU-0152,201,0,15,40.0
2025-07-06,SKU-0152,141,0,15,40.0
2025-07-13,SKU-0152,71,0,15,40.0
2025-07-20,SKU-0152,258,0,15,40.0
2025-07-27,SKU-0152,197,0,15,40.0
2025-08-03,SKU-0152,124,0,15,40.0
2025-08-10,SKU-0152,66,0,15,40.0
2025-08-17,SKU-0152,11,270,15,40.0
2025-08-24,SKU-0152,171,0,15,40.0
2025-08-31,SKU-0152,118,0,15,40.0
2025-09-07,SKU-0152,77,0,15,40.0
2025-09-14,SKU-0152,152,0,15,40.0
2025-09-21,SKU-0152,89,0,15,40.0
2025-09-28,SKU-0152,213,0,15,40.0
2025-10-05,SKU-0152,136,0,15,40.0
2025-10-12,SKU-0152,42,0,15,40.0
2025-10-19,SKU-0152,365,0,15,40.0
2025-10-26,SKU-0152,277,0,15,40.0
2025-11-02,SKU-0152,181,0,15,40.0
2025-11-09,SKU-0152,116,0,15,40.0
2025-11-16,SKU-0152,386,0,15,40.0
2025-11-23,SKU-0152,325,0,15,40.0
2025-11-30,SKU-0152,269,0,15,40.0
2025-12-07,SKU-0152,218,0,15,40.0
2025-12-14,SKU-0152,143,0,15,40.0
2025-12-21,SKU-0152,45,0,15,40.0
2025-12-28,SKU-0152,0,346,15,40.0
2026-01-04,SKU-0152,251,0,15,40.0
2026-01-11,SKU-0152,183,0,15,40.0
2026-01-18,SKU-0152,117,0,15,40.0
2026-01-25,SKU-0152,66,0,15,40.0
2026-02-01,SKU-0152,0,290,15,40.0
2026-02-08,SKU-0152,270,0,15,40.0
2026-02-15,SKU-0152,207,0,15,40.0
2026-02-22,SKU-0152,151,0,15,40.0
2026-03-01,SKU-0152,71,0,15,40.0
2026-03-08,SKU-0152,1,309,15,40.0
2026-03-15,SKU-0152,287,0,15,40.0
2026-03-22,SKU-0152,200,0,15,40.0
2026-03-29,SKU-0152,131,0,15,40.0
2026-04-05,SKU-0152,62,0,15,40.0
2026-04-12,SKU-0152,0,360,15,40.0
2026-04-19,SKU-0152,304,0,15,40.0
2026-04-26,SKU-0152,226,0,15,40.0
2026-05-03,SKU-0152,142,0,15,40.0
2026-05-10,SKU-0152,66,0,15,40.0
2026-05-17,SKU-0152,273,0,15,40.0
2026-05-24,SKU-0152,181,0,15,40.0
2026-05-31,SKU-0152,109,0,15,40.0
2026-06-07,SKU-0152,47,0,15,40.0
2026-06-14,SKU-0152,288,0,15,40.0
2026-06-21,SKU-0152,179,0,15,40.0
2026-06-28,SKU-0152,70,0,15,40.0
2026-07-05,SKU-0152,330,0,15,40.0
2026-07-12,SKU-0152,265,0,15,40.0
2026-07-19,SKU-0152,201,0,15,40.0
2026-07-26,SKU-0152,133,0,15,40.0
2026-08-02,SKU-0152,75,0,15,40.0
2026-08-09,SKU-0152,266,0,15,40.0
2026-08-16,SKU-0152,211,0,15,40.0
2026-08-23,SKU-0152,154,0,15,40.0
2026-08-30,SKU-0152,94,0,15,40.0
2024-10-13,SKU-0153,74,0,15,45.0
2024-10-20,SKU-0153,68,0,15,45.0
2024-10-27,SKU-0153,56,0,15,45.0
2024-11-03,SKU-0153,53,0,15,45.0
2024-11-10,SKU-0153,54,0,15,45.0
2024-11-17,SKU-0153,44,109,15,45.0
2024-11-24,SKU-0153,43,118,15,45.0
2024-12-01,SKU-0153,45,0,15,45.0
2024-12-08,SKU-0153,45,0,15,45.0
2024-12-15,SKU-0153,99,0,15,45.0
2024-12-22,SKU-0153,91,0,15,45.0
2024-12-29,SKU-0153,86,0,15,45.0
2025-01-05,SKU-0153,81,0,15,45.0
2025-01-12,SKU-0153,74,0,15,45.0
2025-01-19,SKU-0153,76,0,15,45.0
2025-01-26,SKU-0153,72,0,15,45.0
2025-02-02,SKU-0153,66,0,15,45.0
2025-02-09,SKU-0153,63,0,15,45.0
2025-02-16,SKU-0153,63,0,15,45.0
2025-02-23,SKU-0153,66,0,15,45.0
2025-03-02,SKU-0153,62,0,15,45.0
2025-03-09,SKU-0153,59,0,15,45.0
2025-03-16,SKU-0153,57,0,15,45.0
2025-03-23,SKU-0153,55,0,15,45.0
2025-03-30,SKU-0153,47,0,15,45.0
2025-04-06,SKU-0153,124,0,15,45.0
2025-04-13,SKU-0153,118,0,15,45.0
2025-04-20,SKU-0153,118,0,15,45.0
2025-04-27,SKU-0153,111,0,15,45.0
2025-05-04,SKU-0153,102,0,15,45.0
2025-05-11,SKU-0153,105,0,15,45.0
2025-05-18,SKU-0153,102,0,15,45.0
2025-05-25,SKU-0153,102,0,15,45.0
2025-06-01,SKU-0153,100,0,15,45.0
2025-06-08,SKU-0153,92,0,15,45.0
2025-06-15,SKU-0153,93,0,15,45.0
2025-06-22,SKU-0153,81,0,15,45.0
2025-06-29,SKU-0153,67,0,15,45.0
2025-07-06,SKU-0153,62,0,15,45.0
2025-07-13,SKU-0153,50,0,15,45.0
2025-07-20,SKU-0153,45,0,15,45.0
2025-07-27,SKU-0153,122,0,15,45.0
2025-08-03,SKU-0153,112,0,15,45.0
2025-08-10,SKU-0153,103,0,15,45.0
2025-08-17,SKU-0153,99,0,15,45.0
2025-08-24,SKU-0153,89,0,15,45.0
2025-08-31,SKU-0153,88,0,15,45.0
2025-09-07,SKU-0153,81,0,15,45.0
2025-09-14,SKU-0153,82,0,15,45.0
2025-09-21,SKU-0153,80,0,15,45.0
2025-09-28,SKU-0153,82,0,15,45.0
2025-10-05,SKU-0153,76,0,15,45.0
2025-10-12,SKU-0153,63,0,15,45.0
2025-10-19,SKU-0153,51,0,15,45.0
2025-10-26,SKU-0153,51,0,15,45.0
2025-11-02,SKU-0153,46,0,15,45.0
2025-11-09,SKU-0153,40,98,15,45.0
2025-11-16,SKU-0153,24,112,15,45.0
2025-11-23,SKU-0153,15,91,15,45.0
2025-11-30,SKU-0153,82,0,15,45.0
2025-12-07,SKU-0153,76,0,15,45.0
2025-12-14,SKU-0153,74,0,15,45.0
2025-12-21,SKU-0153,70,0,15,45.0
2025-12-28,SKU-0153,63,0,15,45.0
2026-01-04,SKU-0153,52,0,15,45.0
2026-01-11,SKU-0153,52,0,15,45.0
2026-01-18,SKU-0153,57,0,15,45.0
2026-01-25,SKU-0153,52,0,15,45.0
2026-02-01,SKU-0153,46,0,15,45.0
2026-02-08,SKU-0153,47,0,15,45.0
2026-02-15,SKU-0153,48,0,15,45.0
2026-02-22,SKU-0153,111,0,15,45.0
2026-03-01,SKU-0153,110,0,15,45.0
2026-03-08,SKU-0153,103,0,15,45.0
2026-03-15,SKU-0153,105,0,15,45.0
2026-03-22,SKU-0153,103,0,15,45.0
2026-03-29,SKU-0153,106,0,15,45.0
2026-04-05,SKU-0153,101,0,15,45.0
2026-04-12,SKU-0153,102,0,15,45.0
2026-04-19,SKU-0153,103,0,15,45.0
2026-04-26,SKU-0153,101,0,15,45.0
2026-05-03,SKU-0153,96,0,15,45.0
2026-05-10,SKU-0153,86,0,15,45.0
2026-05-17,SKU-0153,84,0,15,45.0
2026-05-24,SKU-0153,90,0,15,45.0
2026-05-31,SKU-0153,88,0,15,45.0
2026-06-07,SKU-0153,86,0,15,45.0
2026-06-14,SKU-0153,83,0,15,45.0
2026-06-21,SKU-0153,72,0,15,45.0
2026-06-28,SKU-0153,59,0,15,45.0
2026-07-05,SKU-0153,53,0,15,45.0
2026-07-12,SKU-0153,45,0,15,45.0
2026-07-19,SKU-0153,110,0,15,45.0
2026-07-26,SKU-0153,96,0,15,45.0
2026-08-02,SKU-0153,100,0,15,45.0
2026-08-09,SKU-0153,99,0,15,45.0
2026-08-16,SKU-0153,94,0,15,45.0
2026-08-23,SKU-0153,82,0,15,45.0
2026-08-30,SKU-0153,76,0,15,45.0
2024-08-11,SKU-0154,33,0,14,26.0
2024-08-18,SKU-0154,115,0,14,26.0
2024-08-25,SKU-0154,69,0,14,26.0
2024-09-01,SKU-0154,157,0,14,26.0
2024-09-08,SKU-0154,106,0,14,26.0
2024-09-15,SKU-0154,62,0,14,26.0
2024-09-22,SKU-0154,174,0,14,26.0
2024-09-29,SKU-0154,116,0,14,26.0
2024-10-06,SKU-0154,276,0,14,26.0
2024-10-13,SKU-0154,171,0,14,26.0
2024-10-20,SKU-0154,87,0,14,26.0
2024-10-27,SKU-0154,269,0,14,26.0
2024-11-03,SKU-0154,171,0,14,26.0
2024-11-10,SKU-0154,71,0,14,26.0
2024-11-17,SKU-0154,353,0,14,26.0
2024-11-24,SKU-0154,282,0,14,26.0
2024-12-01,SKU-0154,222,0,14,26.0
2024-12-08,SKU-0154,153,0,14,26.0
2024-12-15,SKU-0154,85,0,14,26.0
2024-12-22,SKU-0154,290,0,14,26.0
2024-12-29,SKU-0154,179,0,14,26.0
2025-01-05,SKU-0154,89,0,14,26.0
2025-01-12,SKU-0154,30,0,14,26.0
2025-01-19,SKU-0154,338,0,14,26.0
2025-01-26,SKU-0154,269,0,14,26.0
2025-02-02,SKU-0154,203,0,14,26.0
2025-02-09,SKU-0154,147,0,14,26.0
2025-02-16,SKU-0154,95,0,14,26.0
2025-02-23,SKU-0154,27,0,14,26.0
2025-03-02,SKU-0154,0,252,14,26.0
2025-03-09,SKU-0154,0,272,14,26.0
2025-03-16,SKU-0154,194,0,14,26.0
2025-03-23,SKU-0154,147,0,14,26.0
2025-03-30,SKU-0154,102,0,14,26.0
2025-04-06,SKU-0154,69,0,14,26.0
2025-04-13,SKU-0154,25,195,14,26.0
2025-04-20,SKU-0154,148,0,14,26.0
2025-04-27,SKU-0154,110,0,14,26.0
2025-05-04,SKU-0154,77,0,14,26.0
2025-05-11,SKU-0154,46,0,14,26.0
2025-05-18,SKU-0154,0,194,14,26.0
2025-05-25,SKU-0154,157,0,14,26.0
2025-06-01,SKU-0154,111,0,14,26.0
2025-06-08,SKU-0154,71,0,14,26.0
2025-06-15,SKU-0154,189,0,14,26.0
2025-06-22,SKU-0154,134,0,14,26.0
2025-06-29,SKU-0154,76,0,14,26.0
2025-07-06,SKU-0154,27,0,14,26.0
2025-07-13,SKU-0154,135,0,14,26.0
2025-07-20,SKU-0154,85,0,14,26.0
2025-07-27,SKU-0154,53,0,14,26.0
2025-08-03,SKU-0154,18,175,14,26.0
2025-08-10,SKU-0154,171,0,14,26.0
2025-08-17,SKU-0154,134,0,14,26.0
2025-08-24,SKU-0154,103,0,14,26.0
2025-08-31,SKU-0154,43,0,14,26.0
2025-09-07,SKU-0154,177,0,14,26.0
2025-09-14,SKU-0154,135,0,14,26.0
2025-09-21,SKU-0154,92,0,14,26.0
2025-09-28,SKU-0154,61,0,14,26.0
2025-10-05,SKU-0154,134,0,14,26.0
2025-10-12,SKU-0154,71,0,14,26.0
2025-10-19,SKU-0154,5,238,14,26.0
2025-10-26,SKU-0154,166,0,14,26.0
2025-11-02,SKU-0154,85,0,14,26.0
2025-11-09,SKU-0154,0,357,14,26.0
2025-11-16,SKU-0154,0,367,14,26.0
2025-11-23,SKU-0154,0,312,14,26.0
2025-11-30,SKU-0154,0,289,14,26.0
2025-12-07,SKU-0154,0,243,14,26.0
2025-12-14,SKU-0154,197,0,14,26.0
2025-12-21,SKU-0154,116,0,14,26.0
2025-12-28,SKU-0154,46,0,14,26.0
2026-01-04,SKU-0154,0,295,14,26.0
2026-01-11,SKU-0154,0,293,14,26.0
2026-01-18,SKU-0154,0,239,14,26.0
2026-01-25,SKU-0154,142,0,14,26.0
2026-02-01,SKU-0154,97,0,14,26.0
2026-02-08,SKU-0154,53,0,14,26.0
2026-02-15,SKU-0154,183,0,14,26.0
2026-02-22,SKU-0154,137,0,14,26.0
2026-03-01,SKU-0154,95,0,14,26.0
2026-03-08,SKU-0154,56,0,14,26.0
2026-03-15,SKU-0154,206,0,14,26.0
2026-03-22,SKU-0154,161,0,14,26.0
2026-03-29,SKU-0154,124,0,14,26.0
2026-04-05,SKU-0154,80,0,14,26.0
2026-04-12,SKU-0154,35,0,14,26.0
2026-04-19,SKU-0154,0,197,14,26.0
2026-04-26,SKU-0154,174,0,14,26.0
2026-05-03,SKU-0154,141,0,14,26.0
2026-05-10,SKU-0154,120,0,14,26.0
2026-05-17,SKU-0154,83,0,14,26.0
2026-05-24,SKU-0154,47,0,14,26.0
2026-05-31,SKU-0154,108,0,14,26.0
2026-06-07,SKU-0154,72,0,14,26.0
2026-06-14,SKU-0154,35,0,14,26.0
2026-06-21,SKU-0154,176,0,14,26.0
2026-06-28,SKU-0154,127,0,14,26.0
2026-07-05,SKU-0154,82,0,14,26.0
2026-07-12,SKU-0154,53,0,14,26.0
2026-07-19,SKU-0154,23,190,14,26.0
2026-07-26,SKU-0154,92,0,14,26.0
2026-08-02,SKU-0154,48,0,14,26.0
2026-08-09,SKU-0154,109,0,14,26.0
2026-08-16,SKU-0154,67,0,14,26.0
2026-08-23,SKU-0154,41,0,14,26.0
2026-08-30,SKU-0154,0,184,14,26.0
2024-03-31,SKU-0155,113,0,19,61.0
2024-04-07,SKU-0155,72,0,19,61.0
2024-04-14,SKU-0155,16,226,19,61.0
2024-04-21,SKU-0155,0,199,19,61.0
2024-04-28,SKU-0155,149,0,19,61.0
2024-05-05,SKU-0155,112,0,19,61.0
2024-05-12,SKU-0155,67,0,19,61.0
2024-05-19,SKU-0155,17,211,19,61.0
2024-05-26,SKU-0155,151,0,19,61.0
2024-06-02,SKU-0155,102,0,19,61.0
2024-06-09,SKU-0155,243,0,19,61.0
2024-06-16,SKU-0155,200,0,19,61.0
2024-06-23,SKU-0155,141,0,19,61.0
2024-06-30,SKU-0155,78,0,19,61.0
2024-07-07,SKU-0155,50,220,19,61.0
2024-07-14,SKU-0155,5,213,19,61.0
2024-07-21,SKU-0155,0,203,19,61.0
2024-07-28,SKU-0155,140,0,19,61.0
2024-08-04,SKU-0155,101,0,19,61.0
2024-08-11,SKU-0155,76,0,19,61.0
2024-08-18,SKU-0155,138,0,19,61.0
2024-08-25,SKU-0155,115,0,19,61.0
2024-09-01,SKU-0155,94,0,19,61.0
2024-09-08,SKU-0155,59,138,19,61.0
2024-09-15,SKU-0155,171,0,19,61.0
2024-09-22,SKU-0155,148,0,19,61.0
2024-09-29,SKU-0155,128,0,19,61.0
2024-10-06,SKU-0155,90,0,19,61.0
2024-10-13,SKU-0155,174,0,19,61.0
2024-10-20,SKU-0155,131,0,19,61.0
2024-10-27,SKU-0155,87,0,19,61.0
2024-11-03,SKU-0155,159,0,19,61.0
2024-11-10,SKU-0155,115,0,19,61.0
2024-11-17,SKU-0155,73,0,19,61.0
2024-11-24,SKU-0155,130,0,19,61.0
2024-12-01,SKU-0155,85,0,19,61.0
2024-12-08,SKU-0155,146,0,19,61.0
2024-12-15,SKU-0155,118,0,19,61.0
2024-12-22,SKU-0155,77,0,19,61.0
2024-12-29,SKU-0155,17,200,19,61.0
2025-01-05,SKU-0155,160,0,19,61.0
2025-01-12,SKU-0155,135,0,19,61.0
2025-01-19,SKU-0155,90,0,19,61.0
2025-01-26,SKU-0155,49,157,19,61.0
2025-02-02,SKU-0155,117,0,19,61.0
2025-02-09,SKU-0155,72,0,19,61.0
2025-02-16,SKU-0155,45,195,19,61.0
2025-02-23,SKU-0155,0,177,19,61.0
2025-03-02,SKU-0155,0,171,19,61.0
2025-03-09,SKU-0155,130,0,19,61.0
2025-03-16,SKU-0155,85,0,19,61.0
2025-03-23,SKU-0155,204,0,19,61.0
2025-03-30,SKU-0155,159,0,19,61.0
2025-04-06,SKU-0155,118,0,19,61.0
2025-04-13,SKU-0155,87,0,19,61.0
2025-04-20,SKU-0155,232,0,19,61.0
2025-04-27,SKU-0155,200,0,19,61.0
2025-05-04,SKU-0155,161,0,19,61.0
2025-05-11,SKU-0155,113,0,19,61.0
2025-05-18,SKU-0155,72,0,19,61.0
2025-05-25,SKU-0155,214,0,19,
2025-06-01,SKU-0155,188,0,19,61.0
2025-06-08,SKU-0155,161,0,19,61.0
2025-06-15,SKU-0155,130,0,19,61.0
2025-06-22,SKU-0155,72,0,19,61.0
2025-06-29,SKU-0155,123,0,19,61.0
2025-07-06,SKU-0155,87,0,19,61.0
2025-07-13,SKU-0155,47,214,19,61.0
2025-07-20,SKU-0155,175,0,19,61.0
2025-07-27,SKU-0155,142,0,19,61.0
2025-08-03,SKU-0155,112,0,19,61.0
2025-08-10,SKU-0155,89,0,19,61.0
2025-08-17,SKU-0155,68,0,19,61.0
2025-08-24,SKU-0155,133,0,19,61.0
2025-08-31,SKU-0155,93,0,19,61.0
2025-09-07,SKU-0155,72,0,19,61.0
2025-09-14,SKU-0155,55,126,19,61.0
2025-09-21,SKU-0155,150,0,19,61.0
2025-09-28,SKU-0155,129,0,19,61.0
2025-10-05,SKU-0155,102,0,19,61.0
2025-10-12,SKU-0155,179,0,19,61.0
2025-10-19,SKU-0155,127,0,19,61.0
2025-10-26,SKU-0155,90,0,19,61.0
2025-11-02,SKU-0155,214,0,19,61.0
2025-11-09,SKU-0155,172,0,19,61.0
2025-11-16,SKU-0155,129,0,19,61.0
2025-11-23,SKU-0155,101,0,19,61.0
2025-11-30,SKU-0155,72,0,19,61.0
2025-12-07,SKU-0155,160,0,19,61.0
2025-12-14,SKU-0155,130,0,19,61.0
2025-12-21,SKU-0155,74,0,19,61.0
2025-12-28,SKU-0155,188,0,19,61.0
2026-01-04,SKU-0155,153,0,19,61.0
2026-01-11,SKU-0155,126,0,19,61.0
2026-01-18,SKU-0155,97,0,19,61.0
2026-01-25,SKU-0155,185,0,19,61.0
2026-02-01,SKU-0155,150,0,19,61.0
2026-02-08,SKU-0155,124,0,19,61.0
2026-02-15,SKU-0155,90,0,19,61.0
2026-02-22,SKU-0155,65,0,19,61.0
2026-03-01,SKU-0155,29,146,19,61.0
2026-03-08,SKU-0155,76,0,19,61.0
2026-03-15,SKU-0155,111,0,19,61.0
2026-03-22,SKU-0155,79,0,19,61.0
2026-03-29,SKU-0155,39,154,19,61.0
2026-04-05,SKU-0155,0,185,19,61.0
2026-04-12,SKU-0155,0,188,19,61.0
2026-04-19,SKU-0155,111,0,19,61.0
2026-04-26,SKU-0155,74,0,19,61.0
2026-05-03,SKU-0155,45,177,19,61.0
2026-05-10,SKU-0155,125,0,19,61.0
2026-05-17,SKU-0155,90,0,19,61.0
2026-05-24,SKU-0155,153,0,19,61.0
2026-05-31,SKU-0155,128,0,19,61.0
2026-06-07,SKU-0155,93,0,19,61.0
2026-06-14,SKU-0155,61,0,19,61.0
2026-06-21,SKU-0155,105,0,19,61.0
2026-06-28,SKU-0155,247,0,19,61.0
2026-07-05,SKU-0155,218,0,19,61.0
2026-07-12,SKU-0155,185,0,19,61.0
2026-07-19,SKU-0155,161,0,19,61.0
2026-07-26,SKU-0155,125,0,19,61.0
2026-08-02,SKU-0155,104,0,19,61.0
2026-08-09,SKU-0155,84,0,19,61.0
2026-08-16,SKU-0155,176,0,19,61.0
2026-08-23,SKU-0155,150,0,19,61.0
2026-08-30,SKU-0155,125,0,19,61.0
2025-02-23,SKU-0156,116,0,21,30.0
2025-03-02,SKU-0156,74,0,21,30.0
2025-03-09,SKU-0156,30,0,21,30.0
2025-03-16,SKU-0156,0,208,21,30.0
2025-03-23,SKU-0156,119,0,21,30.0
2025-03-30,SKU-0156,72,0,21,30.0
2025-04-06,SKU-0156,38,0,21,30.0
2025-04-13,SKU-0156,172,0,21,30.0
2025-04-20,SKU-0156,115,0,21,30.0
2025-04-27,SKU-0156,57,0,21,30.0
2025-05-04,SKU-0156,176,0,21,30.0
2025-05-11,SKU-0156,125,0,21,30.0
2025-05-18,SKU-0156,79,0,21,30.0
2025-05-25,SKU-0156,20,257,21,30.0
2025-06-01,SKU-0156,192,0,21,30.0
2025-06-08,SKU-0156,153,0,21,30.0
2025-06-15,SKU-0156,98,0,21,30.0
2025-06-22,SKU-0156,39,0,21,30.0
2025-06-29,SKU-0156,0,251,21,30.0
2025-07-06,SKU-0156,0,235,21,30.0
2025-07-13,SKU-0156,0,203,21,30.0
2025-07-20,SKU-0156,0,189,21,30.0
2025-07-27,SKU-0156,0,182,21,30.0
2025-08-03,SKU-0156,0,187,21,30.0
2025-08-10,SKU-0156,165,0,21,30.0
2025-08-17,SKU-0156,139,0,21,30.0
2025-08-24,SKU-0156,99,0,21,30.0
2025-08-31,SKU-0156,55,0,21,30.0
2025-09-07,SKU-0156,103,0,21,30.0
2025-09-14,SKU-0156,73,0,21,30.0
2025-09-21,SKU-0156,36,0,21,30.0
2025-09-28,SKU-0156,0,177,21,30.0
2025-10-05,SKU-0156,0,176,21,30.0
2025-10-12,SKU-0156,96,0,21,30.0
2025-10-19,SKU-0156,53,0,21,30.0
2025-10-26,SKU-0156,116,0,21,30.0
2025-11-02,SKU-0156,75,0,21,30.0
2025-11-09,SKU-0156,31,0,21,30.0
2025-11-16,SKU-0156,183,0,21,30.0
2025-11-23,SKU-0156,159,0,21,30.0
2025-11-30,SKU-0156,130,0,21,30.0
2025-12-07,SKU-0156,99,0,21,30.0
2025-12-14,SKU-0156,68,0,21,30.0
2025-12-21,SKU-0156,7,175,21,30.0
2025-12-28,SKU-0156,0,221,21,30.0
2026-01-04,SKU-0156,0,207,21,30.0
2026-01-11,SKU-0156,177,0,21,30.0
2026-01-18,SKU-0156,150,0,21,30.0
2026-01-25,SKU-0156,111,0,21,30.0
2026-02-01,SKU-0156,71,0,21,30.0
2026-02-08,SKU-0156,42,0,21,30.0
2026-02-15,SKU-0156,126,0,21,30.0
2026-02-22,SKU-0156,94,0,21,30.0
2026-03-01,SKU-0156,52,0,21,30.0
2026-03-08,SKU-0156,0,188,21,30.0
2026-03-15,SKU-0156,100,0,21,30.0
2026-03-22,SKU-0156,66,0,21,30.0
2026-03-29,SKU-0156,147,0,21,30.0
2026-04-05,SKU-0156,110,0,21,30.0
2026-04-12,SKU-0156,75,0,21,30.0
2026-04-19,SKU-0156,36,0,21,30.0
2026-04-26,SKU-0156,0,219,21,30.0
2026-05-03,SKU-0156,0,226,21,30.0
2026-05-10,SKU-0156,129,0,21,30.0
2026-05-17,SKU-0156,90,0,21,30.0
2026-05-24,SKU-0156,55,0,21,30.0
2026-05-31,SKU-0156,41,0,21,30.0
2026-06-07,SKU-0156,2,151,21,30.0
2026-06-14,SKU-0156,117,0,21,30.0
2026-06-21,SKU-0156,74,0,21,30.0
2026-06-28,SKU-0156,221,0,21,30.0
2026-07-05,SKU-0156,185,0,21,30.0
2026-07-12,SKU-0156,151,0,21,30.0
2026-07-19,SKU-0156,123,0,21,30.0
2026-07-26,SKU-0156,85,0,21,30.0
2026-08-02,SKU-0156,56,0,21,30.0
2026-08-09,SKU-0156,151,0,21,30.0
2026-08-16,SKU-0156,126,0,21,30.0
2026-08-23,SKU-0156,94,0,21,30.0
2026-08-30,SKU-0156,62,0,21,30.0
2024-01-21,SKU-0157,139,0,23,38.0
2024-01-28,SKU-0157,114,0,23,38.0
2024-02-04,SKU-0157,101,0,23,38.0
2024-02-11,SKU-0157,92,0,23,38.0
2024-02-18,SKU-0157,66,0,23,38.0
2024-02-25,SKU-0157,53,0,23,38.0
2024-03-03,SKU-0157,38,0,23,38.0
2024-03-10,SKU-0157,115,0,23,38.0
2024-03-17,SKU-0157,92,0,23,38.0
2024-03-24,SKU-0157,72,0,23,38.0
2024-03-31,SKU-0157,59,0,23,38.0
2024-04-07,SKU-0157,48,0,23,38.0
2024-04-14,SKU-0157,30,87,23,38.0
2024-04-21,SKU-0157,85,0,23,38.0
2024-04-28,SKU-0157,72,0,23,38.0
2024-05-05,SKU-0157,52,0,23,38.0
2024-05-12,SKU-0157,39,0,23,38.0
2024-05-19,SKU-0157,91,0,23,38.0
2024-05-26,SKU-0157,71,0,23,38.0
2024-06-02,SKU-0157,60,0,23,38.0
2024-06-09,SKU-0157,46,0,23,38.0
2024-06-16,SKU-0157,18,104,23,38.0
2024-06-23,SKU-0157,95,0,23,38.0
2024-06-30,SKU-0157,52,0,23,38.0
2024-07-07,SKU-0157,23,166,23,38.0
2024-07-14,SKU-0157,0,147,23,38.0
2024-07-21,SKU-0157,0,134,23,38.0
2024-07-28,SKU-0157,70,0,23,38.0
2024-08-04,SKU-0157,53,0,23,38.0
2024-08-11,SKU-0157,38,0,23,38.0
2024-08-18,SKU-0157,114,0,23,38.0
2024-08-25,SKU-0157,93,0,23,38.0
2024-09-01,SKU-0157,68,0,23,38.0
2024-09-08,SKU-0157,48,0,23,38.0
2024-09-15,SKU-0157,110,0,23,38.0
2024-09-22,SKU-0157,94,0,23,38.0
2024-09-29,SKU-0157,70,0,23,38.0
2024-10-06,SKU-0157,94,0,23,38.0
2024-10-13,SKU-0157,61,0,23,38.0
2024-10-20,SKU-0157,154,0,23,38.0
2024-10-27,SKU-0157,114,0,23,38.0
2024-11-03,SKU-0157,67,0,23,38.0
2024-11-10,SKU-0157,37,197,23,38.0
2024-11-17,SKU-0157,182,0,23,38.0
2024-11-24,SKU-0157,169,0,23,38.0
2024-12-01,SKU-0157,152,0,23,38.0
2024-12-08,SKU-0157,134,0,23,38.0
2024-12-15,SKU-0157,117,0,23,38.0
2024-12-22,SKU-0157,99,0,23,38.0
2024-12-29,SKU-0157,80,0,23,38.0
2025-01-05,SKU-0157,63,0,23,38.0
2025-01-12,SKU-0157,52,0,23,38.0
2025-01-19,SKU-0157,122,0,23,38.0
2025-01-26,SKU-0157,103,0,23,38.0
2025-02-02,SKU-0157,96,0,23,38.0
2025-02-09,SKU-0157,75,0,23,38.0
2025-02-16,SKU-0157,67,0,23,38.0
2025-02-23,SKU-0157,50,0,23,38.0
2025-03-02,SKU-0157,45,0,23,38.0
2025-03-09,SKU-0157,98,0,23,38.0
2025-03-16,SKU-0157,88,0,23,38.0
2025-03-23,SKU-0157,77,0,23,38.0
2025-03-30,SKU-0157,71,0,23,38.0
2025-04-06,SKU-0157,61,0,23,38.0
2025-04-13,SKU-0157,43,0,23,38.0
2025-04-20,SKU-0157,28,90,23,38.0
2025-04-27,SKU-0157,15,100,23,38.0
2025-05-04,SKU-0157,74,0,23,38.0
2025-05-11,SKU-0157,62,0,23,38.0
2025-05-18,SKU-0157,39,0,23,38.0
2025-05-25,SKU-0157,100,0,23,38.0
2025-06-01,SKU-0157,79,0,23,38.0
2025-06-08,SKU-0157,69,0,23,38.0
2025-06-15,SKU-0157,44,0,23,38.0
2025-06-22,SKU-0157,12,116,23,38.0
2025-06-29,SKU-0157,113,0,23,38.0
2025-07-06,SKU-0157,94,0,23,38.0
2025-07-13,SKU-0157,80,0,23,38.0
2025-07-20,SKU-0157,64,0,23,38.0
2025-07-27,SKU-0157,47,0,23,38.0
2025-08-03,SKU-0157,111,0,23,38.0
2025-08-10,SKU-0157,90,0,23,38.0
2025-08-17,SKU-0157,65,0,23,38.0
2025-08-24,SKU-0157,45,0,23,38.0
2025-08-31,SKU-0157,21,109,23,38.0
2025-09-07,SKU-0157,7,122,23,38.0
2025-09-14,SKU-0157,63,0,23,38.0
2025-09-21,SKU-0157,47,0,23,38.0
2025-09-28,SKU-0157,84,0,23,38.0
2025-10-05,SKU-0157,68,0,23,38.0
2025-10-12,SKU-0157,134,0,23,38.0
2025-10-19,SKU-0157,105,0,23,38.0
2025-10-26,SKU-0157,75,0,23,38.0
2025-11-02,SKU-0157,40,0,23,38.0
2025-11-09,SKU-0157,115,0,23,38.0
2025-11-16,SKU-0157,91,0,23,38.0
2025-11-23,SKU-0157,75,0,23,38.0
2025-11-30,SKU-0157,69,0,23,38.0
2025-12-07,SKU-0157,54,0,23,38.0
2025-12-14,SKU-0157,40,0,23,38.0
2025-12-21,SKU-0157,76,0,23,38.0
2025-12-28,SKU-0157,53,0,23,38.0
2026-01-04,SKU-0157,33,102,23,38.0
2026-01-11,SKU-0157,23,112,23,38.0
2026-01-18,SKU-0157,57,0,23,38.0
2026-01-25,SKU-0157,47,0,23,38.0
2026-02-01,SKU-0157,113,0,23,38.0
2026-02-08,SKU-0157,100,0,23,38.0
2026-02-15,SKU-0157,91,0,23,38.0
2026-02-22,SKU-0157,82,0,23,38.0
2026-03-01,SKU-0157,68,0,23,38.0
2026-03-08,SKU-0157,50,0,23,38.0
2026-03-15,SKU-0157,129,0,23,38.0
2026-03-22,SKU-0157,117,0,23,38.0
2026-03-29,SKU-0157,100,0,23,38.0
2026-04-05,SKU-0157,95,0,23,38.0
2026-04-12,SKU-0157,79,0,23,38.0
2026-04-19,SKU-0157,64,0,23,38.0
2026-04-26,SKU-0157,44,0,23,38.0
2026-05-03,SKU-0157,74,0,23,38.0
2026-05-10,SKU-0157,55,0,23,38.0
2026-05-17,SKU-0157,43,0,23,38.0
2026-05-24,SKU-0157,28,105,23,38.0
2026-05-31,SKU-0157,16,98,23,38.0
2026-06-07,SKU-0157,58,0,23,38.0
2026-06-14,SKU-0157,41,0,23,38.0
2026-06-21,SKU-0157,0,106,23,38.0
2026-06-28,SKU-0157,90,0,23,38.0
2026-07-05,SKU-0157,69,0,23,38.0
2026-07-12,SKU-0157,60,0,23,38.0
2026-07-19,SKU-0157,48,0,23,38.0
2026-07-26,SKU-0157,32,101,23,38.0
2026-08-02,SKU-0157,78,0,23,38.0
2026-08-09,SKU-0157,54,0,23,38.0
2026-08-16,SKU-0157,24,126,23,38.0
2026-08-23,SKU-0157,0,111,23,38.0
2026-08-30,SKU-0157,0,124,23,38.0
2024-07-21,SKU-0158,41,0,17,21.0
2024-07-28,SKU-0158,0,291,17,21.0
2024-08-04,SKU-0158,192,0,17,21.0
2024-08-11,SKU-0158,124,0,17,21.0
2024-08-18,SKU-0158,54,0,17,21.0
2024-08-25,SKU-0158,187,0,17,21.0
2024-09-01,SKU-0158,121,0,17,21.0
2024-09-08,SKU-0158,59,0,17,21.0
2024-09-15,SKU-0158,236,0,17,21.0
2024-09-22,SKU-0158,176,0,17,21.0
2024-09-29,SKU-0158,104,0,17,21.0
2024-10-06,SKU-0158,269,0,17,21.0
2024-10-13,SKU-0158,161,0,17,21.0
2024-10-20,SKU-0158,49,0,17,21.0
2024-10-27,SKU-0158,0,429,17,21.0
2024-11-03,SKU-0158,303,0,17,21.0
2024-11-10,SKU-0158,203,0,17,21.0
2024-11-17,SKU-0158,117,0,17,21.0
2024-11-24,SKU-0158,58,0,17,21.0
2024-12-01,SKU-0158,279,0,17,21.0
2024-12-08,SKU-0158,225,0,17,21.0
2024-12-15,SKU-0158,159,0,17,21.0
2024-12-22,SKU-0158,54,0,17,21.0
2024-12-29,SKU-0158,186,0,17,21.0
2025-01-05,SKU-0158,116,0,17,21.0
2025-01-12,SKU-0158,71,0,17,21.0
2025-01-19,SKU-0158,31,0,17,21.0
2025-01-26,SKU-0158,140,0,17,21.0
2025-02-02,SKU-0158,85,0,17,21.0
2025-02-09,SKU-0158,24,0,17,21.0
2025-02-16,SKU-0158,214,0,17,21.0
2025-02-23,SKU-0158,142,0,17,21.0
2025-03-02,SKU-0158,80,0,17,21.0
2025-03-09,SKU-0158,269,0,17,21.0
2025-03-16,SKU-0158,220,0,17,21.0
2025-03-23,SKU-0158,168,0,17,21.0
2025-03-30,SKU-0158,115,0,17,21.0
2025-04-06,SKU-0158,71,0,17,21.0
2025-04-13,SKU-0158,17,218,17,21.0
2025-04-20,SKU-0158,0,229,17,21.0
2025-04-27,SKU-0158,172,0,17,21.0
2025-05-04,SKU-0158,109,0,17,21.0
2025-05-11,SKU-0158,62,0,17,21.0
2025-05-18,SKU-0158,254,0,17,21.0
2025-05-25,SKU-0158,182,0,17,21.0
2025-06-01,SKU-0158,116,0,17,21.0
2025-06-08,SKU-0158,56,0,17,21.0
2025-06-15,SKU-0158,259,0,17,21.0
2025-06-22,SKU-0158,156,0,17,21.0
2025-06-29,SKU-0158,59,0,17,21.0
2025-07-06,SKU-0158,0,343,17,21.0
2025-07-13,SKU-0158,358,0,17,21.0
2025-07-20,SKU-0158,289,0,17,21.0
2025-07-27,SKU-0158,229,0,17,21.0
2025-08-03,SKU-0158,153,0,17,21.0
2025-08-10,SKU-0158,82,0,17,21.0
2025-08-17,SKU-0158,25,0,17,21.0
2025-08-24,SKU-0158,185,0,17,21.0
2025-08-31,SKU-0158,109,0,17,21.0
2025-09-07,SKU-0158,43,0,17,21.0
2025-09-14,SKU-0158,0,325,17,21.0
2025-09-21,SKU-0158,0,312,17,21.0
2025-09-28,SKU-0158,149,0,17,21.0
2025-10-05,SKU-0158,63,0,17,21.0
2025-10-12,SKU-0158,225,0,17,21.0
2025-10-19,SKU-0158,123,0,17,21.0
2025-10-26,SKU-0158,34,0,17,21.0
2025-11-02,SKU-0158,0,431,17,21.0
2025-11-09,SKU-0158,0,413,17,21.0
2025-11-16,SKU-0158,346,0,17,21.0
2025-11-23,SKU-0158,286,0,17,21.0
2025-11-30,SKU-0158,239,0,17,21.0
2025-12-07,SKU-0158,182,0,17,21.0
2025-12-14,SKU-0158,129,0,17,21.0
2025-12-21,SKU-0158,47,0,17,21.0
2025-12-28,SKU-0158,162,0,17,21.0
2026-01-04,SKU-0158,102,0,17,21.0
2026-01-11,SKU-0158,51,0,17,21.0
2026-01-18,SKU-0158,241,0,17,21.0
2026-01-25,SKU-0158,197,0,17,21.0
2026-02-01,SKU-0158,153,0,17,21.0
2026-02-08,SKU-0158,96,0,17,21.0
2026-02-15,SKU-0158,53,0,17,21.0
2026-02-22,SKU-0158,191,0,17,21.0
2026-03-01,SKU-0158,141,0,17,21.0
2026-03-08,SKU-0158,102,0,17,21.0
2026-03-15,SKU-0158,60,0,17,21.0
2026-03-22,SKU-0158,179,0,17,21.0
2026-03-29,SKU-0158,145,0,17,21.0
2026-04-05,SKU-0158,103,0,17,21.0
2026-04-12,SKU-0158,49,0,17,21.0
2026-04-19,SKU-0158,165,0,17,21.0
2026-04-26,SKU-0158,107,0,17,21.0
2026-05-03,SKU-0158,45,0,17,21.0
2026-05-10,SKU-0158,190,0,17,21.0
2026-05-17,SKU-0158,135,0,17,21.0
2026-05-24,SKU-0158,74,0,17,21.0
2026-05-31,SKU-0158,167,0,17,21.0
2026-06-07,SKU-0158,111,0,17,21.0
2026-06-14,SKU-0158,56,0,17,21.0
2026-06-21,SKU-0158,0,293,17,21.0
2026-06-28,SKU-0158,0,335,17,21.0
2026-07-05,SKU-0158,0,364,17,21.0
2026-07-12,SKU-0158,0,372,17,21.0
2026-07-19,SKU-0158,0,325,17,21.0
2026-07-26,SKU-0158,260,0,17,21.0
2026-08-02,SKU-0158,187,0,17,21.0
2026-08-09,SKU-0158,119,0,17,21.0
2026-08-16,SKU-0158,55,0,17,21.0
2026-08-23,SKU-0158,0,307,17,21.0
2026-08-30,SKU-0158,0,283,17,21.0
2024-03-24,SKU-0159,89,0,14,46.0
2024-03-31,SKU-0159,67,0,14,46.0
2024-04-07,SKU-0159,49,0,14,46.0
2024-04-14,SKU-0159,150,0,14,46.0
2024-04-21,SKU-0159,135,0,14,46.0
2024-04-28,SKU-0159,119,0,14,46.0
2024-05-05,SKU-0159,97,0,14,46.0
2024-05-12,SKU-0159,89,0,14,46.0
2024-05-19,SKU-0159,73,0,14,46.0
2024-05-26,SKU-0159,60,0,14,46.0
2024-06-02,SKU-0159,51,0,14,46.0
2024-06-09,SKU-0159,112,0,14,46.0
2024-06-16,SKU-0159,92,0,14,46.0
2024-06-23,SKU-0159,66,0,14,46.0
2024-06-30,SKU-0159,92,0,14,46.0
2024-07-07,SKU-0159,83,0,14,46.0
2024-07-14,SKU-0159,56,0,14,46.0
2024-07-21,SKU-0159,112,0,14,46.0
2024-07-28,SKU-0159,98,0,14,46.0
2024-08-04,SKU-0159,80,0,14,46.0
2024-08-11,SKU-0159,63,0,14,46.0
2024-08-18,SKU-0159,111,0,14,46.0
2024-08-25,SKU-0159,105,0,14,46.0
2024-09-01,SKU-0159,100,0,14,46.0
2024-09-08,SKU-0159,90,0,14,46.0
2024-09-15,SKU-0159,81,0,14,
2024-09-22,SKU-0159,77,0,14,46.0
2024-09-29,SKU-0159,58,0,14,46.0
2024-10-06,SKU-0159,133,0,14,46.0
2024-10-13,SKU-0159,107,0,14,46.0
2024-10-20,SKU-0159,83,0,14,46.0
2024-10-27,SKU-0159,60,0,14,46.0
2024-11-03,SKU-0159,163,0,14,46.0
2024-11-10,SKU-0159,136,0,14,46.0
2024-11-17,SKU-0159,121,0,14,46.0
2024-11-24,SKU-0159,109,0,14,46.0
2024-12-01,SKU-0159,98,0,14,46.0
2024-12-08,SKU-0159,87,0,14,46.0
2024-12-15,SKU-0159,80,0,14,46.0
2024-12-22,SKU-0159,57,0,14,46.0
2024-12-29,SKU-0159,130,0,14,46.0
2025-01-05,SKU-0159,115,0,14,46.0
2025-01-12,SKU-0159,95,0,14,46.0
2025-01-19,SKU-0159,90,0,14,46.0
2025-01-26,SKU-0159,71,0,14,46.0
2025-02-02,SKU-0159,57,0,14,46.0
2025-02-09,SKU-0159,43,108,14,46.0
2025-02-16,SKU-0159,128,0,14,46.0
2025-02-23,SKU-0159,111,0,14,46.0
2025-03-02,SKU-0159,99,0,14,46.0
2025-03-09,SKU-0159,86,0,14,46.0
2025-03-16,SKU-0159,77,0,14,46.0
2025-03-23,SKU-0159,60,0,14,46.0
2025-03-30,SKU-0159,49,0,14,46.0
2025-04-06,SKU-0159,29,97,14,46.0
2025-04-13,SKU-0159,118,0,14,46.0
2025-04-20,SKU-0159,101,0,14,46.0
2025-04-27,SKU-0159,79,0,14,46.0
2025-05-04,SKU-0159,66,0,14,46.0
2025-05-11,SKU-0159,55,0,14,46.0
2025-05-18,SKU-0159,109,0,14,46.0
2025-05-25,SKU-0159,95,0,14,46.0
2025-06-01,SKU-0159,82,0,14,46.0
2025-06-08,SKU-0159,65,0,14,46.0
2025-06-15,SKU-0159,105,0,14,46.0
2025-06-22,SKU-0159,81,0,14,46.0
2025-06-29,SKU-0159,50,0,14,46.0
2025-07-06,SKU-0159,24,134,14,46.0
2025-07-13,SKU-0159,3,140,14,46.0
2025-07-20,SKU-0159,0,115,14,46.0
2025-07-27,SKU-0159,0,121,14,46.0
2025-08-03,SKU-0159,0,118,14,46.0
2025-08-10,SKU-0159,54,0,14,46.0
2025-08-17,SKU-0159,24,117,14,46.0
2025-08-24,SKU-0159,109,0,14,46.0
2025-08-31,SKU-0159,81,0,14,46.0
2025-09-07,SKU-0159,68,0,14,46.0
2025-09-14,SKU-0159,46,0,14,46.0
2025-09-21,SKU-0159,138,0,14,46.0
2025-09-28,SKU-0159,119,0,14,46.0
2025-10-05,SKU-0159,87,0,14,46.0
2025-10-12,SKU-0159,62,0,14,46.0
2025-10-19,SKU-0159,45,121,14,46.0
2025-10-26,SKU-0159,152,0,14,46.0
2025-11-02,SKU-0159,123,0,14,46.0
2025-11-09,SKU-0159,124,0,14,46.0
2025-11-16,SKU-0159,126,0,14,46.0
2025-11-23,SKU-0159,133,0,14,46.0
2025-11-30,SKU-0159,133,0,14,46.0
2025-12-07,SKU-0159,141,0,14,46.0
2025-12-14,SKU-0159,143,0,14,46.0
2025-12-21,SKU-0159,147,0,14,46.0
2025-12-28,SKU-0159,145,0,14,46.0
2026-01-04,SKU-0159,153,0,14,46.0
2026-01-11,SKU-0159,158,0,14,46.0
2026-01-18,SKU-0159,161,0,14,46.0
2026-01-25,SKU-0159,162,0,14,46.0
2026-02-01,SKU-0159,167,0,14,46.0
2026-02-08,SKU-0159,171,0,14,46.0
2026-02-15,SKU-0159,175,0,14,46.0
2026-02-22,SKU-0159,178,0,14,46.0
2026-03-01,SKU-0159,179,0,14,46.0
2026-03-08,SKU-0159,184,0,14,46.0
2026-03-15,SKU-0159,189,0,14,46.0
2026-03-22,SKU-0159,192,0,14,46.0
2026-03-29,SKU-0159,197,0,14,46.0
2026-04-05,SKU-0159,200,0,14,46.0
2026-04-12,SKU-0159,201,0,14,46.0
2026-04-19,SKU-0159,206,0,14,46.0
2026-04-26,SKU-0159,209,0,14,46.0
2026-05-03,SKU-0159,214,0,14,
2026-05-10,SKU-0159,216,0,14,46.0
2026-05-17,SKU-0159,220,0,14,46.0
2026-05-24,SKU-0159,227,0,14,46.0
2026-05-31,SKU-0159,231,0,14,46.0
2026-06-07,SKU-0159,231,0,14,46.0
2026-06-14,SKU-0159,233,0,14,46.0
2026-06-21,SKU-0159,237,0,14,46.0
2026-06-28,SKU-0159,243,0,14,46.0
2026-07-05,SKU-0159,242,0,14,46.0
2026-07-12,SKU-0159,248,0,14,46.0
2026-07-19,SKU-0159,244,0,14,46.0
2026-07-26,SKU-0159,251,0,14,46.0
2026-08-02,SKU-0159,250,0,14,46.0
2026-08-09,SKU-0159,255,0,14,46.0
2026-08-16,SKU-0159,258,0,14,46.0
2026-08-23,SKU-0159,257,0,14,46.0
2026-08-30,SKU-0159,258,0,14,46.0
2024-07-28,SKU-0160,123,0,26,62.0
2024-08-04,SKU-0160,73,0,26,62.0
2024-08-11,SKU-0160,25,226,26,62.0
2024-08-18,SKU-0160,0,210,26,62.0
2024-08-25,SKU-0160,0,232,26,62.0
2024-09-01,SKU-0160,168,0,26,62.0
2024-09-08,SKU-0160,113,0,26,62.0
2024-09-15,SKU-0160,70,0,26,62.0
2024-09-22,SKU-0160,16,224,26,62.0
2024-09-29,SKU-0160,131,0,26,62.0
2024-10-06,SKU-0160,61,238,26,62.0
2024-10-13,SKU-0160,263,0,26,62.0
2024-10-20,SKU-0160,184,0,26,62.0
2024-10-27,SKU-0160,122,0,26,62.0
2024-11-03,SKU-0160,70,0,26,62.0
2024-11-10,SKU-0160,278,0,26,62.0
2024-11-17,SKU-0160,212,0,26,62.0
2024-11-24,SKU-0160,160,0,26,62.0
2024-12-01,SKU-0160,119,0,26,62.0
2024-12-08,SKU-0160,79,0,26,62.0
2024-12-15,SKU-0160,160,0,26,62.0
2024-12-22,SKU-0160,94,0,26,62.0
2024-12-29,SKU-0160,42,228,26,62.0
2025-01-05,SKU-0160,235,0,26,62.0
2025-01-12,SKU-0160,210,0,26,62.0
2025-01-19,SKU-0160,168,0,26,62.0
2025-01-26,SKU-0160,129,0,26,62.0
2025-02-02,SKU-0160,92,0,26,62.0
2025-02-09,SKU-0160,165,0,26,62.0
2025-02-16,SKU-0160,134,0,26,62.0
2025-02-23,SKU-0160,91,0,26,62.0
2025-03-02,SKU-0160,50,190,26,62.0
2025-03-09,SKU-0160,202,0,26,62.0
2025-03-16,SKU-0160,158,0,26,62.0
2025-03-23,SKU-0160,127,0,26,62.0
2025-03-30,SKU-0160,85,0,26,62.0
2025-04-06,SKU-0160,171,0,26,62.0
2025-04-13,SKU-0160,130,0,26,62.0
2025-04-20,SKU-0160,85,0,26,62.0
2025-04-27,SKU-0160,40,209,26,62.0
2025-05-04,SKU-0160,0,209,26,62.0
2025-05-11,SKU-0160,0,201,26,62.0
2025-05-18,SKU-0160,0,208,26,62.0
2025-05-25,SKU-0160,0,208,26,62.0
2025-06-01,SKU-0160,0,214,26,62.0
2025-06-08,SKU-0160,166,0,26,62.0
2025-06-15,SKU-0160,111,0,26,62.0
2025-06-22,SKU-0160,26,284,26,62.0
2025-06-29,SKU-0160,159,0,26,62.0
2025-07-06,SKU-0160,97,0,26,62.0
2025-07-13,SKU-0160,247,0,26,62.0
2025-07-20,SKU-0160,197,0,26,62.0
2025-07-27,SKU-0160,153,0,26,62.0
2025-08-03,SKU-0160,103,0,26,62.0
2025-08-10,SKU-0160,50,243,26,62.0
2025-08-17,SKU-0160,0,224,26,62.0
2025-08-24,SKU-0160,152,0,26,62.0
2025-08-31,SKU-0160,112,0,26,62.0
2025-09-07,SKU-0160,64,0,26,62.0
2025-09-14,SKU-0160,178,0,26,62.0
2025-09-21,SKU-0160,139,0,26,62.0
2025-09-28,SKU-0160,97,0,26,62.0
2025-10-05,SKU-0160,51,207,26,62.0
2025-10-12,SKU-0160,157,0,26,62.0
2025-10-19,SKU-0160,99,0,26,62.0
2025-10-26,SKU-0160,37,266,26,62.0
2025-11-02,SKU-0160,262,0,26,62.0
2025-11-09,SKU-0160,196,0,26,62.0
2025-11-16,SKU-0160,131,0,26,62.0
2025-11-23,SKU-0160,98,0,26,62.0
2025-11-30,SKU-0160,74,0,26,62.0
2025-12-07,SKU-0160,46,183,26,62.0
2025-12-14,SKU-0160,126,0,26,62.0
2025-12-21,SKU-0160,74,0,26,62.0
2025-12-28,SKU-0160,29,193,26,62.0
2026-01-04,SKU-0160,217,0,26,62.0
2026-01-11,SKU-0160,182,0,26,62.0
2026-01-18,SKU-0160,162,0,26,62.0
2026-01-25,SKU-0160,127,0,26,62.0
2026-02-01,SKU-0160,101,0,26,62.0
2026-02-08,SKU-0160,70,0,26,62.0
2026-02-15,SKU-0160,142,0,26,62.0
2026-02-22,SKU-0160,108,0,26,62.0
2026-03-01,SKU-0160,76,0,26,62.0
2026-03-08,SKU-0160,141,0,26,62.0
2026-03-15,SKU-0160,99,0,26,62.0
2026-03-22,SKU-0160,207,0,26,62.0
2026-03-29,SKU-0160,170,0,26,62.0
2026-04-05,SKU-0160,128,0,26,62.0
2026-04-12,SKU-0160,93,0,26,62.0
2026-04-19,SKU-0160,219,0,26,62.0
2026-04-26,SKU-0160,182,0,26,62.0
2026-05-03,SKU-0160,132,0,26,62.0
2026-05-10,SKU-0160,84,0,26,62.0
2026-05-17,SKU-0160,165,0,26,62.0
2026-05-24,SKU-0160,117,0,26,62.0
2026-05-31,SKU-0160,90,0,26,62.0
2026-06-07,SKU-0160,191,0,26,62.0
2026-06-14,SKU-0160,149,0,26,62.0
2026-06-21,SKU-0160,72,0,26,62.0
2026-06-28,SKU-0160,181,0,26,62.0
2026-07-05,SKU-0160,125,0,26,62.0
2026-07-12,SKU-0160,80,0,26,62.0
2026-07-19,SKU-0160,33,250,26,62.0
2026-07-26,SKU-0160,211,0,26,62.0
2026-08-02,SKU-0160,161,0,26,62.0
2026-08-09,SKU-0160,124,0,26,62.0
2026-08-16,SKU-0160,88,0,26,62.0
2026-08-23,SKU-0160,220,0,26,62.0
2026-08-30,SKU-0160,185,0,26,62.0
2024-12-29,SKU-0161,0,296,8,72.0
2025-01-05,SKU-0161,0,283,8,72.0
2025-01-12,SKU-0161,0,258,8,72.0
2025-01-19,SKU-0161,185,0,8,72.0
2025-01-26,SKU-0161,129,0,8,72.0
2025-02-02,SKU-0161,238,0,8,72.0
2025-02-09,SKU-0161,189,0,8,72.0
2025-02-16,SKU-0161,132,0,8,72.0
2025-02-23,SKU-0161,338,0,8,72.0
2025-03-02,SKU-0161,283,0,8,72.0
2025-03-09,SKU-0161,226,0,8,72.0
2025-03-16,SKU-0161,157,0,8,72.0
2025-03-23,SKU-0161,109,0,8,72.0
2025-03-30,SKU-0161,276,0,8,72.0
2025-04-06,SKU-0161,206,0,8,72.0
2025-04-13,SKU-0161,142,0,8,72.0
2025-04-20,SKU-0161,73,0,8,72.0
2025-04-27,SKU-0161,256,0,8,72.0
2025-05-04,SKU-0161,198,0,8,72.0
2025-05-11,SKU-0161,135,0,8,72.0
2025-05-18,SKU-0161,238,0,8,72.0
2025-05-25,SKU-0161,172,0,8,72.0
2025-06-01,SKU-0161,107,0,8,72.0
2025-06-08,SKU-0161,227,0,8,72.0
2025-06-15,SKU-0161,166,0,8,72.0
2025-06-22,SKU-0161,95,0,8,72.0
2025-06-29,SKU-0161,162,0,8,72.0
2025-07-06,SKU-0161,115,0,8,72.0
2025-07-13,SKU-0161,214,0,8,72.0
2025-07-20,SKU-0161,173,0,8,72.0
2025-07-27,SKU-0161,139,0,8,72.0
2025-08-03,SKU-0161,87,0,8,72.0
2025-08-10,SKU-0161,247,0,8,72.0
2025-08-17,SKU-0161,203,0,8,72.0
2025-08-24,SKU-0161,156,0,8,72.0
2025-08-31,SKU-0161,110,0,8,72.0
2025-09-07,SKU-0161,74,0,8,72.0
2025-09-14,SKU-0161,182,0,8,72.0
2025-09-21,SKU-0161,130,0,8,72.0
2025-09-28,SKU-0161,88,0,8,72.0
2025-10-05,SKU-0161,14,242,8,72.0
2025-10-12,SKU-0161,208,0,8,72.0
2025-10-19,SKU-0161,143,0,8,72.0
2025-10-26,SKU-0161,67,294,8,72.0
2025-11-02,SKU-0161,263,0,8,72.0
2025-11-09,SKU-0161,187,0,8,72.0
2025-11-16,SKU-0161,123,0,8,72.0
2025-11-23,SKU-0161,84,0,8,72.0
2025-11-30,SKU-0161,33,256,8,72.0
2025-12-07,SKU-0161,0,245,8,72.0
2025-12-14,SKU-0161,116,0,8,72.0
2025-12-21,SKU-0161,2,267,8,72.0
2025-12-28,SKU-0161,279,0,8,72.0
2026-01-04,SKU-0161,210,0,8,72.0
2026-01-11,SKU-0161,159,0,8,72.0
2026-01-18,SKU-0161,102,0,8,72.0
2026-01-25,SKU-0161,209,0,8,72.0
2026-02-01,SKU-0161,164,0,8,72.0
2026-02-08,SKU-0161,114,0,8,72.0
2026-02-15,SKU-0161,289,0,8,72.0
2026-02-22,SKU-0161,223,0,8,72.0
2026-03-01,SKU-0161,139,0,8,72.0
2026-03-08,SKU-0161,85,0,8,72.0
2026-03-15,SKU-0161,18,292,8,72.0
2026-03-22,SKU-0161,0,285,8,72.0
2026-03-29,SKU-0161,0,285,8,72.0
2026-04-05,SKU-0161,243,0,8,72.0
2026-04-12,SKU-0161,189,0,8,72.0
2026-04-19,SKU-0161,138,0,8,72.0
2026-04-26,SKU-0161,80,0,8,72.0
2026-05-03,SKU-0161,168,0,8,72.0
2026-05-10,SKU-0161,116,0,8,72.0
2026-05-17,SKU-0161,53,251,8,72.0
2026-05-24,SKU-0161,179,0,8,72.0
2026-05-31,SKU-0161,125,0,8,72.0
2026-06-07,SKU-0161,81,0,8,72.0
2026-06-14,SKU-0161,30,238,8,72.0
2026-06-21,SKU-0161,224,0,8,72.0
2026-06-28,SKU-0161,143,0,8,72.0
2026-07-05,SKU-0161,95,0,8,72.0
2026-07-12,SKU-0161,312,0,8,72.0
2026-07-19,SKU-0161,265,0,8,72.0
2026-07-26,SKU-0161,228,0,8,72.0
2026-08-02,SKU-0161,190,0,8,72.0
2026-08-09,SKU-0161,139,0,8,72.0
2026-08-16,SKU-0161,87,0,8,72.0
2026-08-23,SKU-0161,42,227,8,72.0
2026-08-30,SKU-0161,215,0,8,72.0
2024-09-29,SKU-0162,112,0,28,47.0
2024-10-06,SKU-0162,85,0,28,47.0
2024-10-13,SKU-0162,51,0,28,47.0
2024-10-20,SKU-0162,94,0,28,47.0
2024-10-27,SKU-0162,65,0,28,47.0
2024-11-03,SKU-0162,166,0,28,47.0
2024-11-10,SKU-0162,145,0,28,47.0
2024-11-17,SKU-0162,111,0,28,47.0
2024-11-24,SKU-0162,88,0,28,47.0
2024-12-01,SKU-0162,72,0,28,47.0
2024-12-08,SKU-0162,58,0,28,47.0
2024-12-15,SKU-0162,47,0,28,47.0
2024-12-22,SKU-0162,28,110,28,47.0
2024-12-29,SKU-0162,109,0,28,47.0
2025-01-05,SKU-0162,103,0,28,47.0
2025-01-12,SKU-0162,93,0,28,47.0
2025-01-19,SKU-0162,73,0,28,47.0
2025-01-26,SKU-0162,56,0,28,47.0
2025-02-02,SKU-0162,130,0,28,47.0
2025-02-09,SKU-0162,118,0,28,47.0
2025-02-16,SKU-0162,105,0,28,47.0
2025-02-23,SKU-0162,88,0,28,47.0
2025-03-02,SKU-0162,76,0,28,47.0
2025-03-09,SKU-0162,68,0,28,47.0
2025-03-16,SKU-0162,56,0,28,47.0
2025-03-23,SKU-0162,53,0,28,47.0
2025-03-30,SKU-0162,47,0,28,47.0
2025-04-06,SKU-0162,107,0,28,47.0
2025-04-13,SKU-0162,97,0,28,47.0
2025-04-20,SKU-0162,87,0,28,47.0
2025-04-27,SKU-0162,76,0,28,47.0
2025-05-04,SKU-0162,66,0,28,47.0
2025-05-11,SKU-0162,47,0,28,47.0
2025-05-18,SKU-0162,44,100,28,47.0
2025-05-25,SKU-0162,129,0,28,47.0
2025-06-01,SKU-0162,118,0,28,47.0
2025-06-08,SKU-0162,102,0,28,47.0
2025-06-15,SKU-0162,94,0,28,47.0
2025-06-22,SKU-0162,73,0,28,47.0
2025-06-29,SKU-0162,52,0,28,47.0
2025-07-06,SKU-0162,103,0,28,47.0
2025-07-13,SKU-0162,84,0,28,47.0
2025-07-20,SKU-0162,68,0,28,47.0
2025-07-27,SKU-0162,54,0,28,47.0
2025-08-03,SKU-0162,109,0,28,47.0
2025-08-10,SKU-0162,94,0,28,47.0
2025-08-17,SKU-0162,84,0,28,47.0
2025-08-24,SKU-0162,67,0,28,47.0
2025-08-31,SKU-0162,151,0,28,47.0
2025-09-07,SKU-0162,125,0,28,47.0
2025-09-14,SKU-0162,113,0,28,47.0
2025-09-21,SKU-0162,106,0,28,47.0
2025-09-28,SKU-0162,83,0,28,47.0
2025-10-05,SKU-0162,61,0,28,47.0
2025-10-12,SKU-0162,103,0,28,47.0
2025-10-19,SKU-0162,67,0,28,47.0
2025-10-26,SKU-0162,115,0,28,47.0
2025-11-02,SKU-0162,97,0,28,47.0
2025-11-09,SKU-0162,94,0,28,47.0
2025-11-16,SKU-0162,96,0,28,47.0
2025-11-23,SKU-0162,104,0,28,47.0
2025-11-30,SKU-0162,105,0,28,47.0
2025-12-07,SKU-0162,109,0,28,47.0
2025-12-14,SKU-0162,114,0,28,47.0
2025-12-21,SKU-0162,113,0,28,47.0
2025-12-28,SKU-0162,114,0,28,47.0
2026-01-04,SKU-0162,114,0,28,47.0
2026-01-11,SKU-0162,116,0,28,47.0
2026-01-18,SKU-0162,116,0,28,47.0
2026-01-25,SKU-0162,119,0,28,47.0
2026-02-01,SKU-0162,119,0,28,47.0
2026-02-08,SKU-0162,123,0,28,47.0
2026-02-15,SKU-0162,124,0,28,47.0
2026-02-22,SKU-0162,132,0,28,47.0
2026-03-01,SKU-0162,136,0,28,47.0
2026-03-08,SKU-0162,137,0,28,47.0
2026-03-15,SKU-0162,139,0,28,47.0
2026-03-22,SKU-0162,141,0,28,47.0
2026-03-29,SKU-0162,141,0,28,47.0
2026-04-05,SKU-0162,146,0,28,47.0
2026-04-12,SKU-0162,146,0,28,47.0
2026-04-19,SKU-0162,149,0,28,47.0
2026-04-26,SKU-0162,154,0,28,47.0
2026-05-03,SKU-0162,156,0,28,47.0
2026-05-10,SKU-0162,161,0,28,47.0
2026-05-17,SKU-0162,167,0,28,47.0
2026-05-24,SKU-0162,170,0,28,47.0
2026-05-31,SKU-0162,174,0,28,47.0
2026-06-07,SKU-0162,180,0,28,47.0
2026-06-14,SKU-0162,187,0,28,47.0
2026-06-21,SKU-0162,188,0,28,47.0
2026-06-28,SKU-0162,191,0,28,47.0
2026-07-05,SKU-0162,195,0,28,47.0
2026-07-12,SKU-0162,193,0,28,47.0
2026-07-19,SKU-0162,195,0,28,47.0
2026-07-26,SKU-0162,198,0,28,47.0
2026-08-02,SKU-0162,202,0,28,47.0
2026-08-09,SKU-0162,208,0,28,47.0
2026-08-16,SKU-0162,209,0,28,47.0
2026-08-23,SKU-0162,210,0,28,47.0
2026-08-30,SKU-0162,209,0,28,47.0
2025-01-05,SKU-0163,150,0,21,58.0
2025-01-12,SKU-0163,98,0,21,58.0
2025-01-19,SKU-0163,51,163,21,58.0
2025-01-26,SKU-0163,155,0,21,58.0
2025-02-02,SKU-0163,96,0,21,58.0
2025-02-09,SKU-0163,37,265,21,58.0
2025-02-16,SKU-0163,177,0,21,58.0
2025-02-23,SKU-0163,111,0,21,58.0
2025-03-02,SKU-0163,233,0,21,58.0
2025-03-09,SKU-0163,180,0,21,58.0
2025-03-16,SKU-0163,124,0,21,58.0
2025-03-23,SKU-0163,69,0,21,58.0
2025-03-30,SKU-0163,241,0,21,58.0
2025-04-06,SKU-0163,175,0,21,58.0
2025-04-13,SKU-0163,123,0,21,58.0
2025-04-20,SKU-0163,95,0,21,58.0
2025-04-27,SKU-0163,236,0,21,58.0
2025-05-04,SKU-0163,180,0,21,58.0
2025-05-11,SKU-0163,125,0,21,58.0
2025-05-18,SKU-0163,71,0,21,58.0
2025-05-25,SKU-0163,189,0,21,58.0
2025-06-01,SKU-0163,140,0,21,58.0
2025-06-08,SKU-0163,98,0,21,58.0
2025-06-15,SKU-0163,187,0,21,58.0
2025-06-22,SKU-0163,119,0,21,58.0
2025-06-29,SKU-0163,268,0,21,58.0
2025-07-06,SKU-0163,228,0,21,58.0
2025-07-13,SKU-0163,186,0,21,58.0
2025-07-20,SKU-0163,142,0,21,58.0
2025-07-27,SKU-0163,122,0,21,58.0
2025-08-03,SKU-0163,69,0,21,58.0
2025-08-10,SKU-0163,181,0,21,58.0
2025-08-17,SKU-0163,146,0,21,58.0
2025-08-24,SKU-0163,107,0,21,58.0
2025-08-31,SKU-0163,58,0,21,58.0
2025-09-07,SKU-0163,27,177,21,58.0
2025-09-14,SKU-0163,126,0,21,58.0
2025-09-21,SKU-0163,99,0,21,58.0
2025-09-28,SKU-0163,62,0,21,58.0
2025-10-05,SKU-0163,184,0,21,58.0
2025-10-12,SKU-0163,107,0,21,58.0
2025-10-19,SKU-0163,47,245,21,58.0
2025-10-26,SKU-0163,162,0,21,58.0
2025-11-02,SKU-0163,95,0,21,58.0
2025-11-09,SKU-0163,13,296,21,58.0
2025-11-16,SKU-0163,0,314,21,58.0
2025-11-23,SKU-0163,0,281,21,58.0
2025-11-30,SKU-0163,256,0,21,58.0
2025-12-07,SKU-0163,209,0,21,58.0
2025-12-14,SKU-0163,164,0,21,58.0
2025-12-21,SKU-0163,87,0,21,58.0
2025-12-28,SKU-0163,35,255,21,58.0
2026-01-04,SKU-0163,242,0,21,58.0
2026-01-11,SKU-0163,203,0,21,58.0
2026-01-18,SKU-0163,139,0,21,58.0
2026-01-25,SKU-0163,92,0,21,58.0
2026-02-01,SKU-0163,36,232,21,58.0
2026-02-08,SKU-0163,126,0,21,58.0
2026-02-15,SKU-0163,75,0,21,58.0
2026-02-22,SKU-0163,189,0,21,58.0
2026-03-01,SKU-0163,147,0,21,58.0
2026-03-08,SKU-0163,98,0,21,58.0
2026-03-15,SKU-0163,49,205,21,58.0
2026-03-22,SKU-0163,0,243,21,58.0
2026-03-29,SKU-0163,0,252,21,58.0
2026-04-05,SKU-0163,240,0,21,58.0
2026-04-12,SKU-0163,190,0,21,58.0
2026-04-19,SKU-0163,147,0,21,58.0
2026-04-26,SKU-0163,105,0,21,58.0
2026-05-03,SKU-0163,50,217,21,58.0
2026-05-10,SKU-0163,7,222,21,58.0
2026-05-17,SKU-0163,0,205,21,58.0
2026-05-24,SKU-0163,114,0,21,58.0
2026-05-31,SKU-0163,70,0,21,58.0
2026-06-07,SKU-0163,122,0,21,58.0
2026-06-14,SKU-0163,98,0,21,58.0
2026-06-21,SKU-0163,181,0,21,58.0
2026-06-28,SKU-0163,125,0,21,58.0
2026-07-05,SKU-0163,90,0,21,58.0
2026-07-12,SKU-0163,45,218,21,58.0
2026-07-19,SKU-0163,5,199,21,58.0
2026-07-26,SKU-0163,81,0,21,58.0
2026-08-02,SKU-0163,62,0,21,58.0
2026-08-09,SKU-0163,146,0,21,58.0
2026-08-16,SKU-0163,117,0,21,58.0
2026-08-23,SKU-0163,86,0,21,58.0
2026-08-30,SKU-0163,193,0,21,58.0
2024-12-22,SKU-0164,109,0,20,71.0
2024-12-29,SKU-0164,193,0,20,71.0
2025-01-05,SKU-0164,163,0,20,71.0
2025-01-12,SKU-0164,135,0,20,71.0
2025-01-19,SKU-0164,107,0,20,71.0
2025-01-26,SKU-0164,71,0,20,71.0
2025-02-02,SKU-0164,134,0,20,71.0
2025-02-09,SKU-0164,105,0,20,71.0
2025-02-16,SKU-0164,74,0,20,71.0
2025-02-23,SKU-0164,172,0,20,71.0
2025-03-02,SKU-0164,126,0,20,71.0
2025-03-09,SKU-0164,101,0,20,71.0
2025-03-16,SKU-0164,190,0,20,71.0
2025-03-23,SKU-0164,161,0,20,71.0
2025-03-30,SKU-0164,125,0,20,71.0
2025-04-06,SKU-0164,89,0,20,71.0
2025-04-13,SKU-0164,58,177,20,71.0
2025-04-20,SKU-0164,182,0,20,71.0
2025-04-27,SKU-0164,141,0,20,71.0
2025-05-04,SKU-0164,101,0,20,71.0
2025-05-11,SKU-0164,72,0,20,71.0
2025-05-18,SKU-0164,37,173,20,71.0
2025-05-25,SKU-0164,118,0,20,71.0
2025-06-01,SKU-0164,76,0,20,71.0
2025-06-08,SKU-0164,170,0,20,71.0
2025-06-15,SKU-0164,129,0,20,71.0
2025-06-22,SKU-0164,73,0,20,71.0
2025-06-29,SKU-0164,205,0,20,71.0
2025-07-06,SKU-0164,171,0,20,71.0
2025-07-13,SKU-0164,140,0,20,71.0
2025-07-20,SKU-0164,100,0,20,71.0
2025-07-27,SKU-0164,71,0,20,71.0
2025-08-03,SKU-0164,159,0,20,71.0
2025-08-10,SKU-0164,149,0,20,71.0
2025-08-17,SKU-0164,115,0,20,71.0
2025-08-24,SKU-0164,90,0,20,71.0
2025-08-31,SKU-0164,69,171,20,71.0
2025-09-07,SKU-0164,208,0,20,71.0
2025-09-14,SKU-0164,181,0,20,71.0
2025-09-21,SKU-0164,151,0,20,71.0
2025-09-28,SKU-0164,129,0,20,71.0
2025-10-05,SKU-0164,96,0,20,71.0
2025-10-12,SKU-0164,176,0,20,71.0
2025-10-19,SKU-0164,129,0,20,71.0
2025-10-26,SKU-0164,73,0,20,71.0
2025-11-02,SKU-0164,167,0,20,71.0
2025-11-09,SKU-0164,134,0,20,71.0
2025-11-16,SKU-0164,98,0,20,71.0
2025-11-23,SKU-0164,77,0,20,71.0
2025-11-30,SKU-0164,201,0,20,71.0
2025-12-07,SKU-0164,181,0,20,71.0
2025-12-14,SKU-0164,163,0,20,71.0
2025-12-21,SKU-0164,141,0,20,71.0
2025-12-28,SKU-0164,92,0,20,71.0
2026-01-04,SKU-0164,63,170,20,71.0
2026-01-11,SKU-0164,37,171,20,71.0
2026-01-18,SKU-0164,129,0,20,71.0
2026-01-25,SKU-0164,102,0,20,71.0
2026-02-01,SKU-0164,204,0,20,71.0
2026-02-08,SKU-0164,183,0,20,71.0
2026-02-15,SKU-0164,140,0,20,71.0
2026-02-22,SKU-0164,112,0,20,71.0
2026-03-01,SKU-0164,85,0,20,71.0
2026-03-08,SKU-0164,224,0,20,71.0
2026-03-15,SKU-0164,197,0,20,71.0
2026-03-22,SKU-0164,165,0,20,71.0
2026-03-29,SKU-0164,133,0,20,71.0
2026-04-05,SKU-0164,92,0,20,71.0
2026-04-12,SKU-0164,45,169,20,71.0
2026-04-19,SKU-0164,122,0,20,71.0
2026-04-26,SKU-0164,104,0,20,71.0
2026-05-03,SKU-0164,72,0,20,71.0
2026-05-10,SKU-0164,45,170,20,71.0
2026-05-17,SKU-0164,148,0,20,71.0
2026-05-24,SKU-0164,124,0,20,71.0
2026-05-31,SKU-0164,94,0,20,71.0
2026-06-07,SKU-0164,179,0,20,71.0
2026-06-14,SKU-0164,149,0,20,71.0
2026-06-21,SKU-0164,113,0,20,71.0
2026-06-28,SKU-0164,57,195,20,71.0
2026-07-05,SKU-0164,114,0,20,71.0
2026-07-12,SKU-0164,101,0,20,71.0
2026-07-19,SKU-0164,86,0,20,71.0
2026-07-26,SKU-0164,143,0,20,71.0
2026-08-02,SKU-0164,128,0,20,71.0
2026-08-09,SKU-0164,97,0,20,71.0
2026-08-16,SKU-0164,71,0,20,71.0
2026-08-23,SKU-0164,56,161,20,71.0
2026-08-30,SKU-0164,42,146,20,71.0
2024-05-12,SKU-0165,83,0,15,68.0
2024-05-19,SKU-0165,74,0,15,68.0
2024-05-26,SKU-0165,180,0,15,68.0
2024-06-02,SKU-0165,171,0,15,68.0
2024-06-09,SKU-0165,160,0,15,68.0
2024-06-16,SKU-0165,153,0,15,68.0
2024-06-23,SKU-0165,144,0,15,68.0
2024-06-30,SKU-0165,130,0,15,68.0
2024-07-07,SKU-0165,112,0,15,68.0
2024-07-14,SKU-0165,95,0,15,68.0
2024-07-21,SKU-0165,86,0,15,68.0
2024-07-28,SKU-0165,75,0,15,68.0
2024-08-04,SKU-0165,206,0,15,68.0
2024-08-11,SKU-0165,200,0,15,68.0
2024-08-18,SKU-0165,187,0,15,68.0
2024-08-25,SKU-0165,175,0,15,68.0
2024-09-01,SKU-0165,160,0,15,68.0
2024-09-08,SKU-0165,146,0,15,68.0
2024-09-15,SKU-0165,133,0,15,68.0
2024-09-22,SKU-0165,124,0,15,68.0
2024-09-29,SKU-0165,116,0,15,68.0
2024-10-06,SKU-0165,87,0,15,68.0
2024-10-13,SKU-0165,76,0,15,68.0
2024-10-20,SKU-0165,201,0,15,68.0
2024-10-27,SKU-0165,191,0,15,68.0
2024-11-03,SKU-0165,176,0,15,68.0
2024-11-10,SKU-0165,165,0,15,68.0
2024-11-17,SKU-0165,153,0,15,68.0
2024-11-24,SKU-0165,150,0,15,68.0
2024-12-01,SKU-0165,138,0,15,68.0
2024-12-08,SKU-0165,132,0,15,68.0
2024-12-15,SKU-0165,127,0,15,68.0
2024-12-22,SKU-0165,111,0,15,68.0
2024-12-29,SKU-0165,106,0,15,68.0
2025-01-05,SKU-0165,97,0,15,68.0
2025-01-12,SKU-0165,89,0,15,68.0
2025-01-19,SKU-0165,81,0,15,68.0
2025-01-26,SKU-0165,72,0,15,68.0
2025-02-02,SKU-0165,67,140,15,68.0
2025-02-09,SKU-0165,168,0,15,68.0
2025-02-16,SKU-0165,167,0,15,68.0
2025-02-23,SKU-0165,155,0,15,68.0
2025-03-02,SKU-0165,147,0,15,68.0
2025-03-09,SKU-0165,143,0,15,68.0
2025-03-16,SKU-0165,132,0,15,68.0
2025-03-23,SKU-0165,122,0,15,68.0
2025-03-30,SKU-0165,120,0,15,68.0
2025-04-06,SKU-0165,108,0,15,
2025-04-13,SKU-0165,95,0,15,68.0
2025-04-20,SKU-0165,90,0,15,68.0
2025-04-27,SKU-0165,84,0,15,68.0
2025-05-04,SKU-0165,73,0,15,68.0
2025-05-11,SKU-0165,63,139,15,68.0
2025-05-18,SKU-0165,197,0,15,68.0
2025-05-25,SKU-0165,172,0,15,68.0
2025-06-01,SKU-0165,160,0,15,68.0
2025-06-08,SKU-0165,143,0,15,68.0
2025-06-15,SKU-0165,125,0,15,68.0
2025-06-22,SKU-0165,98,0,15,68.0
2025-06-29,SKU-0165,81,0,15,68.0
2025-07-06,SKU-0165,68,0,15,68.0
2025-07-13,SKU-0165,141,0,15,68.0
2025-07-20,SKU-0165,126,0,15,68.0
2025-07-27,SKU-0165,117,0,15,68.0
2025-08-03,SKU-0165,101,0,15,68.0
2025-08-10,SKU-0165,86,0,15,68.0
2025-08-17,SKU-0165,72,0,15,68.0
2025-08-24,SKU-0165,155,0,15,68.0
2025-08-31,SKU-0165,145,0,15,68.0
2025-09-07,SKU-0165,134,0,15,68.0
2025-09-14,SKU-0165,121,0,15,68.0
2025-09-21,SKU-0165,109,0,15,68.0
2025-09-28,SKU-0165,95,0,15,68.0
2025-10-05,SKU-0165,75,0,15,68.0
2025-10-12,SKU-0165,54,139,15,68.0
2025-10-19,SKU-0165,36,143,15,68.0
2025-10-26,SKU-0165,147,0,15,68.0
2025-11-02,SKU-0165,126,0,15,68.0
2025-11-09,SKU-0165,103,0,15,68.0
2025-11-16,SKU-0165,84,0,15,68.0
2025-11-23,SKU-0165,72,0,15,68.0
2025-11-30,SKU-0165,153,0,15,68.0
2025-12-07,SKU-0165,144,0,15,68.0
2025-12-14,SKU-0165,133,0,15,68.0
2025-12-21,SKU-0165,112,0,15,68.0
2025-12-28,SKU-0165,88,0,15,68.0
2026-01-04,SKU-0165,72,0,15,68.0
2026-01-11,SKU-0165,182,0,15,68.0
2026-01-18,SKU-0165,170,0,15,68.0
2026-01-25,SKU-0165,159,0,15,68.0
2026-02-01,SKU-0165,146,0,15,68.0
2026-02-08,SKU-0165,147,0,15,68.0
2026-02-15,SKU-0165,133,0,15,68.0
2026-02-22,SKU-0165,123,0,15,68.0
2026-03-01,SKU-0165,115,0,15,68.0
2026-03-08,SKU-0165,110,0,15,68.0
2026-03-15,SKU-0165,100,0,15,68.0
2026-03-22,SKU-0165,80,0,15,68.0
2026-03-29,SKU-0165,71,0,15,68.0
2026-04-05,SKU-0165,205,0,15,68.0
2026-04-12,SKU-0165,190,0,15,68.0
2026-04-19,SKU-0165,182,0,15,68.0
2026-04-26,SKU-0165,173,0,15,68.0
2026-05-03,SKU-0165,153,0,15,68.0
2026-05-10,SKU-0165,139,0,15,68.0
2026-05-17,SKU-0165,131,0,15,68.0
2026-05-24,SKU-0165,112,0,15,68.0
2026-05-31,SKU-0165,89,0,15,68.0
2026-06-07,SKU-0165,74,0,15,68.0
2026-06-14,SKU-0165,56,162,15,68.0
2026-06-21,SKU-0165,30,154,15,68.0
2026-06-28,SKU-0165,133,0,15,68.0
2026-07-05,SKU-0165,105,0,15,68.0
2026-07-12,SKU-0165,76,0,15,68.0
2026-07-19,SKU-0165,135,0,15,68.0
2026-07-26,SKU-0165,110,0,15,68.0
2026-08-02,SKU-0165,80,0,15,68.0
2026-08-09,SKU-0165,146,0,15,68.0
2026-08-16,SKU-0165,132,0,15,68.0
2026-08-23,SKU-0165,113,0,15,68.0
2026-08-30,SKU-0165,94,0,15,68.0
2024-12-29,SKU-0166,161,0,23,42.0
2025-01-05,SKU-0166,142,0,23,42.0
2025-01-12,SKU-0166,118,0,23,42.0
2025-01-19,SKU-0166,93,0,23,42.0
2025-01-26,SKU-0166,78,0,23,42.0
2025-02-02,SKU-0166,64,0,23,42.0
2025-02-09,SKU-0166,115,0,23,42.0
2025-02-16,SKU-0166,94,0,23,42.0
2025-02-23,SKU-0166,72,0,23,42.0
2025-03-02,SKU-0166,58,0,23,42.0
2025-03-09,SKU-0166,142,0,23,42.0
2025-03-16,SKU-0166,117,0,23,42.0
2025-03-23,SKU-0166,101,0,23,42.0
2025-03-30,SKU-0166,87,0,23,42.0
2025-04-06,SKU-0166,69,0,23,42.0
2025-04-13,SKU-0166,54,0,23,42.0
2025-04-20,SKU-0166,34,94,23,42.0
2025-04-27,SKU-0166,123,0,23,42.0
2025-05-04,SKU-0166,108,0,23,42.0
2025-05-11,SKU-0166,99,0,23,42.0
2025-05-18,SKU-0166,87,0,23,42.0
2025-05-25,SKU-0166,72,0,23,42.0
2025-06-01,SKU-0166,58,0,23,42.0
2025-06-08,SKU-0166,45,0,23,42.0
2025-06-15,SKU-0166,110,0,23,42.0
2025-06-22,SKU-0166,78,0,23,42.0
2025-06-29,SKU-0166,49,0,23,42.0
2025-07-06,SKU-0166,127,0,23,42.0
2025-07-13,SKU-0166,116,0,23,42.0
2025-07-20,SKU-0166,93,0,23,42.0
2025-07-27,SKU-0166,77,0,23,42.0
2025-08-03,SKU-0166,57,0,23,42.0
2025-08-10,SKU-0166,45,0,23,42.0
2025-08-17,SKU-0166,21,102,23,42.0
2025-08-24,SKU-0166,6,96,23,42.0
2025-08-31,SKU-0166,0,91,23,42.0
2025-09-07,SKU-0166,0,99,23,42.0
2025-09-14,SKU-0166,91,0,23,42.0
2025-09-21,SKU-0166,68,0,23,42.0
2025-09-28,SKU-0166,51,0,23,42.0
2025-10-05,SKU-0166,27,135,23,42.0
2025-10-12,SKU-0166,0,141,23,42.0
2025-10-19,SKU-0166,85,0,23,42.0
2025-10-26,SKU-0166,58,0,23,42.0
2025-11-02,SKU-0166,11,189,23,42.0
2025-11-09,SKU-0166,0,187,23,42.0
2025-11-16,SKU-0166,95,0,23,42.0
2025-11-23,SKU-0166,59,0,23,42.0
2025-11-30,SKU-0166,40,167,23,42.0
2025-12-07,SKU-0166,18,138,23,42.0
2025-12-14,SKU-0166,0,139,23,42.0
2025-12-21,SKU-0166,0,146,23,42.0
2025-12-28,SKU-0166,82,0,23,42.0
2026-01-04,SKU-0166,41,174,23,42.0
2026-01-11,SKU-0166,33,157,23,42.0
2026-01-18,SKU-0166,97,0,23,42.0
2026-01-25,SKU-0166,76,0,23,42.0
2026-02-01,SKU-0166,55,0,23,42.0
2026-02-08,SKU-0166,38,111,23,42.0
2026-02-15,SKU-0166,134,0,23,42.0
2026-02-22,SKU-0166,106,0,23,42.0
2026-03-01,SKU-0166,74,0,23,42.0
2026-03-08,SKU-0166,56,0,23,42.0
2026-03-15,SKU-0166,22,150,23,42.0
2026-03-22,SKU-0166,105,0,23,42.0
2026-03-29,SKU-0166,90,0,23,42.0
2026-04-05,SKU-0166,75,0,23,42.0
2026-04-12,SKU-0166,52,0,23,42.0
2026-04-19,SKU-0166,37,119,23,42.0
2026-04-26,SKU-0166,105,0,23,42.0
2026-05-03,SKU-0166,85,0,23,42.0
2026-05-10,SKU-0166,75,0,23,42.0
2026-05-17,SKU-0166,53,0,23,42.0
2026-05-24,SKU-0166,115,0,23,42.0
2026-05-31,SKU-0166,96,0,23,42.0
2026-06-07,SKU-0166,65,0,23,42.0
2026-06-14,SKU-0166,55,0,23,42.0
2026-06-21,SKU-0166,95,0,23,42.0
2026-06-28,SKU-0166,67,0,23,42.0
2026-07-05,SKU-0166,37,138,23,42.0
2026-07-12,SKU-0166,14,127,23,42.0
2026-07-19,SKU-0166,0,127,23,42.0
2026-07-26,SKU-0166,113,0,23,42.0
2026-08-02,SKU-0166,86,0,23,42.0
2026-08-09,SKU-0166,70,0,23,42.0
2026-08-16,SKU-0166,152,0,23,42.0
2026-08-23,SKU-0166,124,0,23,42.0
2026-08-30,SKU-0166,100,0,23,42.0
2025-02-23,SKU-0167,64,0,5,40.0
2025-03-02,SKU-0167,49,0,5,40.0
2025-03-09,SKU-0167,14,100,5,40.0
2025-03-16,SKU-0167,0,123,5,40.0
2025-03-23,SKU-0167,0,173,5,40.0
2025-03-30,SKU-0167,0,184,5,40.0
2025-04-06,SKU-0167,112,0,5,40.0
2025-04-13,SKU-0167,85,0,5,40.0
2025-04-20,SKU-0167,42,0,5,40.0
2025-04-27,SKU-0167,1,171,5,40.0
2025-05-04,SKU-0167,114,0,5,40.0
2025-05-11,SKU-0167,67,0,5,40.0
2025-05-18,SKU-0167,146,0,5,40.0
2025-05-25,SKU-0167,105,0,5,40.0
2025-06-01,SKU-0167,63,0,5,40.0
2025-06-08,SKU-0167,17,178,5,40.0
2025-06-15,SKU-0167,0,223,5,40.0
2025-06-22,SKU-0167,229,0,5,40.0
2025-06-29,SKU-0167,168,0,5,40.0
2025-07-06,SKU-0167,117,0,5,40.0
2025-07-13,SKU-0167,68,0,5,40.0
2025-07-20,SKU-0167,150,0,5,40.0
2025-07-27,SKU-0167,106,0,5,40.0
2025-08-03,SKU-0167,51,0,5,40.0
2025-08-10,SKU-0167,204,0,5,40.0
2025-08-17,SKU-0167,168,0,5,40.0
2025-08-24,SKU-0167,136,0,5,40.0
2025-08-31,SKU-0167,106,0,5,40.0
2025-09-07,SKU-0167,65,0,5,40.0
2025-09-14,SKU-0167,25,193,5,40.0
2025-09-21,SKU-0167,165,0,5,40.0
2025-09-28,SKU-0167,124,0,5,40.0
2025-10-05,SKU-0167,73,0,5,40.0
2025-10-12,SKU-0167,21,211,5,40.0
2025-10-19,SKU-0167,220,0,5,40.0
2025-10-26,SKU-0167,166,0,5,40.0
2025-11-02,SKU-0167,107,0,5,40.0
2025-11-09,SKU-0167,60,0,5,40.0
2025-11-16,SKU-0167,129,0,5,40.0
2025-11-23,SKU-0167,96,0,5,40.0
2025-11-30,SKU-0167,68,0,5,40.0
2025-12-07,SKU-0167,39,193,5,40.0
2025-12-14,SKU-0167,105,0,5,40.0
2025-12-21,SKU-0167,53,0,5,40.0
2025-12-28,SKU-0167,192,0,5,40.0
2026-01-04,SKU-0167,149,0,5,40.0
2026-01-11,SKU-0167,117,0,5,40.0
2026-01-18,SKU-0167,88,0,5,40.0
2026-01-25,SKU-0167,59,0,5,40.0
2026-02-01,SKU-0167,183,0,5,40.0
2026-02-08,SKU-0167,152,0,5,40.0
2026-02-15,SKU-0167,107,0,5,40.0
2026-02-22,SKU-0167,67,0,5,40.0
2026-03-01,SKU-0167,39,176,5,40.0
2026-03-08,SKU-0167,116,0,5,40.0
2026-03-15,SKU-0167,78,0,5,40.0
2026-03-22,SKU-0167,40,0,5,40.0
2026-03-29,SKU-0167,157,0,5,40.0
2026-04-05,SKU-0167,122,0,5,40.0
2026-04-12,SKU-0167,90,0,5,40.0
2026-04-19,SKU-0167,38,193,5,40.0
2026-04-26,SKU-0167,122,0,5,40.0
2026-05-03,SKU-0167,76,0,5,40.0
2026-05-10,SKU-0167,40,0,5,40.0
2026-05-17,SKU-0167,162,0,5,40.0
2026-05-24,SKU-0167,129,0,5,40.0
2026-05-31,SKU-0167,81,0,5,40.0
2026-06-07,SKU-0167,164,0,5,40.0
2026-06-14,SKU-0167,118,0,5,40.0
2026-06-21,SKU-0167,49,0,5,40.0
2026-06-28,SKU-0167,268,0,5,40.0
2026-07-05,SKU-0167,216,0,5,40.0
2026-07-12,SKU-0167,173,0,5,40.0
2026-07-19,SKU-0167,120,0,5,40.0
2026-07-26,SKU-0167,55,0,5,40.0
2026-08-02,SKU-0167,11,245,5,40.0
2026-08-09,SKU-0167,0,232,5,40.0
2026-08-16,SKU-0167,138,0,5,40.0
2026-08-23,SKU-0167,83,0,5,40.0
2026-08-30,SKU-0167,45,0,5,40.0
2024-09-22,SKU-0168,118,0,10,43.0
2024-09-29,SKU-0168,91,0,10,43.0
2024-10-06,SKU-0168,58,0,10,43.0
2024-10-13,SKU-0168,155,0,10,43.0
2024-10-20,SKU-0168,111,0,10,43.0
2024-10-27,SKU-0168,76,0,10,43.0
2024-11-03,SKU-0168,40,185,10,43.0
2024-11-10,SKU-0168,0,199,10,43.0
2024-11-17,SKU-0168,130,0,10,43.0
2024-11-24,SKU-0168,103,0,10,43.0
2024-12-01,SKU-0168,81,0,10,43.0
2024-12-08,SKU-0168,54,0,10,43.0
2024-12-15,SKU-0168,119,0,10,43.0
2024-12-22,SKU-0168,80,0,10,43.0
2024-12-29,SKU-0168,45,0,10,43.0
2025-01-05,SKU-0168,112,0,10,43.0
2025-01-12,SKU-0168,76,0,10,43.0
2025-01-19,SKU-0168,44,0,10,43.0
2025-01-26,SKU-0168,19,175,10,43.0
2025-02-02,SKU-0168,0,179,10,43.0
2025-02-09,SKU-0168,99,0,10,43.0
2025-02-16,SKU-0168,73,0,10,43.0
2025-02-23,SKU-0168,37,186,10,43.0
2025-03-02,SKU-0168,135,0,10,43.0
2025-03-09,SKU-0168,101,0,10,43.0
2025-03-16,SKU-0168,55,0,10,43.0
2025-03-23,SKU-0168,196,0,10,43.0
2025-03-30,SKU-0168,165,0,10,43.0
2025-04-06,SKU-0168,127,0,10,43.0
2025-04-13,SKU-0168,101,0,10,43.0
2025-04-20,SKU-0168,75,0,10,43.0
2025-04-27,SKU-0168,192,0,10,43.0
2025-05-04,SKU-0168,165,0,10,43.0
2025-05-11,SKU-0168,136,0,10,43.0
2025-05-18,SKU-0168,91,0,10,43.0
2025-05-25,SKU-0168,61,0,10,43.0
2025-06-01,SKU-0168,196,0,10,43.0
2025-06-08,SKU-0168,160,0,10,43.0
2025-06-15,SKU-0168,119,0,10,43.0
2025-06-22,SKU-0168,81,0,10,43.0
2025-06-29,SKU-0168,207,0,10,43.0
2025-07-06,SKU-0168,176,0,10,43.0
2025-07-13,SKU-0168,149,0,10,43.0
2025-07-20,SKU-0168,122,0,10,43.0
2025-07-27,SKU-0168,83,0,10,43.0
2025-08-03,SKU-0168,43,0,10,43.0
2025-08-10,SKU-0168,21,152,10,43.0
2025-08-17,SKU-0168,108,0,10,43.0
2025-08-24,SKU-0168,75,0,10,43.0
2025-08-31,SKU-0168,46,0,10,43.0
2025-09-07,SKU-0168,21,132,10,43.0
2025-09-14,SKU-0168,95,0,10,43.0
2025-09-21,SKU-0168,72,0,10,43.0
2025-09-28,SKU-0168,52,0,10,43.0
2025-10-05,SKU-0168,106,0,10,43.0
2025-10-12,SKU-0168,53,0,10,43.0
2025-10-19,SKU-0168,153,0,10,43.0
2025-10-26,SKU-0168,122,0,10,43.0
2025-11-02,SKU-0168,78,0,10,43.0
2025-11-09,SKU-0168,51,0,10,43.0
2025-11-16,SKU-0168,145,0,10,43.0
2025-11-23,SKU-0168,115,0,10,43.0
2025-11-30,SKU-0168,84,0,10,43.0
2025-12-07,SKU-0168,62,0,10,43.0
2025-12-14,SKU-0168,113,0,10,43.0
2025-12-21,SKU-0168,72,0,10,43.0
2025-12-28,SKU-0168,34,174,10,43.0
2026-01-04,SKU-0168,136,0,10,43.0
2026-01-11,SKU-0168,109,0,10,43.0
2026-01-18,SKU-0168,82,0,10,
2026-01-25,SKU-0168,57,0,10,43.0
2026-02-01,SKU-0168,20,136,10,43.0
2026-02-08,SKU-0168,2,130,10,43.0
2026-02-15,SKU-0168,101,0,10,43.0
2026-02-22,SKU-0168,70,0,10,43.0
2026-03-01,SKU-0168,165,0,10,43.0
2026-03-08,SKU-0168,119,0,10,43.0
2026-03-15,SKU-0168,87,0,10,43.0
2026-03-22,SKU-0168,65,0,10,43.0
2026-03-29,SKU-0168,47,0,10,43.0
2026-04-05,SKU-0168,144,0,10,43.0
2026-04-12,SKU-0168,104,0,10,43.0
2026-04-19,SKU-0168,64,0,10,43.0
2026-04-26,SKU-0168,172,0,10,43.0
2026-05-03,SKU-0168,143,0,10,43.0
2026-05-10,SKU-0168,113,0,10,43.0
2026-05-17,SKU-0168,70,0,10,43.0
2026-05-24,SKU-0168,209,0,10,43.0
2026-05-31,SKU-0168,170,0,10,43.0
2026-06-07,SKU-0168,141,0,10,43.0
2026-06-14,SKU-0168,94,0,10,43.0
2026-06-21,SKU-0168,39,192,10,43.0
2026-06-28,SKU-0168,180,0,10,43.0
2026-07-05,SKU-0168,141,0,10,43.0
2026-07-12,SKU-0168,110,0,10,43.0
2026-07-19,SKU-0168,72,0,10,43.0
2026-07-26,SKU-0168,44,0,10,43.0
2026-08-02,SKU-0168,91,0,10,43.0
2026-08-09,SKU-0168,71,0,10,43.0
2026-08-16,SKU-0168,38,160,10,43.0
2026-08-23,SKU-0168,12,140,10,43.0
2026-08-30,SKU-0168,117,0,10,43.0
2024-10-20,SKU-0169,237,0,17,65.0
2024-10-27,SKU-0169,178,0,17,65.0
2024-11-03,SKU-0169,106,0,17,65.0
2024-11-10,SKU-0169,46,274,17,65.0
2024-11-17,SKU-0169,211,0,17,65.0
2024-11-24,SKU-0169,167,0,17,65.0
2024-12-01,SKU-0169,130,0,17,65.0
2024-12-08,SKU-0169,87,0,17,65.0
2024-12-15,SKU-0169,42,198,17,65.0
2024-12-22,SKU-0169,143,0,17,65.0
2024-12-29,SKU-0169,102,0,17,65.0
2025-01-05,SKU-0169,169,0,17,65.0
2025-01-12,SKU-0169,148,0,17,65.0
2025-01-19,SKU-0169,125,0,17,65.0
2025-01-26,SKU-0169,99,0,17,65.0
2025-02-02,SKU-0169,79,0,17,65.0
2025-02-09,SKU-0169,58,151,17,65.0
2025-02-16,SKU-0169,137,0,17,65.0
2025-02-23,SKU-0169,108,0,17,65.0
2025-03-02,SKU-0169,84,0,17,65.0
2025-03-09,SKU-0169,132,0,17,65.0
2025-03-16,SKU-0169,109,0,17,65.0
2025-03-23,SKU-0169,89,0,17,65.0
2025-03-30,SKU-0169,64,131,17,65.0
2025-04-06,SKU-0169,36,142,17,65.0
2025-04-13,SKU-0169,0,156,17,65.0
2025-04-20,SKU-0169,0,160,17,65.0
2025-04-27,SKU-0169,0,166,17,65.0
2025-05-04,SKU-0169,0,169,17,65.0
2025-05-11,SKU-0169,131,0,17,65.0
2025-05-18,SKU-0169,112,0,17,65.0
2025-05-25,SKU-0169,89,0,17,65.0
2025-06-01,SKU-0169,143,0,17,65.0
2025-06-08,SKU-0169,115,0,17,65.0
2025-06-15,SKU-0169,91,0,17,65.0
2025-06-22,SKU-0169,41,148,17,65.0
2025-06-29,SKU-0169,167,0,17,65.0
2025-07-06,SKU-0169,143,0,17,65.0
2025-07-13,SKU-0169,105,0,17,65.0
2025-07-20,SKU-0169,66,0,17,65.0
2025-07-27,SKU-0169,23,172,17,65.0
2025-08-03,SKU-0169,0,195,17,65.0
2025-08-10,SKU-0169,0,193,17,65.0
2025-08-17,SKU-0169,176,0,17,65.0
2025-08-24,SKU-0169,136,0,17,65.0
2025-08-31,SKU-0169,108,0,17,65.0
2025-09-07,SKU-0169,72,0,17,65.0
2025-09-14,SKU-0169,204,0,17,65.0
2025-09-21,SKU-0169,162,0,17,65.0
2025-09-28,SKU-0169,127,0,17,65.0
2025-10-05,SKU-0169,79,0,17,65.0
2025-10-12,SKU-0169,19,223,17,65.0
2025-10-19,SKU-0169,0,237,17,65.0
2025-10-26,SKU-0169,0,241,17,65.0
2025-11-02,SKU-0169,0,258,17,65.0
2025-11-09,SKU-0169,229,0,17,65.0
2025-11-16,SKU-0169,188,0,17,65.0
2025-11-23,SKU-0169,150,0,17,65.0
2025-11-30,SKU-0169,116,0,17,65.0
2025-12-07,SKU-0169,102,0,17,65.0
2025-12-14,SKU-0169,75,0,17,65.0
2025-12-21,SKU-0169,167,0,17,65.0
2025-12-28,SKU-0169,130,0,17,65.0
2026-01-04,SKU-0169,91,0,17,65.0
2026-01-11,SKU-0169,153,0,17,65.0
2026-01-18,SKU-0169,124,0,17,65.0
2026-01-25,SKU-0169,97,0,17,65.0
2026-02-01,SKU-0169,79,0,17,65.0
2026-02-08,SKU-0169,136,0,17,65.0
2026-02-15,SKU-0169,113,0,17,65.0
2026-02-22,SKU-0169,93,0,17,65.0
2026-03-01,SKU-0169,72,0,17,65.0
2026-03-08,SKU-0169,168,0,17,65.0
2026-03-15,SKU-0169,143,0,17,65.0
2026-03-22,SKU-0169,123,0,17,65.0
2026-03-29,SKU-0169,97,0,17,65.0
2026-04-05,SKU-0169,73,0,17,65.0
2026-04-12,SKU-0169,174,0,17,65.0
2026-04-19,SKU-0169,142,0,17,65.0
2026-04-26,SKU-0169,126,0,17,65.0
2026-05-03,SKU-0169,116,0,17,65.0
2026-05-10,SKU-0169,92,0,17,65.0
2026-05-17,SKU-0169,77,0,17,65.0
2026-05-24,SKU-0169,53,143,17,65.0
2026-05-31,SKU-0169,108,0,17,65.0
2026-06-07,SKU-0169,94,0,17,65.0
2026-06-14,SKU-0169,70,0,17,65.0
2026-06-21,SKU-0169,33,154,17,65.0
2026-06-28,SKU-0169,141,0,17,65.0
2026-07-05,SKU-0169,106,0,17,65.0
2026-07-12,SKU-0169,72,0,17,65.0
2026-07-19,SKU-0169,146,0,17,65.0
2026-07-26,SKU-0169,114,0,17,65.0
2026-08-02,SKU-0169,71,0,17,65.0
2026-08-09,SKU-0169,193,0,17,65.0
2026-08-16,SKU-0169,160,0,17,65.0
2026-08-23,SKU-0169,128,0,17,65.0
2026-08-30,SKU-0169,107,0,17,65.0
2024-05-12,SKU-0170,45,102,5,48.0
2024-05-19,SKU-0170,17,118,5,48.0
2024-05-26,SKU-0170,0,110,5,48.0
2024-06-02,SKU-0170,0,147,5,48.0
2024-06-09,SKU-0170,0,150,5,48.0
2024-06-16,SKU-0170,0,141,5,48.0
2024-06-23,SKU-0170,130,0,5,48.0
2024-06-30,SKU-0170,93,0,5,48.0
2024-07-07,SKU-0170,68,0,5,48.0
2024-07-14,SKU-0170,40,131,5,48.0
2024-07-21,SKU-0170,113,0,5,48.0
2024-07-28,SKU-0170,95,0,5,48.0
2024-08-04,SKU-0170,77,0,5,48.0
2024-08-11,SKU-0170,51,0,5,48.0
2024-08-18,SKU-0170,28,137,5,48.0
2024-08-25,SKU-0170,0,139,5,48.0
2024-09-01,SKU-0170,108,0,5,48.0
2024-09-08,SKU-0170,80,0,5,48.0
2024-09-15,SKU-0170,48,0,5,48.0
2024-09-22,SKU-0170,81,0,5,48.0
2024-09-29,SKU-0170,49,0,5,48.0
2024-10-06,SKU-0170,110,0,5,48.0
2024-10-13,SKU-0170,67,0,5,48.0
2024-10-20,SKU-0170,26,202,5,48.0
2024-10-27,SKU-0170,0,199,5,48.0
2024-11-03,SKU-0170,190,0,5,48.0
2024-11-10,SKU-0170,140,0,5,48.0
2024-11-17,SKU-0170,110,0,5,48.0
2024-11-24,SKU-0170,82,0,5,48.0
2024-12-01,SKU-0170,69,0,5,48.0
2024-12-08,SKU-0170,34,127,5,48.0
2024-12-15,SKU-0170,132,0,5,48.0
2024-12-22,SKU-0170,88,0,5,48.0
2024-12-29,SKU-0170,192,0,5,48.0
2025-01-05,SKU-0170,154,0,5,48.0
2025-01-12,SKU-0170,106,0,5,48.0
2025-01-19,SKU-0170,68,0,5,48.0
2025-01-26,SKU-0170,48,0,5,48.0
2025-02-02,SKU-0170,17,157,5,48.0
2025-02-09,SKU-0170,0,151,5,48.0
2025-02-16,SKU-0170,92,0,5,48.0
2025-02-23,SKU-0170,64,0,5,48.0
2025-03-02,SKU-0170,40,138,5,48.0
2025-03-09,SKU-0170,14,139,5,48.0
2025-03-16,SKU-0170,98,0,5,48.0
2025-03-23,SKU-0170,81,0,5,48.0
2025-03-30,SKU-0170,51,0,5,48.0
2025-04-06,SKU-0170,105,0,5,48.0
2025-04-13,SKU-0170,85,0,5,48.0
2025-04-20,SKU-0170,61,0,5,48.0
2025-04-27,SKU-0170,132,0,5,48.0
2025-05-04,SKU-0170,100,0,5,48.0
2025-05-11,SKU-0170,81,0,5,48.0
2025-05-18,SKU-0170,49,0,5,48.0
2025-05-25,SKU-0170,36,113,5,48.0
2025-06-01,SKU-0170,105,0,5,48.0
2025-06-08,SKU-0170,88,0,5,48.0
2025-06-15,SKU-0170,67,0,5,48.0
2025-06-22,SKU-0170,122,0,5,48.0
2025-06-29,SKU-0170,95,0,5,48.0
2025-07-06,SKU-0170,67,0,5,48.0
2025-07-13,SKU-0170,121,0,5,48.0
2025-07-20,SKU-0170,101,0,5,48.0
2025-07-27,SKU-0170,82,0,5,48.0
2025-08-03,SKU-0170,59,0,5,48.0
2025-08-10,SKU-0170,110,0,5,48.0
2025-08-17,SKU-0170,99,0,5,48.0
2025-08-24,SKU-0170,66,0,5,48.0
2025-08-31,SKU-0170,30,134,5,48.0
2025-09-07,SKU-0170,7,137,5,48.0
2025-09-14,SKU-0170,122,0,5,48.0
2025-09-21,SKU-0170,104,0,5,48.0
2025-09-28,SKU-0170,79,0,5,48.0
2025-10-05,SKU-0170,44,136,5,48.0
2025-10-12,SKU-0170,139,0,5,48.0
2025-10-19,SKU-0170,98,0,5,48.0
2025-10-26,SKU-0170,60,0,5,48.0
2025-11-02,SKU-0170,1,215,5,48.0
2025-11-09,SKU-0170,187,0,5,48.0
2025-11-16,SKU-0170,148,0,5,48.0
2025-11-23,SKU-0170,121,0,5,48.0
2025-11-30,SKU-0170,94,0,5,48.0
2025-12-07,SKU-0170,69,0,5,48.0
2025-12-14,SKU-0170,43,161,5,48.0
2025-12-21,SKU-0170,98,0,5,48.0
2025-12-28,SKU-0170,46,169,5,48.0
2026-01-04,SKU-0170,18,181,5,48.0
2026-01-11,SKU-0170,0,175,5,48.0
2026-01-18,SKU-0170,123,0,5,48.0
2026-01-25,SKU-0170,100,0,5,48.0
2026-02-01,SKU-0170,81,0,5,48.0
2026-02-08,SKU-0170,59,0,5,48.0
2026-02-15,SKU-0170,28,121,5,48.0
2026-02-22,SKU-0170,109,0,5,48.0
2026-03-01,SKU-0170,89,0,5,48.0
2026-03-08,SKU-0170,74,0,5,48.0
2026-03-15,SKU-0170,54,0,5,48.0
2026-03-22,SKU-0170,92,0,5,48.0
2026-03-29,SKU-0170,66,0,5,48.0
2026-04-05,SKU-0170,52,0,5,48.0
2026-04-12,SKU-0170,26,125,5,48.0
2026-04-19,SKU-0170,20,117,5,48.0
2026-04-26,SKU-0170,2,107,5,48.0
2026-05-03,SKU-0170,95,0,5,48.0
2026-05-10,SKU-0170,90,0,5,48.0
2026-05-17,SKU-0170,68,0,5,48.0
2026-05-24,SKU-0170,57,0,5,48.0
2026-05-31,SKU-0170,48,0,5,48.0
2026-06-07,SKU-0170,133,0,5,48.0
2026-06-14,SKU-0170,127,0,5,48.0
2026-06-21,SKU-0170,102,0,5,48.0
2026-06-28,SKU-0170,79,0,5,48.0
2026-07-05,SKU-0170,58,0,5,48.0
2026-07-12,SKU-0170,43,114,5,48.0
2026-07-19,SKU-0170,18,115,5,48.0
2026-07-26,SKU-0170,62,0,5,48.0
2026-08-02,SKU-0170,143,0,5,48.0
2026-08-09,SKU-0170,129,0,5,48.0
2026-08-16,SKU-0170,102,0,5,48.0
2026-08-23,SKU-0170,82,0,5,48.0
2026-08-30,SKU-0170,69,0,5,48.0
2024-10-27,SKU-0171,32,0,6,19.0
2024-11-03,SKU-0171,74,0,6,19.0
2024-11-10,SKU-0171,36,0,6,19.0
2024-11-17,SKU-0171,77,0,6,19.0
2024-11-24,SKU-0171,59,0,6,19.0
2024-12-01,SKU-0171,41,0,6,19.0
2024-12-08,SKU-0171,20,0,6,19.0
2024-12-15,SKU-0171,0,120,6,19.0
2024-12-22,SKU-0171,102,0,6,19.0
2024-12-29,SKU-0171,70,0,6,19.0
2025-01-05,SKU-0171,49,0,6,19.0
2025-01-12,SKU-0171,22,0,6,19.0
2025-01-19,SKU-0171,0,145,6,19.0
2025-01-26,SKU-0171,0,127,6,19.0
2025-02-02,SKU-0171,0,124,6,19.0
2025-02-09,SKU-0171,112,0,6,19.0
2025-02-16,SKU-0171,84,0,6,19.0
2025-02-23,SKU-0171,66,0,6,19.0
2025-03-02,SKU-0171,50,0,6,19.0
2025-03-09,SKU-0171,32,0,6,19.0
2025-03-16,SKU-0171,88,0,6,19.0
2025-03-23,SKU-0171,40,0,6,19.0
2025-03-30,SKU-0171,149,0,6,19.0
2025-04-06,SKU-0171,114,0,6,19.0
2025-04-13,SKU-0171,99,0,6,19.0
2025-04-20,SKU-0171,72,0,6,19.0
2025-04-27,SKU-0171,34,0,6,19.0
2025-05-04,SKU-0171,122,0,6,19.0
2025-05-11,SKU-0171,94,0,6,19.0
2025-05-18,SKU-0171,45,0,6,19.0
2025-05-25,SKU-0171,160,0,6,19.0
2025-06-01,SKU-0171,137,0,6,19.0
2025-06-08,SKU-0171,106,0,6,19.0
2025-06-15,SKU-0171,77,0,6,19.0
2025-06-22,SKU-0171,45,0,6,19.0
2025-06-29,SKU-0171,139,0,6,19.0
2025-07-06,SKU-0171,115,0,6,19.0
2025-07-13,SKU-0171,77,0,6,19.0
2025-07-20,SKU-0171,54,0,6,19.0
2025-07-27,SKU-0171,26,0,6,19.0
2025-08-03,SKU-0171,0,144,6,19.0
2025-08-10,SKU-0171,0,148,6,19.0
2025-08-17,SKU-0171,0,150,6,19.0
2025-08-24,SKU-0171,104,0,6,19.0
2025-08-31,SKU-0171,87,0,6,19.0
2025-09-07,SKU-0171,73,0,6,19.0
2025-09-14,SKU-0171,43,0,6,19.0
2025-09-21,SKU-0171,21,0,6,19.0
2025-09-28,SKU-0171,90,0,6,19.0
2025-10-05,SKU-0171,60,0,6,19.0
2025-10-12,SKU-0171,37,0,6,19.0
2025-10-19,SKU-0171,0,153,6,19.0
2025-10-26,SKU-0171,89,0,6,19.0
2025-11-02,SKU-0171,64,0,6,19.0
2025-11-09,SKU-0171,33,0,6,19.0
2025-11-16,SKU-0171,0,163,6,19.0
2025-11-23,SKU-0171,0,155,6,19.0
2025-11-30,SKU-0171,0,141,6,19.0
2025-12-07,SKU-0171,75,0,6,19.0
2025-12-14,SKU-0171,55,0,6,19.0
2025-12-21,SKU-0171,26,0,6,19.0
2025-12-28,SKU-0171,120,0,6,19.0
2026-01-04,SKU-0171,104,0,6,19.0
2026-01-11,SKU-0171,87,0,6,19.0
2026-01-18,SKU-0171,78,0,6,19.0
2026-01-25,SKU-0171,49,0,6,19.0
2026-02-01,SKU-0171,25,0,6,19.0
2026-02-08,SKU-0171,74,0,6,19.0
2026-02-15,SKU-0171,43,0,6,19.0
2026-02-22,SKU-0171,14,137,6,19.0
2026-03-01,SKU-0171,109,0,6,19.0
2026-03-08,SKU-0171,81,0,6,19.0
2026-03-15,SKU-0171,59,0,6,19.0
2026-03-22,SKU-0171,39,0,6,19.0
2026-03-29,SKU-0171,19,0,6,19.0
2026-04-05,SKU-0171,1,97,6,19.0
2026-04-12,SKU-0171,66,0,6,19.0
2026-04-19,SKU-0171,31,0,6,19.0
2026-04-26,SKU-0171,0,147,6,19.0
2026-05-03,SKU-0171,157,0,6,19.0
2026-05-10,SKU-0171,128,0,6,19.0
2026-05-17,SKU-0171,102,0,6,19.0
2026-05-24,SKU-0171,75,0,6,19.0
2026-05-31,SKU-0171,49,0,6,19.0
2026-06-07,SKU-0171,154,0,6,19.0
2026-06-14,SKU-0171,127,0,6,19.0
2026-06-21,SKU-0171,75,0,6,19.0
2026-06-28,SKU-0171,24,0,6,19.0
2026-07-05,SKU-0171,119,0,6,19.0
2026-07-12,SKU-0171,82,0,6,19.0
2026-07-19,SKU-0171,44,0,6,19.0
2026-07-26,SKU-0171,20,0,6,19.0
2026-08-02,SKU-0171,0,148,6,19.0
2026-08-09,SKU-0171,132,0,6,19.0
2026-08-16,SKU-0171,109,0,6,19.0
2026-08-23,SKU-0171,91,0,6,19.0
2026-08-30,SKU-0171,70,0,6,19.0
2024-09-22,SKU-0172,48,0,6,47.0
2024-09-29,SKU-0172,36,104,6,47.0
2024-10-06,SKU-0172,101,0,6,47.0
2024-10-13,SKU-0172,91,0,6,47.0
2024-10-20,SKU-0172,72,0,6,47.0
2024-10-27,SKU-0172,62,0,6,47.0
2024-11-03,SKU-0172,117,0,6,47.0
2024-11-10,SKU-0172,98,0,6,47.0
2024-11-17,SKU-0172,87,0,6,47.0
2024-11-24,SKU-0172,76,0,6,47.0
2024-12-01,SKU-0172,71,0,6,47.0
2024-12-08,SKU-0172,62,0,6,47.0
2024-12-15,SKU-0172,51,0,6,47.0
2024-12-22,SKU-0172,30,101,6,47.0
2024-12-29,SKU-0172,94,0,6,47.0
2025-01-05,SKU-0172,87,0,6,47.0
2025-01-12,SKU-0172,74,0,6,47.0
2025-01-19,SKU-0172,62,0,6,47.0
2025-01-26,SKU-0172,48,0,6,47.0
2025-02-02,SKU-0172,105,0,6,47.0
2025-02-09,SKU-0172,83,0,6,47.0
2025-02-16,SKU-0172,67,0,6,47.0
2025-02-23,SKU-0172,60,0,6,47.0
2025-03-02,SKU-0172,48,0,6,47.0
2025-03-09,SKU-0172,97,0,6,47.0
2025-03-16,SKU-0172,85,0,6,47.0
2025-03-23,SKU-0172,80,0,6,47.0
2025-03-30,SKU-0172,66,0,6,47.0
2025-04-06,SKU-0172,48,0,6,47.0
2025-04-13,SKU-0172,113,0,6,47.0
2025-04-20,SKU-0172,98,0,6,47.0
2025-04-27,SKU-0172,86,0,6,47.0
2025-05-04,SKU-0172,77,0,6,47.0
2025-05-11,SKU-0172,61,0,6,47.0
2025-05-18,SKU-0172,47,0,6,47.0
2025-05-25,SKU-0172,109,0,6,47.0
2025-06-01,SKU-0172,96,0,6,47.0
2025-06-08,SKU-0172,85,0,6,47.0
2025-06-15,SKU-0172,71,0,6,47.0
2025-06-22,SKU-0172,41,117,6,47.0
2025-06-29,SKU-0172,11,109,6,47.0
2025-07-06,SKU-0172,106,0,6,47.0
2025-07-13,SKU-0172,91,0,6,47.0
2025-07-20,SKU-0172,80,0,6,47.0
2025-07-27,SKU-0172,68,0,6,47.0
2025-08-03,SKU-0172,57,0,6,47.0
2025-08-10,SKU-0172,47,0,6,47.0
2025-08-17,SKU-0172,143,0,6,47.0
2025-08-24,SKU-0172,128,0,6,47.0
2025-08-31,SKU-0172,113,0,6,47.0
2025-09-07,SKU-0172,106,0,6,47.0
2025-09-14,SKU-0172,90,0,6,47.0
2025-09-21,SKU-0172,69,0,6,47.0
2025-09-28,SKU-0172,63,0,6,47.0
2025-10-05,SKU-0172,118,0,6,47.0
2025-10-12,SKU-0172,105,0,6,47.0
2025-10-19,SKU-0172,92,0,6,47.0
2025-10-26,SKU-0172,76,0,6,47.0
2025-11-02,SKU-0172,62,0,6,47.0
2025-11-09,SKU-0172,37,100,6,47.0
2025-11-16,SKU-0172,17,115,6,47.0
2025-11-23,SKU-0172,9,110,6,47.0
2025-11-30,SKU-0172,3,119,6,47.0
2025-12-07,SKU-0172,102,0,6,47.0
2025-12-14,SKU-0172,90,0,6,47.0
2025-12-21,SKU-0172,80,0,6,47.0
2025-12-28,SKU-0172,57,0,6,47.0
2026-01-04,SKU-0172,47,0,6,47.0
2026-01-11,SKU-0172,133,0,6,47.0
2026-01-18,SKU-0172,121,0,6,47.0
2026-01-25,SKU-0172,114,0,6,47.0
2026-02-01,SKU-0172,103,0,6,47.0
2026-02-08,SKU-0172,93,0,6,47.0
2026-02-15,SKU-0172,81,0,6,47.0
2026-02-22,SKU-0172,62,0,6,47.0
2026-03-01,SKU-0172,55,0,6,47.0
2026-03-08,SKU-0172,99,0,6,47.0
2026-03-15,SKU-0172,83,0,6,47.0
2026-03-22,SKU-0172,79,0,6,47.0
2026-03-29,SKU-0172,70,0,6,47.0
2026-04-05,SKU-0172,55,0,6,47.0
2026-04-12,SKU-0172,37,121,6,47.0
2026-04-19,SKU-0172,90,0,6,47.0
2026-04-26,SKU-0172,68,0,6,47.0
2026-05-03,SKU-0172,52,0,6,47.0
2026-05-10,SKU-0172,121,0,6,47.0
2026-05-17,SKU-0172,111,0,6,47.0
2026-05-24,SKU-0172,97,0,6,47.0
2026-05-31,SKU-0172,83,0,6,47.0
2026-06-07,SKU-0172,59,0,6,47.0
2026-06-14,SKU-0172,40,104,6,47.0
2026-06-21,SKU-0172,19,118,6,47.0
2026-06-28,SKU-0172,79,0,6,47.0
2026-07-05,SKU-0172,57,0,6,47.0
2026-07-12,SKU-0172,42,114,6,47.0
2026-07-19,SKU-0172,115,0,6,47.0
2026-07-26,SKU-0172,99,0,6,47.0
2026-08-02,SKU-0172,90,0,6,47.0
2026-08-09,SKU-0172,80,0,6,47.0
2026-08-16,SKU-0172,59,0,6,47.0
2026-08-23,SKU-0172,43,100,6,47.0
2026-08-30,SKU-0172,27,110,6,47.0
2024-09-22,SKU-0173,69,0,10,31.0
2024-09-29,SKU-0173,44,0,10,31.0
2024-10-06,SKU-0173,106,0,10,31.0
2024-10-13,SKU-0173,52,0,10,31.0
2024-10-20,SKU-0173,0,240,10,31.0
2024-10-27,SKU-0173,224,0,10,31.0
2024-11-03,SKU-0173,173,0,10,31.0
2024-11-10,SKU-0173,116,0,10,31.0
2024-11-17,SKU-0173,44,0,10,31.0
2024-11-24,SKU-0173,165,0,10,31.0
2024-12-01,SKU-0173,120,0,10,31.0
2024-12-08,SKU-0173,91,0,10,31.0
2024-12-15,SKU-0173,50,0,10,31.0
2024-12-22,SKU-0173,0,189,10,31.0
2024-12-29,SKU-0173,0,241,10,31.0
2025-01-05,SKU-0173,193,0,10,31.0
2025-01-12,SKU-0173,126,0,10,31.0
2025-01-19,SKU-0173,73,0,10,31.0
2025-01-26,SKU-0173,178,0,10,31.0
2025-02-02,SKU-0173,133,0,10,31.0
2025-02-09,SKU-0173,79,0,10,31.0
2025-02-16,SKU-0173,28,236,10,31.0
2025-02-23,SKU-0173,0,231,10,31.0
2025-03-02,SKU-0173,0,241,10,31.0
2025-03-09,SKU-0173,124,0,10,31.0
2025-03-16,SKU-0173,81,0,10,31.0
2025-03-23,SKU-0173,152,0,10,31.0
2025-03-30,SKU-0173,92,0,10,31.0
2025-04-06,SKU-0173,56,0,10,31.0
2025-04-13,SKU-0173,251,0,10,31.0
2025-04-20,SKU-0173,195,0,10,31.0
2025-04-27,SKU-0173,144,0,10,31.0
2025-05-04,SKU-0173,100,0,10,31.0
2025-05-11,SKU-0173,53,0,10,31.0
2025-05-18,SKU-0173,7,209,10,31.0
2025-05-25,SKU-0173,141,0,10,31.0
2025-06-01,SKU-0173,87,0,10,31.0
2025-06-08,SKU-0173,37,0,10,31.0
2025-06-15,SKU-0173,0,242,10,31.0
2025-06-22,SKU-0173,226,0,10,31.0
2025-06-29,SKU-0173,163,0,10,31.0
2025-07-06,SKU-0173,120,0,10,31.0
2025-07-13,SKU-0173,82,0,10,31.0
2025-07-20,SKU-0173,44,0,10,31.0
2025-07-27,SKU-0173,115,0,10,31.0
2025-08-03,SKU-0173,76,0,10,31.0
2025-08-10,SKU-0173,32,0,10,31.0
2025-08-17,SKU-0173,133,0,10,31.0
2025-08-24,SKU-0173,81,0,10,31.0
2025-08-31,SKU-0173,31,0,10,31.0
2025-09-07,SKU-0173,197,0,10,31.0
2025-09-14,SKU-0173,151,0,10,31.0
2025-09-21,SKU-0173,112,0,10,31.0
2025-09-28,SKU-0173,72,0,10,31.0
2025-10-05,SKU-0173,0,211,10,31.0
2025-10-12,SKU-0173,154,0,10,31.0
2025-10-19,SKU-0173,88,0,10,31.0
2025-10-26,SKU-0173,339,0,10,31.0
2025-11-02,SKU-0173,262,0,10,31.0
2025-11-09,SKU-0173,198,0,10,31.0
2025-11-16,SKU-0173,130,0,10,31.0
2025-11-23,SKU-0173,73,0,10,31.0
2025-11-30,SKU-0173,19,276,10,31.0
2025-12-07,SKU-0173,0,263,10,31.0
2025-12-14,SKU-0173,170,0,10,31.0
2025-12-21,SKU-0173,65,0,10,31.0
2025-12-28,SKU-0173,0,343,10,31.0
2026-01-04,SKU-0173,197,0,10,31.0
2026-01-11,SKU-0173,137,0,10,31.0
2026-01-18,SKU-0173,91,0,10,31.0
2026-01-25,SKU-0173,41,0,10,31.0
2026-02-01,SKU-0173,0,240,10,31.0
2026-02-08,SKU-0173,155,0,10,31.0
2026-02-15,SKU-0173,86,0,10,31.0
2026-02-22,SKU-0173,15,308,10,31.0
2026-03-01,SKU-0173,0,323,10,31.0
2026-03-08,SKU-0173,315,0,10,31.0
2026-03-15,SKU-0173,250,0,10,31.0
2026-03-22,SKU-0173,172,0,10,31.0
2026-03-29,SKU-0173,112,0,10,31.0
2026-04-05,SKU-0173,63,0,10,31.0
2026-04-12,SKU-0173,213,0,10,31.0
2026-04-19,SKU-0173,151,0,10,31.0
2026-04-26,SKU-0173,89,0,10,31.0
2026-05-03,SKU-0173,12,273,10,31.0
2026-05-10,SKU-0173,0,285,10,31.0
2026-05-17,SKU-0173,300,0,10,31.0
2026-05-24,SKU-0173,246,0,10,31.0
2026-05-31,SKU-0173,184,0,10,31.0
2026-06-07,SKU-0173,127,0,10,31.0
2026-06-14,SKU-0173,73,0,10,31.0
2026-06-21,SKU-0173,276,0,10,31.0
2026-06-28,SKU-0173,186,0,10,31.0
2026-07-05,SKU-0173,123,0,10,31.0
2026-07-12,SKU-0173,82,0,10,31.0
2026-07-19,SKU-0173,244,0,10,31.0
2026-07-26,SKU-0173,196,0,10,31.0
2026-08-02,SKU-0173,148,0,10,31.0
2026-08-09,SKU-0173,96,0,10,31.0
2026-08-16,SKU-0173,56,0,10,31.0
2026-08-23,SKU-0173,237,0,10,31.0
2026-08-30,SKU-0173,188,0,10,31.0
2025-01-05,SKU-0174,0,500,26,72.0
2025-01-12,SKU-0174,270,0,26,72.0
2025-01-19,SKU-0174,156,0,26,72.0
2025-01-26,SKU-0174,394,0,26,72.0
2025-02-02,SKU-0174,306,0,26,72.0
2025-02-09,SKU-0174,206,0,26,72.0
2025-02-16,SKU-0174,95,0,26,72.0
2025-02-23,SKU-0174,404,0,26,72.0
2025-03-02,SKU-0174,301,0,26,72.0
2025-03-09,SKU-0174,221,0,26,72.0
2025-03-16,SKU-0174,136,0,26,72.0
2025-03-23,SKU-0174,33,400,26,72.0
2025-03-30,SKU-0174,0,408,26,72.0
2025-04-06,SKU-0174,0,395,26,72.0
2025-04-13,SKU-0174,0,388,26,72.0
2025-04-20,SKU-0174,249,0,26,72.0
2025-04-27,SKU-0174,168,0,26,72.0
2025-05-04,SKU-0174,101,0,26,72.0
2025-05-11,SKU-0174,204,0,26,72.0
2025-05-18,SKU-0174,122,0,26,72.0
2025-05-25,SKU-0174,221,0,26,72.0
2025-06-01,SKU-0174,137,0,26,72.0
2025-06-08,SKU-0174,258,0,26,72.0
2025-06-15,SKU-0174,171,0,26,72.0
2025-06-22,SKU-0174,68,371,26,72.0
2025-06-29,SKU-0174,241,0,26,72.0
2025-07-06,SKU-0174,172,0,26,72.0
2025-07-13,SKU-0174,100,0,26,72.0
2025-07-20,SKU-0174,350,0,26,72.0
2025-07-27,SKU-0174,276,0,26,72.0
2025-08-03,SKU-0174,204,0,26,72.0
2025-08-10,SKU-0174,128,0,26,72.0
2025-08-17,SKU-0174,223,0,26,72.0
2025-08-24,SKU-0174,159,0,26,72.0
2025-08-31,SKU-0174,85,0,26,72.0
2025-09-07,SKU-0174,321,0,26,72.0
2025-09-14,SKU-0174,239,0,26,72.0
2025-09-21,SKU-0174,127,0,26,72.0
2025-09-28,SKU-0174,249,0,26,72.0
2025-10-05,SKU-0174,136,0,26,72.0
2025-10-12,SKU-0174,259,0,26,72.0
2025-10-19,SKU-0174,127,0,26,72.0
2025-10-26,SKU-0174,502,0,26,72.0
2025-11-02,SKU-0174,369,0,26,72.0
2025-11-09,SKU-0174,217,0,26,72.0
2025-11-16,SKU-0174,75,0,26,72.0
2025-11-23,SKU-0174,0,540,26,72.0
2025-11-30,SKU-0174,269,0,26,72.0
2025-12-07,SKU-0174,154,0,26,72.0
2025-12-14,SKU-0174,68,416,26,72.0
2025-12-21,SKU-0174,360,0,26,72.0
2025-12-28,SKU-0174,203,0,26,72.0
2026-01-04,SKU-0174,86,0,26,72.0
2026-01-11,SKU-0174,0,591,26,72.0
2026-01-18,SKU-0174,284,0,26,72.0
2026-01-25,SKU-0174,172,0,26,72.0
2026-02-01,SKU-0174,63,460,26,72.0
2026-02-08,SKU-0174,223,0,26,72.0
2026-02-15,SKU-0174,141,0,26,72.0
2026-02-22,SKU-0174,45,397,26,72.0
2026-03-01,SKU-0174,229,0,26,72.0
2026-03-08,SKU-0174,127,0,26,72.0
2026-03-15,SKU-0174,322,0,26,72.0
2026-03-22,SKU-0174,231,0,26,72.0
2026-03-29,SKU-0174,142,0,26,72.0
2026-04-05,SKU-0174,299,0,26,72.0
2026-04-12,SKU-0174,231,0,26,72.0
2026-04-19,SKU-0174,141,0,26,72.0
2026-04-26,SKU-0174,51,397,26,72.0
2026-05-03,SKU-0174,360,0,26,72.0
2026-05-10,SKU-0174,285,0,26,72.0
2026-05-17,SKU-0174,200,0,26,72.0
2026-05-24,SKU-0174,133,0,26,72.0
2026-05-31,SKU-0174,68,321,26,72.0
2026-06-07,SKU-0174,7,302,26,72.0
2026-06-14,SKU-0174,169,0,26,72.0
2026-06-21,SKU-0174,398,0,26,72.0
2026-06-28,SKU-0174,296,0,26,72.0
2026-07-05,SKU-0174,209,0,26,
2026-07-12,SKU-0174,131,0,26,72.0
2026-07-19,SKU-0174,328,0,26,72.0
2026-07-26,SKU-0174,248,0,26,72.0
2026-08-02,SKU-0174,168,0,26,72.0
2026-08-09,SKU-0174,81,0,26,72.0
2026-08-16,SKU-0174,189,0,26,72.0
2026-08-23,SKU-0174,109,0,26,72.0
2026-08-30,SKU-0174,302,0,26,72.0
2024-06-30,SKU-0175,56,0,24,29.0
2024-07-07,SKU-0175,15,262,24,29.0
2024-07-14,SKU-0175,242,0,24,29.0
2024-07-21,SKU-0175,205,0,24,29.0
2024-07-28,SKU-0175,148,0,24,29.0
2024-08-04,SKU-0175,122,0,24,29.0
2024-08-11,SKU-0175,73,0,24,29.0
2024-08-18,SKU-0175,33,0,24,29.0
2024-08-25,SKU-0175,131,0,24,29.0
2024-09-01,SKU-0175,76,0,24,29.0
2024-09-08,SKU-0175,135,0,24,29.0
2024-09-15,SKU-0175,94,0,24,29.0
2024-09-22,SKU-0175,48,0,24,29.0
2024-09-29,SKU-0175,139,0,24,29.0
2024-10-06,SKU-0175,51,0,24,29.0
2024-10-13,SKU-0175,0,310,24,29.0
2024-10-20,SKU-0175,347,0,24,29.0
2024-10-27,SKU-0175,251,0,24,29.0
2024-11-03,SKU-0175,141,0,24,29.0
2024-11-10,SKU-0175,0,509,24,29.0
2024-11-17,SKU-0175,402,0,24,29.0
2024-11-24,SKU-0175,357,0,24,29.0
2024-12-01,SKU-0175,310,0,24,29.0
2024-12-08,SKU-0175,252,0,24,29.0
2024-12-15,SKU-0175,197,0,24,29.0
2024-12-22,SKU-0175,57,0,24,29.0
2024-12-29,SKU-0175,0,428,24,29.0
2025-01-05,SKU-0175,371,0,24,29.0
2025-01-12,SKU-0175,305,0,24,29.0
2025-01-19,SKU-0175,238,0,24,29.0
2025-01-26,SKU-0175,181,0,24,29.0
2025-02-02,SKU-0175,121,0,24,29.0
2025-02-09,SKU-0175,56,0,24,29.0
2025-02-16,SKU-0175,281,0,24,29.0
2025-02-23,SKU-0175,215,0,24,29.0
2025-03-02,SKU-0175,156,0,24,29.0
2025-03-09,SKU-0175,107,0,24,29.0
2025-03-16,SKU-0175,44,0,24,29.0
2025-03-23,SKU-0175,299,0,24,29.0
2025-03-30,SKU-0175,251,0,24,29.0
2025-04-06,SKU-0175,181,0,24,29.0
2025-04-13,SKU-0175,125,0,24,29.0
2025-04-20,SKU-0175,76,0,24,29.0
2025-04-27,SKU-0175,33,0,24,29.0
2025-05-04,SKU-0175,211,0,24,29.0
2025-05-11,SKU-0175,150,0,24,29.0
2025-05-18,SKU-0175,97,0,24,29.0
2025-05-25,SKU-0175,58,0,24,29.0
2025-06-01,SKU-0175,175,0,24,29.0
2025-06-08,SKU-0175,129,0,24,29.0
2025-06-15,SKU-0175,83,0,24,29.0
2025-06-22,SKU-0175,217,0,24,
2025-06-29,SKU-0175,137,0,24,29.0
2025-07-06,SKU-0175,77,0,24,29.0
2025-07-13,SKU-0175,27,283,24,29.0
2025-07-20,SKU-0175,254,0,24,29.0
2025-07-27,SKU-0175,207,0,24,29.0
2025-08-03,SKU-0175,155,0,24,29.0
2025-08-10,SKU-0175,108,0,24,29.0
2025-08-17,SKU-0175,67,0,24,29.0
2025-08-24,SKU-0175,19,231,24,29.0
2025-08-31,SKU-0175,175,0,24,29.0
2025-09-07,SKU-0175,125,0,24,29.0
2025-09-14,SKU-0175,84,0,24,29.0
2025-09-21,SKU-0175,238,0,24,29.0
2025-09-28,SKU-0175,173,0,24,29.0
2025-10-05,SKU-0175,89,0,24,29.0
2025-10-12,SKU-0175,305,0,24,29.0
2025-10-19,SKU-0175,201,0,24,29.0
2025-10-26,SKU-0175,114,0,24,29.0
2025-11-02,SKU-0175,381,0,24,29.0
2025-11-09,SKU-0175,255,0,24,29.0
2025-11-16,SKU-0175,155,0,24,29.0
2025-11-23,SKU-0175,88,0,24,29.0
2025-11-30,SKU-0175,31,0,24,29.0
2025-12-07,SKU-0175,0,322,24,29.0
2025-12-14,SKU-0175,213,0,24,29.0
2025-12-21,SKU-0175,89,0,24,29.0
2025-12-28,SKU-0175,365,0,24,29.0
2026-01-04,SKU-0175,271,0,24,29.0
2026-01-11,SKU-0175,185,0,24,29.0
2026-01-18,SKU-0175,112,0,24,29.0
2026-01-25,SKU-0175,44,0,24,29.0
2026-02-01,SKU-0175,0,316,24,29.0
2026-02-08,SKU-0175,201,0,24,29.0
2026-02-15,SKU-0175,141,0,24,29.0
2026-02-22,SKU-0175,76,0,24,29.0
2026-03-01,SKU-0175,270,0,24,29.0
2026-03-08,SKU-0175,222,0,24,29.0
2026-03-15,SKU-0175,136,0,24,29.0
2026-03-22,SKU-0175,72,0,24,29.0
2026-03-29,SKU-0175,9,287,24,29.0
2026-04-05,SKU-0175,0,287,24,29.0
2026-04-12,SKU-0175,211,0,24,29.0
2026-04-19,SKU-0175,146,0,24,29.0
2026-04-26,SKU-0175,93,0,24,29.0
2026-05-03,SKU-0175,45,0,24,29.0
2026-05-10,SKU-0175,0,236,24,29.0
2026-05-17,SKU-0175,232,0,24,29.0
2026-05-24,SKU-0175,179,0,24,29.0
2026-05-31,SKU-0175,119,0,24,29.0
2026-06-07,SKU-0175,74,0,24,29.0
2026-06-14,SKU-0175,7,254,24,29.0
2026-06-21,SKU-0175,147,0,24,29.0
2026-06-28,SKU-0175,58,0,24,29.0
2026-07-05,SKU-0175,228,0,24,29.0
2026-07-12,SKU-0175,184,0,24,29.0
2026-07-19,SKU-0175,141,0,24,29.0
2026-07-26,SKU-0175,99,0,24,29.0
2026-08-02,SKU-0175,38,0,24,29.0
2026-08-09,SKU-0175,148,0,24,29.0
2026-08-16,SKU-0175,106,0,24,29.0
2026-08-23,SKU-0175,36,0,24,29.0
2026-08-30,SKU-0175,159,0,24,29.0
2025-02-23,SKU-0176,55,0,5,22.0
2025-03-02,SKU-0176,48,0,5,22.0
2025-03-09,SKU-0176,35,0,5,22.0
2025-03-16,SKU-0176,76,0,5,22.0
2025-03-23,SKU-0176,65,0,5,22.0
2025-03-30,SKU-0176,48,0,5,22.0
2025-04-06,SKU-0176,42,0,5,22.0
2025-04-13,SKU-0176,35,0,5,22.0
2025-04-20,SKU-0176,24,0,5,22.0
2025-04-27,SKU-0176,10,75,5,22.0
2025-05-04,SKU-0176,56,0,5,22.0
2025-05-11,SKU-0176,52,0,5,22.0
2025-05-18,SKU-0176,45,0,5,22.0
2025-05-25,SKU-0176,44,0,5,22.0
2025-06-01,SKU-0176,41,0,5,22.0
2025-06-08,SKU-0176,36,0,5,22.0
2025-06-15,SKU-0176,27,0,5,22.0
2025-06-22,SKU-0176,17,76,5,22.0
2025-06-29,SKU-0176,76,0,5,22.0
2025-07-06,SKU-0176,65,0,5,22.0
2025-07-13,SKU-0176,58,0,5,22.0
2025-07-20,SKU-0176,53,0,5,22.0
2025-07-27,SKU-0176,42,0,5,22.0
2025-08-03,SKU-0176,31,0,5,22.0
2025-08-10,SKU-0176,28,0,5,22.0
2025-08-17,SKU-0176,25,0,5,22.0
2025-08-24,SKU-0176,13,66,5,22.0
2025-08-31,SKU-0176,1,73,5,22.0
2025-09-07,SKU-0176,50,0,5,22.0
2025-09-14,SKU-0176,39,0,5,22.0
2025-09-21,SKU-0176,22,0,5,22.0
2025-09-28,SKU-0176,45,0,5,22.0
2025-10-05,SKU-0176,27,0,5,22.0
2025-10-12,SKU-0176,69,0,5,22.0
2025-10-19,SKU-0176,55,0,5,22.0
2025-10-26,SKU-0176,41,0,5,22.0
2025-11-02,SKU-0176,11,117,5,22.0
2025-11-09,SKU-0176,100,0,5,22.0
2025-11-16,SKU-0176,81,0,5,22.0
2025-11-23,SKU-0176,62,0,5,22.0
2025-11-30,SKU-0176,55,0,5,
2025-12-07,SKU-0176,31,0,5,22.0
2025-12-14,SKU-0176,17,88,5,22.0
2025-12-21,SKU-0176,65,0,5,22.0
2025-12-28,SKU-0176,51,0,5,22.0
2026-01-04,SKU-0176,36,0,5,22.0
2026-01-11,SKU-0176,29,0,5,22.0
2026-01-18,SKU-0176,100,0,5,22.0
2026-01-25,SKU-0176,88,0,5,22.0
2026-02-01,SKU-0176,73,0,5,22.0
2026-02-08,SKU-0176,61,0,5,22.0
2026-02-15,SKU-0176,50,0,5,22.0
2026-02-22,SKU-0176,47,0,5,22.0
2026-03-01,SKU-0176,32,0,5,22.0
2026-03-08,SKU-0176,23,0,5,22.0
2026-03-15,SKU-0176,7,66,5,22.0
2026-03-22,SKU-0176,81,0,5,22.0
2026-03-29,SKU-0176,73,0,5,22.0
2026-04-05,SKU-0176,60,0,5,22.0
2026-04-12,SKU-0176,51,0,5,22.0
2026-04-19,SKU-0176,38,0,5,22.0
2026-04-26,SKU-0176,28,0,5,22.0
2026-05-03,SKU-0176,89,0,5,22.0
2026-05-10,SKU-0176,77,0,5,22.0
2026-05-17,SKU-0176,66,0,5,22.0
2026-05-24,SKU-0176,52,0,5,22.0
2026-05-31,SKU-0176,39,0,5,22.0
2026-06-07,SKU-0176,31,0,5,22.0
2026-06-14,SKU-0176,29,0,5,22.0
2026-06-21,SKU-0176,16,53,5,22.0
2026-06-28,SKU-0176,49,0,5,22.0
2026-07-05,SKU-0176,42,0,5,22.0
2026-07-12,SKU-0176,35,0,5,22.0
2026-07-19,SKU-0176,26,0,5,22.0
2026-07-26,SKU-0176,22,0,5,22.0
2026-08-02,SKU-0176,51,0,5,22.0
2026-08-09,SKU-0176,41,0,5,22.0
2026-08-16,SKU-0176,29,0,5,22.0
2026-08-23,SKU-0176,27,0,5,22.0
2026-08-30,SKU-0176,23,0,5,22.0
2024-05-05,SKU-0177,128,0,18,18.0
2024-05-12,SKU-0177,101,0,18,18.0
2024-05-19,SKU-0177,76,0,18,18.0
2024-05-26,SKU-0177,56,0,18,18.0
2024-06-02,SKU-0177,40,0,18,18.0
2024-06-09,SKU-0177,18,0,18,18.0
2024-06-16,SKU-0177,0,122,18,18.0
2024-06-23,SKU-0177,88,0,18,18.0
2024-06-30,SKU-0177,43,0,18,18.0
2024-07-07,SKU-0177,27,0,18,18.0
2024-07-14,SKU-0177,5,155,18,18.0
2024-07-21,SKU-0177,137,0,18,18.0
2024-07-28,SKU-0177,120,0,18,18.0
2024-08-04,SKU-0177,95,0,18,18.0
2024-08-11,SKU-0177,81,0,18,18.0
2024-08-18,SKU-0177,63,0,18,18.0
2024-08-25,SKU-0177,39,0,18,18.0
2024-09-01,SKU-0177,20,0,18,18.0
2024-09-08,SKU-0177,0,119,18,18.0
2024-09-15,SKU-0177,136,0,18,18.0
2024-09-22,SKU-0177,119,0,18,18.0
2024-09-29,SKU-0177,95,0,18,18.0
2024-10-06,SKU-0177,48,0,18,18.0
2024-10-13,SKU-0177,9,161,18,18.0
2024-10-20,SKU-0177,0,167,18,18.0
2024-10-27,SKU-0177,133,0,18,18.0
2024-11-03,SKU-0177,85,0,18,18.0
2024-11-10,SKU-0177,51,0,18,18.0
2024-11-17,SKU-0177,18,0,18,18.0
2024-11-24,SKU-0177,128,0,18,18.0
2024-12-01,SKU-0177,97,0,18,18.0
2024-12-08,SKU-0177,67,0,18,18.0
2024-12-15,SKU-0177,40,0,18,18.0
2024-12-22,SKU-0177,113,0,18,18.0
2024-12-29,SKU-0177,73,0,18,18.0
2025-01-05,SKU-0177,44,0,18,18.0
2025-01-12,SKU-0177,26,0,18,18.0
2025-01-19,SKU-0177,0,160,18,18.0
2025-01-26,SKU-0177,115,0,18,18.0
2025-02-02,SKU-0177,87,0,18,18.0
2025-02-09,SKU-0177,58,0,18,18.0
2025-02-16,SKU-0177,16,155,18,18.0
2025-02-23,SKU-0177,86,0,18,18.0
2025-03-02,SKU-0177,62,0,18,18.0
2025-03-09,SKU-0177,40,0,18,18.0
2025-03-16,SKU-0177,17,146,18,18.0
2025-03-23,SKU-0177,0,138,18,18.0
2025-03-30,SKU-0177,0,146,18,18.0
2025-04-06,SKU-0177,0,154,18,18.0
2025-04-13,SKU-0177,0,125,18,18.0
2025-04-20,SKU-0177,0,128,18,18.0
2025-04-27,SKU-0177,134,0,18,18.0
2025-05-04,SKU-0177,117,0,18,18.0
2025-05-11,SKU-0177,95,0,18,18.0
2025-05-18,SKU-0177,74,0,18,18.0
2025-05-25,SKU-0177,45,0,18,18.0
2025-06-01,SKU-0177,19,0,18,18.0
2025-06-08,SKU-0177,115,0,18,18.0
2025-06-15,SKU-0177,90,0,18,18.0
2025-06-22,SKU-0177,46,0,18,18.0
2025-06-29,SKU-0177,23,0,18,18.0
2025-07-06,SKU-0177,0,138,18,18.0
2025-07-13,SKU-0177,139,0,18,18.0
2025-07-20,SKU-0177,109,0,18,18.0
2025-07-27,SKU-0177,90,0,18,18.0
2025-08-03,SKU-0177,65,0,18,18.0
2025-08-10,SKU-0177,36,0,18,18.0
2025-08-17,SKU-0177,6,151,18,18.0
2025-08-24,SKU-0177,97,0,18,18.0
2025-08-31,SKU-0177,73,0,18,18.0
2025-09-07,SKU-0177,41,0,18,18.0
2025-09-14,SKU-0177,3,131,18,18.0
2025-09-21,SKU-0177,0,155,18,18.0
2025-09-28,SKU-0177,0,156,18,18.0
2025-10-05,SKU-0177,151,0,18,18.0
2025-10-12,SKU-0177,101,0,18,18.0
2025-10-19,SKU-0177,59,0,18,18.0
2025-10-26,SKU-0177,13,208,18,18.0
2025-11-02,SKU-0177,230,0,18,18.0
2025-11-09,SKU-0177,180,0,18,18.0
2025-11-16,SKU-0177,124,0,18,18.0
2025-11-23,SKU-0177,98,0,18,18.0
2025-11-30,SKU-0177,60,0,18,18.0
2025-12-07,SKU-0177,27,0,18,18.0
2025-12-14,SKU-0177,5,155,18,18.0
2025-12-21,SKU-0177,0,180,18,18.0
2025-12-28,SKU-0177,142,0,18,18.0
2026-01-04,SKU-0177,97,0,18,18.0
2026-01-11,SKU-0177,56,0,18,18.0
2026-01-18,SKU-0177,22,0,18,18.0
2026-01-25,SKU-0177,0,174,18,18.0
2026-02-01,SKU-0177,0,154,18,18.0
2026-02-08,SKU-0177,0,168,18,18.0
2026-02-15,SKU-0177,0,137,18,18.0
2026-02-22,SKU-0177,126,0,18,18.0
2026-03-01,SKU-0177,88,0,18,18.0
2026-03-08,SKU-0177,48,0,18,18.0
2026-03-15,SKU-0177,19,0,18,18.0
2026-03-22,SKU-0177,0,171,18,18.0
2026-03-29,SKU-0177,74,0,18,18.0
2026-04-05,SKU-0177,56,0,18,18.0
2026-04-12,SKU-0177,30,0,18,18.0
2026-04-19,SKU-0177,2,129,18,18.0
2026-04-26,SKU-0177,131,0,18,18.0
2026-05-03,SKU-0177,104,0,18,18.0
2026-05-10,SKU-0177,80,0,18,18.0
2026-05-17,SKU-0177,60,0,18,18.0
2026-05-24,SKU-0177,32,0,18,18.0
2026-05-31,SKU-0177,84,0,18,18.0
2026-06-07,SKU-0177,50,0,18,18.0
2026-06-14,SKU-0177,29,0,18,18.0
2026-06-21,SKU-0177,77,0,18,18.0
2026-06-28,SKU-0177,31,0,18,18.0
2026-07-05,SKU-0177,0,151,18,18.0
2026-07-12,SKU-0177,94,0,18,18.0
2026-07-19,SKU-0177,77,0,18,18.0
2026-07-26,SKU-0177,51,0,18,18.0
2026-08-02,SKU-0177,21,0,18,18.0
2026-08-09,SKU-0177,82,0,18,18.0
2026-08-16,SKU-0177,55,0,18,18.0
2026-08-23,SKU-0177,17,152,18,18.0
2026-08-30,SKU-0177,85,0,18,18.0
2024-11-24,SKU-0178,113,0,18,30.0
2024-12-01,SKU-0178,104,0,18,30.0
2024-12-08,SKU-0178,87,0,18,30.0
2024-12-15,SKU-0178,80,0,18,30.0
2024-12-22,SKU-0178,63,0,18,30.0
2024-12-29,SKU-0178,43,0,18,30.0
2025-01-05,SKU-0178,37,0,18,30.0
2025-01-12,SKU-0178,102,0,18,30.0
2025-01-19,SKU-0178,96,0,18,30.0
2025-01-26,SKU-0178,89,0,18,30.0
2025-02-02,SKU-0178,81,0,18,30.0
2025-02-09,SKU-0178,66,0,18,30.0
2025-02-16,SKU-0178,61,0,18,30.0
2025-02-23,SKU-0178,48,0,18,30.0
2025-03-02,SKU-0178,45,0,18,30.0
2025-03-09,SKU-0178,43,0,18,30.0
2025-03-16,SKU-0178,40,0,18,30.0
2025-03-23,SKU-0178,29,76,18,30.0
2025-03-30,SKU-0178,22,87,18,30.0
2025-04-06,SKU-0178,58,0,18,30.0
2025-04-13,SKU-0178,62,0,18,30.0
2025-04-20,SKU-0178,62,0,18,30.0
2025-04-27,SKU-0178,61,0,18,30.0
2025-05-04,SKU-0178,59,0,18,30.0
2025-05-11,SKU-0178,57,0,18,30.0
2025-05-18,SKU-0178,51,0,18,30.0
2025-05-25,SKU-0178,44,0,18,30.0
2025-06-01,SKU-0178,45,0,18,30.0
2025-06-08,SKU-0178,33,0,18,30.0
2025-06-15,SKU-0178,65,0,18,30.0
2025-06-22,SKU-0178,60,0,18,30.0
2025-06-29,SKU-0178,54,0,18,30.0
2025-07-06,SKU-0178,52,0,18,30.0
2025-07-13,SKU-0178,46,0,18,30.0
2025-07-20,SKU-0178,42,0,18,30.0
2025-07-27,SKU-0178,34,0,18,30.0
2025-08-03,SKU-0178,19,63,18,30.0
2025-08-10,SKU-0178,63,0,18,30.0
2025-08-17,SKU-0178,60,0,18,30.0
2025-08-24,SKU-0178,48,0,18,30.0
2025-08-31,SKU-0178,34,0,18,30.0
2025-09-07,SKU-0178,23,76,18,30.0
2025-09-14,SKU-0178,71,0,18,30.0
2025-09-21,SKU-0178,56,0,18,30.0
2025-09-28,SKU-0178,55,0,18,30.0
2025-10-05,SKU-0178,44,0,18,30.0
2025-10-12,SKU-0178,70,0,18,30.0
2025-10-19,SKU-0178,51,0,18,30.0
2025-10-26,SKU-0178,138,0,18,30.0
2025-11-02,SKU-0178,118,0,18,30.0
2025-11-09,SKU-0178,107,0,18,30.0
2025-11-16,SKU-0178,85,0,18,30.0
2025-11-23,SKU-0178,69,0,18,30.0
2025-11-30,SKU-0178,60,0,18,30.0
2025-12-07,SKU-0178,52,0,18,30.0
2025-12-14,SKU-0178,34,0,18,30.0
2025-12-21,SKU-0178,82,0,18,30.0
2025-12-28,SKU-0178,61,0,18,30.0
2026-01-04,SKU-0178,53,0,18,30.0
2026-01-11,SKU-0178,38,0,18,30.0
2026-01-18,SKU-0178,22,93,18,30.0
2026-01-25,SKU-0178,69,0,18,30.0
2026-02-01,SKU-0178,59,0,18,30.0
2026-02-08,SKU-0178,43,0,18,30.0
2026-02-15,SKU-0178,37,0,18,30.0
2026-02-22,SKU-0178,87,0,18,30.0
2026-03-01,SKU-0178,77,0,18,30.0
2026-03-08,SKU-0178,66,0,18,30.0
2026-03-15,SKU-0178,58,0,18,30.0
2026-03-22,SKU-0178,55,0,18,30.0
2026-03-29,SKU-0178,46,0,18,30.0
2026-04-05,SKU-0178,31,0,18,30.0
2026-04-12,SKU-0178,22,84,18,30.0
2026-04-19,SKU-0178,17,61,18,30.0
2026-04-26,SKU-0178,3,63,18,30.0
2026-05-03,SKU-0178,0,68,18,30.0
2026-05-10,SKU-0178,42,0,18,30.0
2026-05-17,SKU-0178,32,0,18,30.0
2026-05-24,SKU-0178,18,87,18,30.0
2026-05-31,SKU-0178,4,81,18,30.0
2026-06-07,SKU-0178,71,0,18,30.0
2026-06-14,SKU-0178,58,0,18,30.0
2026-06-21,SKU-0178,52,0,18,30.0
2026-06-28,SKU-0178,33,0,18,30.0
2026-07-05,SKU-0178,87,0,18,30.0
2026-07-12,SKU-0178,78,0,18,30.0
2026-07-19,SKU-0178,67,0,18,30.0
2026-07-26,SKU-0178,54,0,18,30.0
2026-08-02,SKU-0178,48,0,18,30.0
2026-08-09,SKU-0178,35,0,18,30.0
2026-08-16,SKU-0178,16,65,18,30.0
2026-08-23,SKU-0178,86,0,18,30.0
2026-08-30,SKU-0178,82,0,18,30.0
2024-02-04,SKU-0179,213,0,18,72.0
2024-02-11,SKU-0179,180,0,18,72.0
2024-02-18,SKU-0179,144,0,18,72.0
2024-02-25,SKU-0179,102,0,18,72.0
2024-03-03,SKU-0179,65,162,18,72.0
2024-03-10,SKU-0179,40,154,18,72.0
2024-03-17,SKU-0179,3,168,18,72.0
2024-03-24,SKU-0179,0,151,18,72.0
2024-03-31,SKU-0179,148,0,18,72.0
2024-04-07,SKU-0179,104,0,18,72.0
2024-04-14,SKU-0179,68,176,18,72.0
2024-04-21,SKU-0179,155,0,18,72.0
2024-04-28,SKU-0179,116,0,18,72.0
2024-05-05,SKU-0179,96,0,18,72.0
2024-05-12,SKU-0179,139,0,18,72.0
2024-05-19,SKU-0179,107,0,18,72.0
2024-05-26,SKU-0179,86,0,18,72.0
2024-06-02,SKU-0179,68,158,18,72.0
2024-06-09,SKU-0179,40,157,18,72.0
2024-06-16,SKU-0179,167,0,18,72.0
2024-06-23,SKU-0179,122,0,18,72.0
2024-06-30,SKU-0179,87,0,18,72.0
2024-07-07,SKU-0179,54,179,18,72.0
2024-07-14,SKU-0179,29,161,18,72.0
2024-07-21,SKU-0179,135,0,18,72.0
2024-07-28,SKU-0179,113,0,18,72.0
2024-08-04,SKU-0179,90,0,18,72.0
2024-08-11,SKU-0179,210,0,18,72.0
2024-08-18,SKU-0179,178,0,18,72.0
2024-08-25,SKU-0179,163,0,18,72.0
2024-09-01,SKU-0179,142,0,18,72.0
2024-09-08,SKU-0179,114,0,18,72.0
2024-09-15,SKU-0179,93,0,18,72.0
2024-09-22,SKU-0179,65,152,18,72.0
2024-09-29,SKU-0179,163,0,18,72.0
2024-10-06,SKU-0179,115,0,18,72.0
2024-10-13,SKU-0179,157,0,18,72.0
2024-10-20,SKU-0179,116,0,18,72.0
2024-10-27,SKU-0179,74,0,18,72.0
2024-11-03,SKU-0179,37,194,18,72.0
2024-11-10,SKU-0179,170,0,18,72.0
2024-11-17,SKU-0179,133,0,18,72.0
2024-11-24,SKU-0179,105,0,18,72.0
2024-12-01,SKU-0179,67,193,18,72.0
2024-12-08,SKU-0179,160,0,18,72.0
2024-12-15,SKU-0179,128,0,18,72.0
2024-12-22,SKU-0179,204,0,18,72.0
2024-12-29,SKU-0179,146,0,18,72.0
2025-01-05,SKU-0179,115,0,18,72.0
2025-01-12,SKU-0179,88,0,18,72.0
2025-01-19,SKU-0179,234,0,18,72.0
2025-01-26,SKU-0179,200,0,18,72.0
2025-02-02,SKU-0179,154,0,18,72.0
2025-02-09,SKU-0179,108,0,18,72.0
2025-02-16,SKU-0179,79,0,18,72.0
2025-02-23,SKU-0179,35,183,18,72.0
2025-03-02,SKU-0179,0,190,18,72.0
2025-03-09,SKU-0179,147,0,18,72.0
2025-03-16,SKU-0179,110,0,18,72.0
2025-03-23,SKU-0179,168,0,18,72.0
2025-03-30,SKU-0179,135,0,18,72.0
2025-04-06,SKU-0179,104,0,18,72.0
2025-04-13,SKU-0179,70,162,18,72.0
2025-04-20,SKU-0179,137,0,18,72.0
2025-04-27,SKU-0179,103,0,18,72.0
2025-05-04,SKU-0179,63,175,18,72.0
2025-05-11,SKU-0179,18,195,18,72.0
2025-05-18,SKU-0179,135,0,18,72.0
2025-05-25,SKU-0179,110,0,18,72.0
2025-06-01,SKU-0179,79,0,18,72.0
2025-06-08,SKU-0179,197,0,18,72.0
2025-06-15,SKU-0179,164,0,18,72.0
2025-06-22,SKU-0179,97,0,18,72.0
2025-06-29,SKU-0179,46,217,18,72.0
2025-07-06,SKU-0179,10,202,18,72.0
2025-07-13,SKU-0179,136,0,18,72.0
2025-07-20,SKU-0179,110,0,18,72.0
2025-07-27,SKU-0179,90,0,18,72.0
2025-08-03,SKU-0179,228,0,18,72.0
2025-08-10,SKU-0179,210,0,18,72.0
2025-08-17,SKU-0179,190,0,18,72.0
2025-08-24,SKU-0179,156,0,18,72.0
2025-08-31,SKU-0179,126,0,18,72.0
2025-09-07,SKU-0179,104,0,18,72.0
2025-09-14,SKU-0179,73,0,18,72.0
2025-09-21,SKU-0179,44,149,18,72.0
2025-09-28,SKU-0179,16,156,18,72.0
2025-10-05,SKU-0179,0,165,18,72.0
2025-10-12,SKU-0179,0,176,18,72.0
2025-10-19,SKU-0179,190,0,18,72.0
2025-10-26,SKU-0179,142,0,18,72.0
2025-11-02,SKU-0179,98,0,18,72.0
2025-11-09,SKU-0179,164,0,18,72.0
2025-11-16,SKU-0179,120,0,18,72.0
2025-11-23,SKU-0179,82,0,18,72.0
2025-11-30,SKU-0179,231,0,18,72.0
2025-12-07,SKU-0179,193,0,18,72.0
2025-12-14,SKU-0179,159,0,18,72.0
2025-12-21,SKU-0179,84,0,18,72.0
2025-12-28,SKU-0179,205,0,18,72.0
2026-01-04,SKU-0179,160,0,18,72.0
2026-01-11,SKU-0179,129,0,18,72.0
2026-01-18,SKU-0179,110,0,18,72.0
2026-01-25,SKU-0179,159,0,18,72.0
2026-02-01,SKU-0179,101,0,18,72.0
2026-02-08,SKU-0179,60,204,18,72.0
2026-02-15,SKU-0179,223,0,18,72.0
2026-02-22,SKU-0179,178,0,18,72.0
2026-03-01,SKU-0179,129,0,18,72.0
2026-03-08,SKU-0179,93,0,18,72.0
2026-03-15,SKU-0179,210,0,18,72.0
2026-03-22,SKU-0179,165,0,18,72.0
2026-03-29,SKU-0179,125,0,18,72.0
2026-04-05,SKU-0179,73,0,18,72.0
2026-04-12,SKU-0179,28,223,18,72.0
2026-04-19,SKU-0179,0,218,18,72.0
2026-04-26,SKU-0179,0,216,18,72.0
2026-05-03,SKU-0179,192,0,18,72.0
2026-05-10,SKU-0179,145,0,18,72.0
2026-05-17,SKU-0179,112,0,18,72.0
2026-05-24,SKU-0179,87,0,18,72.0
2026-05-31,SKU-0179,217,0,18,72.0
2026-06-07,SKU-0179,186,0,18,72.0
2026-06-14,SKU-0179,140,0,18,72.0
2026-06-21,SKU-0179,87,0,18,72.0
2026-06-28,SKU-0179,218,0,18,72.0
2026-07-05,SKU-0179,172,0,18,72.0
2026-07-12,SKU-0179,125,0,18,72.0
2026-07-19,SKU-0179,103,0,18,72.0
2026-07-26,SKU-0179,69,172,18,72.0
2026-08-02,SKU-0179,173,0,18,72.0
2026-08-09,SKU-0179,148,0,18,72.0
2026-08-16,SKU-0179,122,0,18,72.0
2026-08-23,SKU-0179,91,0,18,72.0
2026-08-30,SKU-0179,165,0,18,72.0
2024-02-11,SKU-0180,84,0,25,73.0
2024-02-18,SKU-0180,51,167,25,73.0
2024-02-25,SKU-0180,14,192,25,73.0
2024-03-03,SKU-0180,109,0,25,73.0
2024-03-10,SKU-0180,164,0,25,73.0
2024-03-17,SKU-0180,130,0,25,73.0
2024-03-24,SKU-0180,82,0,25,73.0
2024-03-31,SKU-0180,183,0,25,73.0
2024-04-07,SKU-0180,153,0,25,73.0
2024-04-14,SKU-0180,113,0,25,73.0
2024-04-21,SKU-0180,60,197,25,73.0
2024-04-28,SKU-0180,18,206,25,73.0
2024-05-05,SKU-0180,0,205,25,73.0
2024-05-12,SKU-0180,119,0,25,73.0
2024-05-19,SKU-0180,85,0,25,73.0
2024-05-26,SKU-0180,174,0,25,73.0
2024-06-02,SKU-0180,145,0,25,73.0
2024-06-09,SKU-0180,100,0,25,73.0
2024-06-16,SKU-0180,161,0,25,73.0
2024-06-23,SKU-0180,110,0,25,73.0
2024-06-30,SKU-0180,62,212,25,73.0
2024-07-07,SKU-0180,200,0,25,73.0
2024-07-14,SKU-0180,174,0,25,73.0
2024-07-21,SKU-0180,134,0,25,73.0
2024-07-28,SKU-0180,93,0,25,73.0
2024-08-04,SKU-0180,52,185,25,73.0
2024-08-11,SKU-0180,36,177,25,73.0
2024-08-18,SKU-0180,4,160,25,73.0
2024-08-25,SKU-0180,144,0,25,73.0
2024-09-01,SKU-0180,115,0,25,73.0
2024-09-08,SKU-0180,98,0,25,73.0
2024-09-15,SKU-0180,74,0,25,73.0
2024-09-22,SKU-0180,135,0,25,73.0
2024-09-29,SKU-0180,109,0,25,73.0
2024-10-06,SKU-0180,81,0,25,73.0
2024-10-13,SKU-0180,43,149,25,73.0
2024-10-20,SKU-0180,124,0,25,73.0
2024-10-27,SKU-0180,75,0,25,73.0
2024-11-03,SKU-0180,39,196,25,73.0
2024-11-10,SKU-0180,3,193,25,73.0
2024-11-17,SKU-0180,130,0,25,73.0
2024-11-24,SKU-0180,117,0,25,73.0
2024-12-01,SKU-0180,94,0,25,73.0
2024-12-08,SKU-0180,172,0,25,73.0
2024-12-15,SKU-0180,162,0,25,73.0
2024-12-22,SKU-0180,116,0,25,73.0
2024-12-29,SKU-0180,78,0,25,73.0
2025-01-05,SKU-0180,129,0,25,73.0
2025-01-12,SKU-0180,98,0,25,73.0
2025-01-19,SKU-0180,74,0,25,73.0
2025-01-26,SKU-0180,31,175,25,73.0
2025-02-02,SKU-0180,8,173,25,73.0
2025-02-09,SKU-0180,121,0,25,73.0
2025-02-16,SKU-0180,94,0,25,73.0
2025-02-23,SKU-0180,56,174,25,73.0
2025-03-02,SKU-0180,167,0,25,73.0
2025-03-09,SKU-0180,132,0,25,73.0
2025-03-16,SKU-0180,100,0,25,73.0
2025-03-23,SKU-0180,154,0,25,73.0
2025-03-30,SKU-0180,111,0,25,73.0
2025-04-06,SKU-0180,74,0,25,73.0
2025-04-13,SKU-0180,40,167,25,73.0
2025-04-20,SKU-0180,105,0,25,73.0
2025-04-27,SKU-0180,227,0,25,73.0
2025-05-04,SKU-0180,206,0,25,73.0
2025-05-11,SKU-0180,159,0,25,73.0
2025-05-18,SKU-0180,132,0,25,73.0
2025-05-25,SKU-0180,96,0,25,73.0
2025-06-01,SKU-0180,62,167,25,73.0
2025-06-08,SKU-0180,180,0,25,73.0
2025-06-15,SKU-0180,146,0,25,73.0
2025-06-22,SKU-0180,103,0,25,73.0
2025-06-29,SKU-0180,48,177,25,73.0
2025-07-06,SKU-0180,168,0,25,73.0
2025-07-13,SKU-0180,132,0,25,73.0
2025-07-20,SKU-0180,86,0,25,73.0
2025-07-27,SKU-0180,153,0,25,73.0
2025-08-03,SKU-0180,126,0,25,73.0
2025-08-10,SKU-0180,88,0,25,73.0
2025-08-17,SKU-0180,192,0,25,73.0
2025-08-24,SKU-0180,173,0,25,73.0
2025-08-31,SKU-0180,144,0,25,73.0
2025-09-07,SKU-0180,128,0,25,73.0
2025-09-14,SKU-0180,92,0,25,73.0
2025-09-21,SKU-0180,61,172,25,73.0
2025-09-28,SKU-0180,163,0,25,73.0
2025-10-05,SKU-0180,126,0,25,73.0
2025-10-12,SKU-0180,97,0,25,73.0
2025-10-19,SKU-0180,218,0,25,73.0
2025-10-26,SKU-0180,164,0,25,73.0
2025-11-02,SKU-0180,134,0,25,73.0
2025-11-09,SKU-0180,92,0,25,73.0
2025-11-16,SKU-0180,213,0,25,73.0
2025-11-23,SKU-0180,185,0,25,73.0
2025-11-30,SKU-0180,162,0,25,73.0
2025-12-07,SKU-0180,135,0,25,73.0
2025-12-14,SKU-0180,120,0,25,73.0
2025-12-21,SKU-0180,88,0,25,73.0
2025-12-28,SKU-0180,51,170,25,73.0
2026-01-04,SKU-0180,12,152,25,73.0
2026-01-11,SKU-0180,136,0,25,73.0
2026-01-18,SKU-0180,108,0,25,73.0
2026-01-25,SKU-0180,68,164,25,73.0
2026-02-01,SKU-0180,166,0,25,73.0
2026-02-08,SKU-0180,138,0,25,73.0
2026-02-15,SKU-0180,95,0,25,73.0
2026-02-22,SKU-0180,169,0,25,73.0
2026-03-01,SKU-0180,129,0,25,73.0
2026-03-08,SKU-0180,92,0,25,73.0
2026-03-15,SKU-0180,60,180,25,73.0
2026-03-22,SKU-0180,117,0,25,73.0
2026-03-29,SKU-0180,79,0,25,73.0
2026-04-05,SKU-0180,43,168,25,
2026-04-12,SKU-0180,104,0,25,73.0
2026-04-19,SKU-0180,74,0,25,73.0
2026-04-26,SKU-0180,152,0,25,73.0
2026-05-03,SKU-0180,117,0,25,73.0
2026-05-10,SKU-0180,82,0,25,73.0
2026-05-17,SKU-0180,132,0,25,73.0
2026-05-24,SKU-0180,95,0,25,73.0
2026-05-31,SKU-0180,191,0,25,73.0
2026-06-07,SKU-0180,166,0,25,73.0
2026-06-14,SKU-0180,144,0,25,73.0
2026-06-21,SKU-0180,103,0,25,73.0
2026-06-28,SKU-0180,183,0,25,73.0
2026-07-05,SKU-0180,157,0,25,73.0
2026-07-12,SKU-0180,126,0,25,73.0
2026-07-19,SKU-0180,102,0,25,73.0
2026-07-26,SKU-0180,78,0,25,73.0
2026-08-02,SKU-0180,55,152,25,73.0
2026-08-09,SKU-0180,127,0,25,73.0
2026-08-16,SKU-0180,109,0,25,73.0
2026-08-23,SKU-0180,90,0,25,73.0
2026-08-30,SKU-0180,73,0,25,73.0
2024-04-21,SKU-0001,96,0,19,39.0
